o StarField
v 0.0000000 290.6891983 -272.1005830
v 0.0000000 291.7424661 -272.1005830
v 0.0000000 291.7424661 -271.0473153
v 0.0000000 290.6891983 -271.0473153
v 0.0000000 -267.0530805 267.2290301
v 0.0000000 -266.1994185 267.2290301
v 0.0000000 -266.1994185 268.0826921
v 0.0000000 -267.0530805 268.0826921
v 0.0000000 -139.7026753 -109.7163704
v 0.0000000 -138.7874905 -109.7163704
v 0.0000000 -138.7874905 -108.8011856
v 0.0000000 -139.7026753 -108.8011856
v 0.0000000 -233.9430404 -134.7998795
v 0.0000000 -232.3725422 -134.7998795
v 0.0000000 -232.3725422 -133.2293813
v 0.0000000 -233.9430404 -133.2293813
v 0.0000000 -382.5415787 286.7461549
v 0.0000000 -381.3531721 286.7461549
v 0.0000000 -381.3531721 287.9345615
v 0.0000000 -382.5415787 287.9345615
v 0.0000000 557.3655728 104.1736133
v 0.0000000 557.6212610 104.1736133
v 0.0000000 557.6212610 104.4293014
v 0.0000000 557.3655728 104.4293014
v 0.0000000 -70.8636904 -288.6547893
v 0.0000000 -70.0133518 -288.6547893
v 0.0000000 -70.0133518 -287.8044507
v 0.0000000 -70.8636904 -287.8044507
v 0.0000000 241.0496702 135.2306911
v 0.0000000 241.5288461 135.2306911
v 0.0000000 241.5288461 135.7098669
v 0.0000000 241.0496702 135.7098669
v 0.0000000 458.8760275 -336.4528681
v 0.0000000 459.1654884 -336.4528681
v 0.0000000 459.1654884 -336.1634071
v 0.0000000 458.8760275 -336.1634071
v 0.0000000 -421.1707591 42.2737761
v 0.0000000 -420.8827359 42.2737761
v 0.0000000 -420.8827359 42.5617993
v 0.0000000 -421.1707591 42.5617993
v 0.0000000 -410.1823269 -4.8912792
v 0.0000000 -409.9230637 -4.8912792
v 0.0000000 -409.9230637 -4.6320160
v 0.0000000 -410.1823269 -4.6320160
v 0.0000000 127.4478132 92.8560862
v 0.0000000 129.1110067 92.8560862
v 0.0000000 129.1110067 94.5192797
v 0.0000000 127.4478132 94.5192797
v 0.0000000 395.1554866 -1.7015993
v 0.0000000 395.3981260 -1.7015993
v 0.0000000 395.3981260 -1.4589599
v 0.0000000 395.1554866 -1.4589599
v 0.0000000 511.4175526 -161.9616812
v 0.0000000 511.6575526 -161.9616812
v 0.0000000 511.6575526 -161.7216811
v 0.0000000 511.4175526 -161.7216811
v 0.0000000 -483.7143908 -274.1432778
v 0.0000000 -483.3678342 -274.1432778
v 0.0000000 -483.3678342 -273.7967213
v 0.0000000 -483.7143908 -273.7967213
v 0.0000000 337.4612129 -148.5632102
v 0.0000000 338.5168958 -148.5632102
v 0.0000000 338.5168958 -147.5075273
v 0.0000000 337.4612129 -147.5075273
v 0.0000000 -78.8918559 -5.0339959
v 0.0000000 -78.6482546 -5.0339959
v 0.0000000 -78.6482546 -4.7903947
v 0.0000000 -78.8918559 -4.7903947
v 0.0000000 5.3542737 -179.7892270
v 0.0000000 5.6122343 -179.7892270
v 0.0000000 5.6122343 -179.5312664
v 0.0000000 5.3542737 -179.5312664
v 0.0000000 -463.5805470 -267.6656548
v 0.0000000 -463.2288411 -267.6656548
v 0.0000000 -463.2288411 -267.3139490
v 0.0000000 -463.5805470 -267.3139490
v 0.0000000 304.9811869 233.9834856
v 0.0000000 305.7636283 233.9834856
v 0.0000000 305.7636283 234.7659269
v 0.0000000 304.9811869 234.7659269
v 0.0000000 299.3771888 -168.8462619
v 0.0000000 299.6176047 -168.8462619
v 0.0000000 299.6176047 -168.6058460
v 0.0000000 299.3771888 -168.6058460
v 0.0000000 -587.4117395 -12.9431738
v 0.0000000 -586.7270036 -12.9431738
v 0.0000000 -586.7270036 -12.2584379
v 0.0000000 -587.4117395 -12.2584379
v 0.0000000 548.6745511 -326.8524050
v 0.0000000 548.9287801 -326.8524050
v 0.0000000 548.9287801 -326.5981760
v 0.0000000 548.6745511 -326.5981760
v 0.0000000 -208.2581977 56.4735227
v 0.0000000 -208.0174334 56.4735227
v 0.0000000 -208.0174334 56.7142871
v 0.0000000 -208.2581977 56.7142871
v 0.0000000 429.5117537 -2.9120649
v 0.0000000 429.9318430 -2.9120649
v 0.0000000 429.9318430 -2.4919756
v 0.0000000 429.5117537 -2.4919756
v 0.0000000 -168.3879490 285.5202609
v 0.0000000 -167.0811824 285.5202609
v 0.0000000 -167.0811824 286.8270275
v 0.0000000 -168.3879490 286.8270275
v 0.0000000 371.5122072 100.7542588
v 0.0000000 372.5546344 100.7542588
v 0.0000000 372.5546344 101.7966860
v 0.0000000 371.5122072 101.7966860
v 0.0000000 -463.9193840 89.9802352
v 0.0000000 -463.6786557 89.9802352
v 0.0000000 -463.6786557 90.2209635
v 0.0000000 -463.9193840 90.2209635
v 0.0000000 619.1031899 -220.9098268
v 0.0000000 619.3570287 -220.9098268
v 0.0000000 619.3570287 -220.6559881
v 0.0000000 619.1031899 -220.6559881
v 0.0000000 -441.7429003 -228.6249661
v 0.0000000 -441.4201873 -228.6249661
v 0.0000000 -441.4201873 -228.3022532
v 0.0000000 -441.7429003 -228.3022532
v 0.0000000 256.5581513 -165.9453259
v 0.0000000 257.5315470 -165.9453259
v 0.0000000 257.5315470 -164.9719302
v 0.0000000 256.5581513 -164.9719302
v 0.0000000 93.6600418 35.2369897
v 0.0000000 95.2035790 35.2369897
v 0.0000000 95.2035790 36.7805269
v 0.0000000 93.6600418 36.7805269
v 0.0000000 390.2392763 -61.8409399
v 0.0000000 391.4945299 -61.8409399
v 0.0000000 391.4945299 -60.5856863
v 0.0000000 390.2392763 -60.5856863
v 0.0000000 -267.4253837 -332.8272948
v 0.0000000 -267.1237883 -332.8272948
v 0.0000000 -267.1237883 -332.5256994
v 0.0000000 -267.4253837 -332.5256994
v 0.0000000 -619.3307299 -8.7498344
v 0.0000000 -619.0852879 -8.7498344
v 0.0000000 -619.0852879 -8.5043923
v 0.0000000 -619.3307299 -8.5043923
v 0.0000000 331.4487875 -214.8449421
v 0.0000000 332.7122984 -214.8449421
v 0.0000000 332.7122984 -213.5814311
v 0.0000000 331.4487875 -213.5814311
v 0.0000000 -621.9674439 79.7324159
v 0.0000000 -620.1521094 79.7324159
v 0.0000000 -620.1521094 81.5477503
v 0.0000000 -621.9674439 81.5477503
v 0.0000000 -396.5459988 -24.3192858
v 0.0000000 -395.8937577 -24.3192858
v 0.0000000 -395.8937577 -23.6670447
v 0.0000000 -396.5459988 -23.6670447
v 0.0000000 78.1343200 -107.5769784
v 0.0000000 78.5717294 -107.5769784
v 0.0000000 78.5717294 -107.1395689
v 0.0000000 78.1343200 -107.1395689
v 0.0000000 550.7820366 234.0952887
v 0.0000000 551.3513646 234.0952887
v 0.0000000 551.3513646 234.6646167
v 0.0000000 550.7820366 234.6646167
v 0.0000000 -363.8845450 -261.5718504
v 0.0000000 -363.5564991 -261.5718504
v 0.0000000 -363.5564991 -261.2438045
v 0.0000000 -363.8845450 -261.2438045
v 0.0000000 482.6247940 -116.8505413
v 0.0000000 482.8648145 -116.8505413
v 0.0000000 482.8648145 -116.6105209
v 0.0000000 482.6247940 -116.6105209
v 0.0000000 66.3274874 77.8085405
v 0.0000000 66.5726756 77.8085405
v 0.0000000 66.5726756 78.0537288
v 0.0000000 66.3274874 78.0537288
v 0.0000000 -31.6010647 -127.2480105
v 0.0000000 -31.3496202 -127.2480105
v 0.0000000 -31.3496202 -126.9965661
v 0.0000000 -31.6010647 -126.9965661
v 0.0000000 546.6000491 -93.2442313
v 0.0000000 547.2257299 -93.2442313
v 0.0000000 547.2257299 -92.6185505
v 0.0000000 546.6000491 -92.6185505
v 0.0000000 516.4695149 -342.7407793
v 0.0000000 516.7194888 -342.7407793
v 0.0000000 516.7194888 -342.4908054
v 0.0000000 516.4695149 -342.4908054
v 0.0000000 530.8119838 174.3349663
v 0.0000000 531.0539571 174.3349663
v 0.0000000 531.0539571 174.5769396
v 0.0000000 530.8119838 174.5769396
v 0.0000000 329.6212075 -214.0733609
v 0.0000000 330.8423415 -214.0733609
v 0.0000000 330.8423415 -212.8522269
v 0.0000000 329.6212075 -212.8522269
v 0.0000000 -320.9968365 -135.1075287
v 0.0000000 -320.0239159 -135.1075287
v 0.0000000 -320.0239159 -134.1346081
v 0.0000000 -320.9968365 -134.1346081
v 0.0000000 195.6462649 104.8674556
v 0.0000000 196.3709633 104.8674556
v 0.0000000 196.3709633 105.5921540
v 0.0000000 195.6462649 105.5921540
v 0.0000000 -299.0925394 38.4827539
v 0.0000000 -298.3923006 38.4827539
v 0.0000000 -298.3923006 39.1829926
v 0.0000000 -299.0925394 39.1829926
v 0.0000000 -128.4032232 107.4653478
v 0.0000000 -128.1534462 107.4653478
v 0.0000000 -128.1534462 107.7151248
v 0.0000000 -128.4032232 107.7151248
v 0.0000000 449.6973531 -180.4681024
v 0.0000000 449.9374408 -180.4681024
v 0.0000000 449.9374408 -180.2280147
v 0.0000000 449.6973531 -180.2280147
v 0.0000000 -135.5975074 286.1764685
v 0.0000000 -135.3485767 286.1764685
v 0.0000000 -135.3485767 286.4253991
v 0.0000000 -135.5975074 286.4253991
v 0.0000000 436.7982660 -165.0557074
v 0.0000000 437.0382916 -165.0557074
v 0.0000000 437.0382916 -164.8156818
v 0.0000000 436.7982660 -164.8156818
v 0.0000000 -539.6928116 -158.0443708
v 0.0000000 -539.4527775 -158.0443708
v 0.0000000 -539.4527775 -157.8043367
v 0.0000000 -539.6928116 -157.8043367
v 0.0000000 371.2357079 -12.3362464
v 0.0000000 371.4814793 -12.3362464
v 0.0000000 371.4814793 -12.0904750
v 0.0000000 371.2357079 -12.0904750
v 0.0000000 473.3137411 -71.7899989
v 0.0000000 473.5684227 -71.7899989
v 0.0000000 473.5684227 -71.5353173
v 0.0000000 473.3137411 -71.5353173
v 0.0000000 -494.5107628 -80.4652030
v 0.0000000 -494.2707601 -80.4652030
v 0.0000000 -494.2707601 -80.2252002
v 0.0000000 -494.5107628 -80.2252002
v 0.0000000 344.9983585 -188.9741721
v 0.0000000 345.2430538 -188.9741721
v 0.0000000 345.2430538 -188.7294768
v 0.0000000 344.9983585 -188.7294768
v 0.0000000 555.6498028 238.1966034
v 0.0000000 555.8898061 238.1966034
v 0.0000000 555.8898061 238.4366067
v 0.0000000 555.6498028 238.4366067
v 0.0000000 -493.1444434 -188.5244282
v 0.0000000 -492.4932528 -188.5244282
v 0.0000000 -492.4932528 -187.8732376
v 0.0000000 -493.1444434 -187.8732376
v 0.0000000 445.9993724 72.5087670
v 0.0000000 446.6316444 72.5087670
v 0.0000000 446.6316444 73.1410390
v 0.0000000 445.9993724 73.1410390
v 0.0000000 -506.7802662 -113.2944645
v 0.0000000 -505.1472853 -113.2944645
v 0.0000000 -505.1472853 -111.6614836
v 0.0000000 -506.7802662 -111.6614836
v 0.0000000 159.8779603 -159.0716851
v 0.0000000 160.6726279 -159.0716851
v 0.0000000 160.6726279 -158.2770175
v 0.0000000 159.8779603 -158.2770175
v 0.0000000 32.6844311 -133.8724945
v 0.0000000 32.9477905 -133.8724945
v 0.0000000 32.9477905 -133.6091351
v 0.0000000 32.6844311 -133.6091351
v 0.0000000 -280.2493824 208.1137424
v 0.0000000 -280.0093718 208.1137424
v 0.0000000 -280.0093718 208.3537530
v 0.0000000 -280.2493824 208.3537530
v 0.0000000 609.5626097 323.2822553
v 0.0000000 610.2266299 323.2822553
v 0.0000000 610.2266299 323.9462755
v 0.0000000 609.5626097 323.9462755
v 0.0000000 -290.3926621 -156.4405218
v 0.0000000 -289.7515625 -156.4405218
v 0.0000000 -289.7515625 -155.7994223
v 0.0000000 -290.3926621 -155.7994223
v 0.0000000 -213.9297666 -125.9310063
v 0.0000000 -212.4583597 -125.9310063
v 0.0000000 -212.4583597 -124.4595994
v 0.0000000 -213.9297666 -124.4595994
v 0.0000000 92.5062774 276.2201975
v 0.0000000 92.7466108 276.2201975
v 0.0000000 92.7466108 276.4605310
v 0.0000000 92.5062774 276.4605310
v 0.0000000 -407.9438090 -236.9572553
v 0.0000000 -407.1432751 -236.9572553
v 0.0000000 -407.1432751 -236.1567214
v 0.0000000 -407.9438090 -236.1567214
v 0.0000000 -41.0508216 332.6468824
v 0.0000000 -40.3964033 332.6468824
v 0.0000000 -40.3964033 333.3013008
v 0.0000000 -41.0508216 333.3013008
v 0.0000000 442.9330819 -285.2518754
v 0.0000000 443.5525673 -285.2518754
v 0.0000000 443.5525673 -284.6323901
v 0.0000000 442.9330819 -284.6323901
v 0.0000000 36.7967965 -142.1084268
v 0.0000000 37.8231561 -142.1084268
v 0.0000000 37.8231561 -141.0820672
v 0.0000000 36.7967965 -141.0820672
v 0.0000000 -426.1443059 297.3771381
v 0.0000000 -425.9043059 297.3771381
v 0.0000000 -425.9043059 297.6171381
v 0.0000000 -426.1443059 297.6171381
v 0.0000000 305.7193750 -49.7231835
v 0.0000000 305.9649494 -49.7231835
v 0.0000000 305.9649494 -49.4776091
v 0.0000000 305.7193750 -49.4776091
v 0.0000000 -214.1455158 7.2144019
v 0.0000000 -213.8536474 7.2144019
v 0.0000000 -213.8536474 7.5062703
v 0.0000000 -214.1455158 7.5062703
v 0.0000000 294.5173817 -113.8356675
v 0.0000000 296.3482946 -113.8356675
v 0.0000000 296.3482946 -112.0047547
v 0.0000000 294.5173817 -112.0047547
v 0.0000000 200.1674312 -182.7642640
v 0.0000000 200.6425630 -182.7642640
v 0.0000000 200.6425630 -182.2891322
v 0.0000000 200.1674312 -182.2891322
v 0.0000000 489.7341814 -21.6016931
v 0.0000000 490.0668499 -21.6016931
v 0.0000000 490.0668499 -21.2690246
v 0.0000000 489.7341814 -21.2690246
v 0.0000000 331.8988747 -225.4492158
v 0.0000000 332.1389826 -225.4492158
v 0.0000000 332.1389826 -225.2091080
v 0.0000000 331.8988747 -225.2091080
v 0.0000000 236.8442187 -282.1568359
v 0.0000000 238.4242361 -282.1568359
v 0.0000000 238.4242361 -280.5768186
v 0.0000000 236.8442187 -280.5768186
v 0.0000000 -61.1812253 -194.9554651
v 0.0000000 -60.0967912 -194.9554651
v 0.0000000 -60.0967912 -193.8710310
v 0.0000000 -61.1812253 -193.8710310
v 0.0000000 -369.6557257 48.5753425
v 0.0000000 -369.3541187 48.5753425
v 0.0000000 -369.3541187 48.8769495
v 0.0000000 -369.6557257 48.8769495
v 0.0000000 -7.7846725 123.8022493
v 0.0000000 -7.5340502 123.8022493
v 0.0000000 -7.5340502 124.0528715
v 0.0000000 -7.7846725 124.0528715
v 0.0000000 383.7149465 -221.6452951
v 0.0000000 384.1982999 -221.6452951
v 0.0000000 384.1982999 -221.1619416
v 0.0000000 383.7149465 -221.1619416
v 0.0000000 -623.9404999 29.2503445
v 0.0000000 -623.6729960 29.2503445
v 0.0000000 -623.6729960 29.5178485
v 0.0000000 -623.9404999 29.5178485
v 0.0000000 168.3453076 336.0678895
v 0.0000000 168.5853317 336.0678895
v 0.0000000 168.5853317 336.3079137
v 0.0000000 168.3453076 336.3079137
v 0.0000000 -571.9800400 -232.6553086
v 0.0000000 -570.5840296 -232.6553086
v 0.0000000 -570.5840296 -231.2592982
v 0.0000000 -571.9800400 -231.2592982
v 0.0000000 -247.6666430 207.2384674
v 0.0000000 -247.2639122 207.2384674
v 0.0000000 -247.2639122 207.6411983
v 0.0000000 -247.6666430 207.6411983
v 0.0000000 -330.4511516 120.5558026
v 0.0000000 -330.2111412 120.5558026
v 0.0000000 -330.2111412 120.7958130
v 0.0000000 -330.4511516 120.7958130
v 0.0000000 -133.4182869 267.0270595
v 0.0000000 -132.1109006 267.0270595
v 0.0000000 -132.1109006 268.3344459
v 0.0000000 -133.4182869 268.3344459
v 0.0000000 -12.7667380 -226.6988896
v 0.0000000 -12.4503817 -226.6988896
v 0.0000000 -12.4503817 -226.3825333
v 0.0000000 -12.7667380 -226.3825333
v 0.0000000 140.8185277 47.0674437
v 0.0000000 141.2294217 47.0674437
v 0.0000000 141.2294217 47.4783377
v 0.0000000 140.8185277 47.4783377
v 0.0000000 215.0765950 149.5520297
v 0.0000000 215.3798194 149.5520297
v 0.0000000 215.3798194 149.8552540
v 0.0000000 215.0765950 149.8552540
v 0.0000000 390.1086333 87.6950473
v 0.0000000 390.3504133 87.6950473
v 0.0000000 390.3504133 87.9368273
v 0.0000000 390.1086333 87.9368273
v 0.0000000 -207.6787765 -315.9680705
v 0.0000000 -207.4368079 -315.9680705
v 0.0000000 -207.4368079 -315.7261019
v 0.0000000 -207.6787765 -315.7261019
v 0.0000000 346.5408258 -304.6184403
v 0.0000000 346.7808299 -304.6184403
v 0.0000000 346.7808299 -304.3784363
v 0.0000000 346.5408258 -304.3784363
v 0.0000000 615.4246065 -138.9223697
v 0.0000000 615.8659891 -138.9223697
v 0.0000000 615.8659891 -138.4809871
v 0.0000000 615.4246065 -138.4809871
v 0.0000000 -143.3859393 235.3175991
v 0.0000000 -142.7699497 235.3175991
v 0.0000000 -142.7699497 235.9335887
v 0.0000000 -143.3859393 235.9335887
v 0.0000000 309.5678040 228.2346680
v 0.0000000 310.8552723 228.2346680
v 0.0000000 310.8552723 229.5221363
v 0.0000000 309.5678040 229.5221363
v 0.0000000 -497.2920340 -158.7975603
v 0.0000000 -495.9834697 -158.7975603
v 0.0000000 -495.9834697 -157.4889960
v 0.0000000 -497.2920340 -157.4889960
v 0.0000000 -314.0743815 262.1724156
v 0.0000000 -313.4214966 262.1724156
v 0.0000000 -313.4214966 262.8253005
v 0.0000000 -314.0743815 262.8253005
v 0.0000000 -57.6521373 -91.2931983
v 0.0000000 -57.4118268 -91.2931983
v 0.0000000 -57.4118268 -91.0528878
v 0.0000000 -57.6521373 -91.0528878
v 0.0000000 -347.8162374 -242.0195753
v 0.0000000 -347.5727124 -242.0195753
v 0.0000000 -347.5727124 -241.7760503
v 0.0000000 -347.8162374 -241.7760503
v 0.0000000 516.0467590 104.2543689
v 0.0000000 516.2877191 104.2543689
v 0.0000000 516.2877191 104.4953290
v 0.0000000 516.0467590 104.4953290
v 0.0000000 355.9327744 -33.0578011
v 0.0000000 356.2882503 -33.0578011
v 0.0000000 356.2882503 -32.7023252
v 0.0000000 355.9327744 -32.7023252
v 0.0000000 -388.8585055 -117.0012921
v 0.0000000 -388.5196994 -117.0012921
v 0.0000000 -388.5196994 -116.6624860
v 0.0000000 -388.8585055 -116.6624860
v 0.0000000 -472.7699523 -103.7745693
v 0.0000000 -472.2755414 -103.7745693
v 0.0000000 -472.2755414 -103.2801584
v 0.0000000 -472.7699523 -103.2801584
v 0.0000000 537.3382449 85.1187781
v 0.0000000 537.5823901 85.1187781
v 0.0000000 537.5823901 85.3629232
v 0.0000000 537.3382449 85.3629232
v 0.0000000 148.8825448 -321.3738955
v 0.0000000 149.3673452 -321.3738955
v 0.0000000 149.3673452 -320.8890951
v 0.0000000 148.8825448 -320.8890951
v 0.0000000 459.4371951 -123.3176827
v 0.0000000 460.0119400 -123.3176827
v 0.0000000 460.0119400 -122.7429378
v 0.0000000 459.4371951 -122.7429378
v 0.0000000 350.3712035 283.0925865
v 0.0000000 350.6117115 283.0925865
v 0.0000000 350.6117115 283.3330945
v 0.0000000 350.3712035 283.3330945
v 0.0000000 -214.8872844 179.0481872
v 0.0000000 -213.1827456 179.0481872
v 0.0000000 -213.1827456 180.7527261
v 0.0000000 -214.8872844 180.7527261
v 0.0000000 -270.1053303 325.0882705
v 0.0000000 -268.4780494 325.0882705
v 0.0000000 -268.4780494 326.7155514
v 0.0000000 -270.1053303 326.7155514
v 0.0000000 37.2681419 303.7940621
v 0.0000000 37.5081569 303.7940621
v 0.0000000 37.5081569 304.0340772
v 0.0000000 37.2681419 304.0340772
v 0.0000000 300.3815519 -292.7238795
v 0.0000000 300.9200917 -292.7238795
v 0.0000000 300.9200917 -292.1853397
v 0.0000000 300.3815519 -292.1853397
v 0.0000000 81.9465269 5.4481637
v 0.0000000 82.1866890 5.4481637
v 0.0000000 82.1866890 5.6883258
v 0.0000000 81.9465269 5.6883258
v 0.0000000 -111.3696230 90.1165794
v 0.0000000 -111.1290991 90.1165794
v 0.0000000 -111.1290991 90.3571034
v 0.0000000 -111.3696230 90.3571034
v 0.0000000 -300.4407493 -266.9736624
v 0.0000000 -300.2007192 -266.9736624
v 0.0000000 -300.2007192 -266.7336322
v 0.0000000 -300.4407493 -266.7336322
v 0.0000000 -312.2240164 -23.1755826
v 0.0000000 -311.4123573 -23.1755826
v 0.0000000 -311.4123573 -22.3639236
v 0.0000000 -312.2240164 -22.3639236
v 0.0000000 -46.2123834 -283.6369744
v 0.0000000 -45.9504967 -283.6369744
v 0.0000000 -45.9504967 -283.3750877
v 0.0000000 -46.2123834 -283.3750877
v 0.0000000 -103.4370450 -96.7592160
v 0.0000000 -102.9279917 -96.7592160
v 0.0000000 -102.9279917 -96.2501627
v 0.0000000 -103.4370450 -96.2501627
v 0.0000000 406.0886338 163.2021807
v 0.0000000 406.9918036 163.2021807
v 0.0000000 406.9918036 164.1053506
v 0.0000000 406.0886338 164.1053506
v 0.0000000 -599.4794192 132.5905677
v 0.0000000 -599.1983770 132.5905677
v 0.0000000 -599.1983770 132.8716099
v 0.0000000 -599.4794192 132.8716099
v 0.0000000 -368.4109659 275.5703075
v 0.0000000 -367.8699055 275.5703075
v 0.0000000 -367.8699055 276.1113679
v 0.0000000 -368.4109659 276.1113679
v 0.0000000 -8.9800988 -48.0546281
v 0.0000000 -8.7400174 -48.0546281
v 0.0000000 -8.7400174 -47.8145467
v 0.0000000 -8.9800988 -47.8145467
v 0.0000000 -15.4035222 -95.7198272
v 0.0000000 -14.4104209 -95.7198272
v 0.0000000 -14.4104209 -94.7267260
v 0.0000000 -15.4035222 -94.7267260
v 0.0000000 577.2024630 285.7040413
v 0.0000000 577.4699306 285.7040413
v 0.0000000 577.4699306 285.9715089
v 0.0000000 577.2024630 285.9715089
v 0.0000000 415.0713223 243.9876751
v 0.0000000 416.2168742 243.9876751
v 0.0000000 416.2168742 245.1332270
v 0.0000000 415.0713223 245.1332270
v 0.0000000 19.0127211 64.5703777
v 0.0000000 20.8180820 64.5703777
v 0.0000000 20.8180820 66.3757386
v 0.0000000 19.0127211 66.3757386
v 0.0000000 149.7850395 -258.3588069
v 0.0000000 150.0504448 -258.3588069
v 0.0000000 150.0504448 -258.0934016
v 0.0000000 149.7850395 -258.0934016
v 0.0000000 -300.3379909 -113.7457380
v 0.0000000 -299.5907293 -113.7457380
v 0.0000000 -299.5907293 -112.9984764
v 0.0000000 -300.3379909 -112.9984764
v 0.0000000 -342.5989967 -270.1666673
v 0.0000000 -342.3585626 -270.1666673
v 0.0000000 -342.3585626 -269.9262331
v 0.0000000 -342.5989967 -269.9262331
v 0.0000000 547.6815285 225.5189183
v 0.0000000 548.2197540 225.5189183
v 0.0000000 548.2197540 226.0571438
v 0.0000000 547.6815285 226.0571438
v 0.0000000 -72.7643773 273.5260075
v 0.0000000 -72.5243768 273.5260075
v 0.0000000 -72.5243768 273.7660080
v 0.0000000 -72.7643773 273.7660080
v 0.0000000 -385.5772999 99.9858497
v 0.0000000 -383.8436098 99.9858497
v 0.0000000 -383.8436098 101.7195398
v 0.0000000 -385.5772999 101.7195398
v 0.0000000 318.5050162 275.9094706
v 0.0000000 319.2331848 275.9094706
v 0.0000000 319.2331848 276.6376392
v 0.0000000 318.5050162 276.6376392
v 0.0000000 611.5295801 308.0231952
v 0.0000000 611.7695801 308.0231952
v 0.0000000 611.7695801 308.2631952
v 0.0000000 611.5295801 308.2631952
v 0.0000000 -95.6940303 -337.5559661
v 0.0000000 -95.4451150 -337.5559661
v 0.0000000 -95.4451150 -337.3070508
v 0.0000000 -95.6940303 -337.3070508
v 0.0000000 -11.1221928 -183.3030633
v 0.0000000 -10.8451017 -183.3030633
v 0.0000000 -10.8451017 -183.0259722
v 0.0000000 -11.1221928 -183.0259722
v 0.0000000 57.5436896 335.1624024
v 0.0000000 57.9576265 335.1624024
v 0.0000000 57.9576265 335.5763393
v 0.0000000 57.5436896 335.5763393
v 0.0000000 164.7065034 301.0216386
v 0.0000000 166.3053988 301.0216386
v 0.0000000 166.3053988 302.6205340
v 0.0000000 164.7065034 302.6205340
v 0.0000000 405.6258650 -30.7736147
v 0.0000000 406.0668718 -30.7736147
v 0.0000000 406.0668718 -30.3326079
v 0.0000000 405.6258650 -30.3326079
v 0.0000000 2.4989635 334.6089583
v 0.0000000 2.7403802 334.6089583
v 0.0000000 2.7403802 334.8503750
v 0.0000000 2.4989635 334.8503750
v 0.0000000 -213.4747333 355.5453273
v 0.0000000 -213.2057008 355.5453273
v 0.0000000 -213.2057008 355.8143598
v 0.0000000 -213.4747333 355.8143598
v 0.0000000 -228.4753326 -179.3837423
v 0.0000000 -228.2042286 -179.3837423
v 0.0000000 -228.2042286 -179.1126383
v 0.0000000 -228.4753326 -179.1126383
v 0.0000000 -228.5503113 169.5725295
v 0.0000000 -228.3094775 169.5725295
v 0.0000000 -228.3094775 169.8133633
v 0.0000000 -228.5503113 169.8133633
v 0.0000000 -282.8176941 280.0599855
v 0.0000000 -282.5644232 280.0599855
v 0.0000000 -282.5644232 280.3132564
v 0.0000000 -282.8176941 280.3132564
v 0.0000000 380.4583144 -122.8147672
v 0.0000000 381.5234390 -122.8147672
v 0.0000000 381.5234390 -121.7496426
v 0.0000000 380.4583144 -121.7496426
v 0.0000000 220.4327231 116.8194894
v 0.0000000 221.9215970 116.8194894
v 0.0000000 221.9215970 118.3083633
v 0.0000000 220.4327231 118.3083633
v 0.0000000 448.4381967 -35.1598536
v 0.0000000 448.7350427 -35.1598536
v 0.0000000 448.7350427 -34.8630077
v 0.0000000 448.4381967 -34.8630077
v 0.0000000 -609.0674469 6.3663666
v 0.0000000 -608.2168632 6.3663666
v 0.0000000 -608.2168632 7.2169503
v 0.0000000 -609.0674469 7.2169503
v 0.0000000 13.4519588 96.1801508
v 0.0000000 13.6920219 96.1801508
v 0.0000000 13.6920219 96.4202140
v 0.0000000 13.4519588 96.4202140
v 0.0000000 519.1261051 22.6769244
v 0.0000000 519.5178713 22.6769244
v 0.0000000 519.5178713 23.0686907
v 0.0000000 519.1261051 23.0686907
v 0.0000000 -414.5887627 -198.6673646
v 0.0000000 -414.3487627 -198.6673646
v 0.0000000 -414.3487627 -198.4273646
v 0.0000000 -414.5887627 -198.4273646
v 0.0000000 256.4344028 -13.1402902
v 0.0000000 256.6744028 -13.1402902
v 0.0000000 256.6744028 -12.9002902
v 0.0000000 256.4344028 -12.9002902
v 0.0000000 -356.7161588 -40.7032906
v 0.0000000 -356.4761588 -40.7032906
v 0.0000000 -356.4761588 -40.4632906
v 0.0000000 -356.7161588 -40.4632906
v 0.0000000 -473.1650817 353.8479458
v 0.0000000 -472.3903234 353.8479458
v 0.0000000 -472.3903234 354.6227041
v 0.0000000 -473.1650817 354.6227041
v 0.0000000 -383.5227708 -213.9530862
v 0.0000000 -383.2826165 -213.9530862
v 0.0000000 -383.2826165 -213.7129319
v 0.0000000 -383.5227708 -213.7129319
v 0.0000000 575.3152400 144.1893903
v 0.0000000 575.6088012 144.1893903
v 0.0000000 575.6088012 144.4829514
v 0.0000000 575.3152400 144.4829514
v 0.0000000 332.6973493 222.3084389
v 0.0000000 334.0682877 222.3084389
v 0.0000000 334.0682877 223.6793773
v 0.0000000 332.6973493 223.6793773
v 0.0000000 493.5717910 289.8210784
v 0.0000000 494.4487911 289.8210784
v 0.0000000 494.4487911 290.6980786
v 0.0000000 493.5717910 290.6980786
v 0.0000000 -257.1865700 -63.9400840
v 0.0000000 -256.9465700 -63.9400840
v 0.0000000 -256.9465700 -63.7000840
v 0.0000000 -257.1865700 -63.7000840
v 0.0000000 -323.2805417 327.1426492
v 0.0000000 -323.0405415 327.1426492
v 0.0000000 -323.0405415 327.3826494
v 0.0000000 -323.2805417 327.3826494
v 0.0000000 -597.2601816 73.9177590
v 0.0000000 -596.4050871 73.9177590
v 0.0000000 -596.4050871 74.7728535
v 0.0000000 -597.2601816 74.7728535
v 0.0000000 12.8807100 -326.8517157
v 0.0000000 13.5377950 -326.8517157
v 0.0000000 13.5377950 -326.1946308
v 0.0000000 12.8807100 -326.1946308
v 0.0000000 626.0922603 342.9466015
v 0.0000000 626.3329673 342.9466015
v 0.0000000 626.3329673 343.1873084
v 0.0000000 626.0922603 343.1873084
v 0.0000000 525.5064224 25.1658764
v 0.0000000 525.9453641 25.1658764
v 0.0000000 525.9453641 25.6048180
v 0.0000000 525.5064224 25.6048180
v 0.0000000 -189.3699203 62.5434913
v 0.0000000 -189.1269970 62.5434913
v 0.0000000 -189.1269970 62.7864145
v 0.0000000 -189.3699203 62.7864145
v 0.0000000 163.9421261 249.5217138
v 0.0000000 164.5576690 249.5217138
v 0.0000000 164.5576690 250.1372567
v 0.0000000 163.9421261 250.1372567
v 0.0000000 226.8295598 46.2169611
v 0.0000000 227.3304121 46.2169611
v 0.0000000 227.3304121 46.7178134
v 0.0000000 226.8295598 46.7178134
v 0.0000000 -84.0974900 -107.7953657
v 0.0000000 -83.8574891 -107.7953657
v 0.0000000 -83.8574891 -107.5553648
v 0.0000000 -84.0974900 -107.5553648
v 0.0000000 225.1391330 -339.1173998
v 0.0000000 225.5476282 -339.1173998
v 0.0000000 225.5476282 -338.7089046
v 0.0000000 225.1391330 -338.7089046
v 0.0000000 -86.8331099 274.5899215
v 0.0000000 -86.2392390 274.5899215
v 0.0000000 -86.2392390 275.1837924
v 0.0000000 -86.8331099 275.1837924
v 0.0000000 388.1019414 145.1199662
v 0.0000000 388.9725816 145.1199662
v 0.0000000 388.9725816 145.9906064
v 0.0000000 388.1019414 145.9906064
v 0.0000000 623.0421837 159.9198876
v 0.0000000 623.2928569 159.9198876
v 0.0000000 623.2928569 160.1705608
v 0.0000000 623.0421837 160.1705608
v 0.0000000 -119.3657645 -134.3497135
v 0.0000000 -119.1236032 -134.3497135
v 0.0000000 -119.1236032 -134.1075523
v 0.0000000 -119.3657645 -134.1075523
v 0.0000000 -144.0189326 314.3545492
v 0.0000000 -143.7589543 314.3545492
v 0.0000000 -143.7589543 314.6145275
v 0.0000000 -144.0189326 314.6145275
v 0.0000000 370.5991141 54.2534951
v 0.0000000 370.8397122 54.2534951
v 0.0000000 370.8397122 54.4940932
v 0.0000000 370.5991141 54.4940932
v 0.0000000 -349.4346054 202.5305861
v 0.0000000 -349.1381059 202.5305861
v 0.0000000 -349.1381059 202.8270856
v 0.0000000 -349.4346054 202.8270856
v 0.0000000 -208.9382815 298.4035701
v 0.0000000 -208.5620254 298.4035701
v 0.0000000 -208.5620254 298.7798261
v 0.0000000 -208.9382815 298.7798261
v 0.0000000 297.2522974 -92.4787034
v 0.0000000 297.4923042 -92.4787034
v 0.0000000 297.4923042 -92.2386967
v 0.0000000 297.2522974 -92.2386967
v 0.0000000 -301.5136886 333.5603535
v 0.0000000 -301.2690329 333.5603535
v 0.0000000 -301.2690329 333.8050092
v 0.0000000 -301.5136886 333.8050092
v 0.0000000 -539.6679903 148.3336814
v 0.0000000 -539.4277759 148.3336814
v 0.0000000 -539.4277759 148.5738959
v 0.0000000 -539.6679903 148.5738959
v 0.0000000 -548.5766021 -297.6777898
v 0.0000000 -547.4722407 -297.6777898
v 0.0000000 -547.4722407 -296.5734284
v 0.0000000 -548.5766021 -296.5734284
v 0.0000000 516.3643777 -77.6028266
v 0.0000000 516.6229972 -77.6028266
v 0.0000000 516.6229972 -77.3442071
v 0.0000000 516.3643777 -77.3442071
v 0.0000000 85.3508518 64.2091351
v 0.0000000 85.6741250 64.2091351
v 0.0000000 85.6741250 64.5324083
v 0.0000000 85.3508518 64.5324083
v 0.0000000 364.0360454 27.3130685
v 0.0000000 364.2760475 27.3130685
v 0.0000000 364.2760475 27.5530705
v 0.0000000 364.0360454 27.5530705
v 0.0000000 626.7076062 -7.2767772
v 0.0000000 626.9490685 -7.2767772
v 0.0000000 626.9490685 -7.0353149
v 0.0000000 626.7076062 -7.0353149
v 0.0000000 552.4433744 -51.5951848
v 0.0000000 553.9401297 -51.5951848
v 0.0000000 553.9401297 -50.0984295
v 0.0000000 552.4433744 -50.0984295
v 0.0000000 -437.7271110 115.5087784
v 0.0000000 -437.4870944 115.5087784
v 0.0000000 -437.4870944 115.7487951
v 0.0000000 -437.7271110 115.7487951
v 0.0000000 -628.1648491 299.0212586
v 0.0000000 -627.9176665 299.0212586
v 0.0000000 -627.9176665 299.2684412
v 0.0000000 -628.1648491 299.2684412
v 0.0000000 -46.8057983 -148.8830700
v 0.0000000 -46.5657849 -148.8830700
v 0.0000000 -46.5657849 -148.6430565
v 0.0000000 -46.8057983 -148.6430565
v 0.0000000 -265.0955947 38.2980099
v 0.0000000 -264.2069579 38.2980099
v 0.0000000 -264.2069579 39.1866466
v 0.0000000 -265.0955947 39.1866466
v 0.0000000 402.7667077 -109.1791454
v 0.0000000 403.1624892 -109.1791454
v 0.0000000 403.1624892 -108.7833639
v 0.0000000 402.7667077 -108.7833639
v 0.0000000 -272.7026278 68.7908218
v 0.0000000 -272.4612692 68.7908218
v 0.0000000 -272.4612692 69.0321804
v 0.0000000 -272.7026278 69.0321804
v 0.0000000 -15.7280361 317.3500110
v 0.0000000 -13.9975487 317.3500110
v 0.0000000 -13.9975487 319.0804985
v 0.0000000 -15.7280361 319.0804985
v 0.0000000 355.8175717 -257.7268066
v 0.0000000 356.4409772 -257.7268066
v 0.0000000 356.4409772 -257.1034011
v 0.0000000 355.8175717 -257.1034011
v 0.0000000 -600.0218549 132.1608016
v 0.0000000 -599.7787167 132.1608016
v 0.0000000 -599.7787167 132.4039398
v 0.0000000 -600.0218549 132.4039398
v 0.0000000 141.7572982 -70.0883403
v 0.0000000 142.5151109 -70.0883403
v 0.0000000 142.5151109 -69.3305277
v 0.0000000 141.7572982 -69.3305277
v 0.0000000 -183.9956579 -17.2870962
v 0.0000000 -183.5517071 -17.2870962
v 0.0000000 -183.5517071 -16.8431455
v 0.0000000 -183.9956579 -16.8431455
v 0.0000000 -275.9802679 -221.5360247
v 0.0000000 -275.4438643 -221.5360247
v 0.0000000 -275.4438643 -220.9996212
v 0.0000000 -275.9802679 -220.9996212
v 0.0000000 -15.2803191 146.9276316
v 0.0000000 -14.9141422 146.9276316
v 0.0000000 -14.9141422 147.2938084
v 0.0000000 -15.2803191 147.2938084
v 0.0000000 -225.5704358 -18.2376015
v 0.0000000 -224.3953631 -18.2376015
v 0.0000000 -224.3953631 -17.0625288
v 0.0000000 -225.5704358 -17.0625288
v 0.0000000 -518.5222736 224.3774815
v 0.0000000 -517.8529158 224.3774815
v 0.0000000 -517.8529158 225.0468393
v 0.0000000 -518.5222736 225.0468393
v 0.0000000 -215.9073783 91.5039502
v 0.0000000 -215.5821466 91.5039502
v 0.0000000 -215.5821466 91.8291819
v 0.0000000 -215.9073783 91.8291819
v 0.0000000 -464.4613965 302.7003795
v 0.0000000 -464.2213965 302.7003795
v 0.0000000 -464.2213965 302.9403795
v 0.0000000 -464.4613965 302.9403795
v 0.0000000 -99.7667181 49.8256953
v 0.0000000 -99.5219894 49.8256953
v 0.0000000 -99.5219894 50.0704239
v 0.0000000 -99.7667181 50.0704239
v 0.0000000 -367.8355833 323.4704745
v 0.0000000 -367.5588837 323.4704745
v 0.0000000 -367.5588837 323.7471741
v 0.0000000 -367.8355833 323.7471741
v 0.0000000 42.0855979 234.8714289
v 0.0000000 42.7605556 234.8714289
v 0.0000000 42.7605556 235.5463866
v 0.0000000 42.0855979 235.5463866
v 0.0000000 -484.2126900 -216.0029590
v 0.0000000 -483.9591924 -216.0029590
v 0.0000000 -483.9591924 -215.7494614
v 0.0000000 -484.2126900 -215.7494614
v 0.0000000 -539.4590015 -163.5664272
v 0.0000000 -539.1699327 -163.5664272
v 0.0000000 -539.1699327 -163.2773584
v 0.0000000 -539.4590015 -163.2773584
v 0.0000000 -559.5888810 219.6589385
v 0.0000000 -558.5691841 219.6589385
v 0.0000000 -558.5691841 220.6786354
v 0.0000000 -559.5888810 220.6786354
v 0.0000000 413.4488418 358.4012770
v 0.0000000 413.6888906 358.4012770
v 0.0000000 413.6888906 358.6413258
v 0.0000000 413.4488418 358.6413258
v 0.0000000 13.3767020 215.9639279
v 0.0000000 14.5215106 215.9639279
v 0.0000000 14.5215106 217.1087365
v 0.0000000 13.3767020 217.1087365
v 0.0000000 90.4370295 254.7900577
v 0.0000000 90.6787634 254.7900577
v 0.0000000 90.6787634 255.0317916
v 0.0000000 90.4370295 255.0317916
v 0.0000000 -70.7088205 -200.8951656
v 0.0000000 -70.4079305 -200.8951656
v 0.0000000 -70.4079305 -200.5942756
v 0.0000000 -70.7088205 -200.5942756
v 0.0000000 523.8345732 -315.0871932
v 0.0000000 524.6134268 -315.0871932
v 0.0000000 524.6134268 -314.3083396
v 0.0000000 523.8345732 -314.3083396
v 0.0000000 522.3764955 -312.0598181
v 0.0000000 522.9010461 -312.0598181
v 0.0000000 522.9010461 -311.5352674
v 0.0000000 522.3764955 -311.5352674
v 0.0000000 560.3808525 164.8963995
v 0.0000000 560.6235509 164.8963995
v 0.0000000 560.6235509 165.1390980
v 0.0000000 560.3808525 165.1390980
v 0.0000000 -10.5979417 -172.8987631
v 0.0000000 -10.3487674 -172.8987631
v 0.0000000 -10.3487674 -172.6495888
v 0.0000000 -10.5979417 -172.6495888
v 0.0000000 516.4216693 74.8828547
v 0.0000000 516.8942518 74.8828547
v 0.0000000 516.8942518 75.3554372
v 0.0000000 516.4216693 75.3554372
v 0.0000000 165.6989878 -288.2255852
v 0.0000000 165.9461790 -288.2255852
v 0.0000000 165.9461790 -287.9783940
v 0.0000000 165.6989878 -287.9783940
v 0.0000000 -512.8902633 -24.4985298
v 0.0000000 -512.4982920 -24.4985298
v 0.0000000 -512.4982920 -24.1065585
v 0.0000000 -512.8902633 -24.1065585
v 0.0000000 -599.3748020 -211.5185292
v 0.0000000 -599.1259648 -211.5185292
v 0.0000000 -599.1259648 -211.2696920
v 0.0000000 -599.3748020 -211.2696920
v 0.0000000 -501.2569927 -355.9086137
v 0.0000000 -501.0032960 -355.9086137
v 0.0000000 -501.0032960 -355.6549171
v 0.0000000 -501.2569927 -355.6549171
v 0.0000000 -83.2651613 -215.1522076
v 0.0000000 -83.0251226 -215.1522076
v 0.0000000 -83.0251226 -214.9121689
v 0.0000000 -83.2651613 -214.9121689
v 0.0000000 619.0299982 86.6798464
v 0.0000000 619.2700252 86.6798464
v 0.0000000 619.2700252 86.9198735
v 0.0000000 619.0299982 86.9198735
v 0.0000000 578.5654367 59.0911318
v 0.0000000 578.8095135 59.0911318
v 0.0000000 578.8095135 59.3352086
v 0.0000000 578.5654367 59.3352086
v 0.0000000 -435.9253331 233.7730851
v 0.0000000 -435.2742971 233.7730851
v 0.0000000 -435.2742971 234.4241211
v 0.0000000 -435.9253331 234.4241211
v 0.0000000 -477.0668945 316.4009915
v 0.0000000 -475.8999090 316.4009915
v 0.0000000 -475.8999090 317.5679769
v 0.0000000 -477.0668945 317.5679769
v 0.0000000 -465.6648332 -343.2035097
v 0.0000000 -464.9982464 -343.2035097
v 0.0000000 -464.9982464 -342.5369229
v 0.0000000 -465.6648332 -342.5369229
v 0.0000000 -552.1139858 217.0307231
v 0.0000000 -551.8731566 217.0307231
v 0.0000000 -551.8731566 217.2715523
v 0.0000000 -552.1139858 217.2715523
v 0.0000000 529.6109251 307.2185523
v 0.0000000 529.8709250 307.2185523
v 0.0000000 529.8709250 307.4785521
v 0.0000000 529.6109251 307.4785521
v 0.0000000 242.3228415 47.4050193
v 0.0000000 244.1216852 47.4050193
v 0.0000000 244.1216852 49.2038630
v 0.0000000 242.3228415 49.2038630
v 0.0000000 274.4072928 304.6014397
v 0.0000000 274.7071293 304.6014397
v 0.0000000 274.7071293 304.9012762
v 0.0000000 274.4072928 304.9012762
v 0.0000000 -380.9842494 -314.9580258
v 0.0000000 -380.7442388 -314.9580258
v 0.0000000 -380.7442388 -314.7180152
v 0.0000000 -380.9842494 -314.7180152
v 0.0000000 -385.0104007 345.0285767
v 0.0000000 -384.3482853 345.0285767
v 0.0000000 -384.3482853 345.6906921
v 0.0000000 -385.0104007 345.6906921
v 0.0000000 -147.7211953 -215.6451438
v 0.0000000 -147.4792846 -215.6451438
v 0.0000000 -147.4792846 -215.4032331
v 0.0000000 -147.7211953 -215.4032331
v 0.0000000 172.8636511 -128.0297189
v 0.0000000 173.7796984 -128.0297189
v 0.0000000 173.7796984 -127.1136717
v 0.0000000 172.8636511 -127.1136717
v 0.0000000 180.3682960 37.8923482
v 0.0000000 180.6082991 37.8923482
v 0.0000000 180.6082991 38.1323513
v 0.0000000 180.3682960 38.1323513
v 0.0000000 -117.8373359 -262.3191862
v 0.0000000 -117.3613524 -262.3191862
v 0.0000000 -117.3613524 -261.8432027
v 0.0000000 -117.8373359 -261.8432027
v 0.0000000 468.1078317 -301.2348420
v 0.0000000 469.4887218 -301.2348420
v 0.0000000 469.4887218 -299.8539519
v 0.0000000 468.1078317 -299.8539519
v 0.0000000 -51.7619521 -220.1266646
v 0.0000000 -50.0673197 -220.1266646
v 0.0000000 -50.0673197 -218.4320322
v 0.0000000 -51.7619521 -218.4320322
v 0.0000000 -90.2317300 175.6483534
v 0.0000000 -89.9917257 175.6483534
v 0.0000000 -89.9917257 175.8883577
v 0.0000000 -90.2317300 175.8883577
v 0.0000000 535.2386118 -94.5905723
v 0.0000000 536.1617837 -94.5905723
v 0.0000000 536.1617837 -93.6674005
v 0.0000000 535.2386118 -93.6674005
v 0.0000000 68.5160114 227.5836611
v 0.0000000 69.3644347 227.5836611
v 0.0000000 69.3644347 228.4320844
v 0.0000000 68.5160114 228.4320844
v 0.0000000 -179.2322030 203.1260673
v 0.0000000 -178.9107389 203.1260673
v 0.0000000 -178.9107389 203.4475314
v 0.0000000 -179.2322030 203.4475314
v 0.0000000 -258.9894217 4.7778693
v 0.0000000 -258.7494195 4.7778693
v 0.0000000 -258.7494195 5.0178715
v 0.0000000 -258.9894217 5.0178715
v 0.0000000 120.5044042 175.2430002
v 0.0000000 122.0354206 175.2430002
v 0.0000000 122.0354206 176.7740166
v 0.0000000 120.5044042 176.7740166
v 0.0000000 629.4931191 251.3901122
v 0.0000000 629.9500379 251.3901122
v 0.0000000 629.9500379 251.8470309
v 0.0000000 629.4931191 251.8470309
v 0.0000000 -530.7006809 -289.8729354
v 0.0000000 -530.4603969 -289.8729354
v 0.0000000 -530.4603969 -289.6326514
v 0.0000000 -530.7006809 -289.6326514
v 0.0000000 34.0981484 -320.6186708
v 0.0000000 34.6260600 -320.6186708
v 0.0000000 34.6260600 -320.0907592
v 0.0000000 34.0981484 -320.0907592
v 0.0000000 420.3756984 -75.0508262
v 0.0000000 420.9313246 -75.0508262
v 0.0000000 420.9313246 -74.4952000
v 0.0000000 420.3756984 -74.4952000
v 0.0000000 135.9637823 -112.6051094
v 0.0000000 137.6319234 -112.6051094
v 0.0000000 137.6319234 -110.9369684
v 0.0000000 135.9637823 -110.9369684
v 0.0000000 189.5333534 -163.9539601
v 0.0000000 190.0771182 -163.9539601
v 0.0000000 190.0771182 -163.4101952
v 0.0000000 189.5333534 -163.4101952
v 0.0000000 -381.2926593 -141.0014140
v 0.0000000 -380.8970281 -141.0014140
v 0.0000000 -380.8970281 -140.6057827
v 0.0000000 -381.2926593 -140.6057827
v 0.0000000 -284.6303202 -152.0441540
v 0.0000000 -283.6593661 -152.0441540
v 0.0000000 -283.6593661 -151.0731998
v 0.0000000 -284.6303202 -151.0731998
v 0.0000000 -478.5774716 178.1209248
v 0.0000000 -478.1815503 178.1209248
v 0.0000000 -478.1815503 178.5168461
v 0.0000000 -478.5774716 178.5168461
v 0.0000000 -5.6712698 -37.0727086
v 0.0000000 -5.3820310 -37.0727086
v 0.0000000 -5.3820310 -36.7834699
v 0.0000000 -5.6712698 -36.7834699
v 0.0000000 -292.8220341 7.7852062
v 0.0000000 -292.2288260 7.7852062
v 0.0000000 -292.2288260 8.3784143
v 0.0000000 -292.8220341 8.3784143
v 0.0000000 -264.4375820 166.6978769
v 0.0000000 -262.8598554 166.6978769
v 0.0000000 -262.8598554 168.2756035
v 0.0000000 -264.4375820 168.2756035
v 0.0000000 75.4377300 178.7621409
v 0.0000000 76.3019540 178.7621409
v 0.0000000 76.3019540 179.6263650
v 0.0000000 75.4377300 179.6263650
v 0.0000000 -516.1799627 -40.7040951
v 0.0000000 -515.9363106 -40.7040951
v 0.0000000 -515.9363106 -40.4604430
v 0.0000000 -516.1799627 -40.4604430
v 0.0000000 622.1224781 -221.5052365
v 0.0000000 623.3101467 -221.5052365
v 0.0000000 623.3101467 -220.3175679
v 0.0000000 622.1224781 -220.3175679
v 0.0000000 531.2697387 -229.5181034
v 0.0000000 531.5260443 -229.5181034
v 0.0000000 531.5260443 -229.2617977
v 0.0000000 531.2697387 -229.2617977
v 0.0000000 81.3353171 325.9501613
v 0.0000000 81.5869320 325.9501613
v 0.0000000 81.5869320 326.2017763
v 0.0000000 81.3353171 326.2017763
v 0.0000000 -275.0075995 79.1098278
v 0.0000000 -274.7416465 79.1098278
v 0.0000000 -274.7416465 79.3757807
v 0.0000000 -275.0075995 79.3757807
v 0.0000000 -83.8797392 327.9482776
v 0.0000000 -83.5065452 327.9482776
v 0.0000000 -83.5065452 328.3214716
v 0.0000000 -83.8797392 328.3214716
v 0.0000000 417.3156270 -88.4536565
v 0.0000000 417.8250394 -88.4536565
v 0.0000000 417.8250394 -87.9442440
v 0.0000000 417.3156270 -87.9442440
v 0.0000000 148.1199988 -101.6583081
v 0.0000000 148.7742965 -101.6583081
v 0.0000000 148.7742965 -101.0040104
v 0.0000000 148.1199988 -101.0040104
v 0.0000000 -36.9999976 199.6938609
v 0.0000000 -36.4559873 199.6938609
v 0.0000000 -36.4559873 200.2378712
v 0.0000000 -36.9999976 200.2378712
v 0.0000000 451.2420218 -16.9590104
v 0.0000000 451.4820464 -16.9590104
v 0.0000000 451.4820464 -16.7189858
v 0.0000000 451.2420218 -16.7189858
v 0.0000000 22.6478163 236.3745446
v 0.0000000 22.8878782 236.3745446
v 0.0000000 22.8878782 236.6146066
v 0.0000000 22.6478163 236.6146066
v 0.0000000 559.3576333 271.9150115
v 0.0000000 559.8792280 271.9150115
v 0.0000000 559.8792280 272.4366062
v 0.0000000 559.3576333 272.4366062
v 0.0000000 -71.1588449 -207.0209153
v 0.0000000 -70.9167757 -207.0209153
v 0.0000000 -70.9167757 -206.7788460
v 0.0000000 -71.1588449 -206.7788460
v 0.0000000 -558.3364936 314.4456325
v 0.0000000 -558.0958091 314.4456325
v 0.0000000 -558.0958091 314.6863169
v 0.0000000 -558.3364936 314.6863169
v 0.0000000 37.7305799 167.3883062
v 0.0000000 38.6358902 167.3883062
v 0.0000000 38.6358902 168.2936165
v 0.0000000 37.7305799 168.2936165
v 0.0000000 368.5381325 355.6845628
v 0.0000000 368.8148775 355.6845628
v 0.0000000 368.8148775 355.9613078
v 0.0000000 368.5381325 355.9613078
v 0.0000000 -277.1258115 1.5940151
v 0.0000000 -276.2571809 1.5940151
v 0.0000000 -276.2571809 2.4626456
v 0.0000000 -277.1258115 2.4626456
v 0.0000000 -87.3908657 194.6002214
v 0.0000000 -86.9308810 194.6002214
v 0.0000000 -86.9308810 195.0602061
v 0.0000000 -87.3908657 195.0602061
v 0.0000000 102.7807622 -305.7777808
v 0.0000000 103.2472995 -305.7777808
v 0.0000000 103.2472995 -305.3112435
v 0.0000000 102.7807622 -305.3112435
v 0.0000000 -549.8330184 53.9379887
v 0.0000000 -548.7018035 53.9379887
v 0.0000000 -548.7018035 55.0692036
v 0.0000000 -549.8330184 55.0692036
v 0.0000000 -5.1483582 -190.3833481
v 0.0000000 -4.9083573 -190.3833481
v 0.0000000 -4.9083573 -190.1433472
v 0.0000000 -5.1483582 -190.1433472
v 0.0000000 228.5791586 95.2552423
v 0.0000000 229.9133973 95.2552423
v 0.0000000 229.9133973 96.5894810
v 0.0000000 228.5791586 96.5894810
v 0.0000000 -314.7722536 88.9698839
v 0.0000000 -314.5322232 88.9698839
v 0.0000000 -314.5322232 89.2099142
v 0.0000000 -314.7722536 89.2099142
v 0.0000000 -378.2246547 89.8808028
v 0.0000000 -377.9842426 89.8808028
v 0.0000000 -377.9842426 90.1212150
v 0.0000000 -378.2246547 90.1212150
v 0.0000000 -425.6326958 128.9337704
v 0.0000000 -424.2587990 128.9337704
v 0.0000000 -424.2587990 130.3076672
v 0.0000000 -425.6326958 130.3076672
v 0.0000000 490.6033254 -156.2039427
v 0.0000000 490.8636178 -156.2039427
v 0.0000000 490.8636178 -155.9436503
v 0.0000000 490.6033254 -155.9436503
v 0.0000000 217.8495340 -12.5243942
v 0.0000000 219.3199763 -12.5243942
v 0.0000000 219.3199763 -11.0539519
v 0.0000000 217.8495340 -11.0539519
v 0.0000000 -356.8631329 111.4746825
v 0.0000000 -356.6176249 111.4746825
v 0.0000000 -356.6176249 111.7201905
v 0.0000000 -356.8631329 111.7201905
v 0.0000000 -358.8140622 140.9878577
v 0.0000000 -358.1662057 140.9878577
v 0.0000000 -358.1662057 141.6357143
v 0.0000000 -358.8140622 141.6357143
v 0.0000000 286.1589301 268.8808321
v 0.0000000 286.6143157 268.8808321
v 0.0000000 286.6143157 269.3362177
v 0.0000000 286.1589301 269.3362177
v 0.0000000 233.6340002 162.2158516
v 0.0000000 234.4170616 162.2158516
v 0.0000000 234.4170616 162.9989130
v 0.0000000 233.6340002 162.9989130
v 0.0000000 -562.7934086 56.7800958
v 0.0000000 -562.5169116 56.7800958
v 0.0000000 -562.5169116 57.0565928
v 0.0000000 -562.7934086 57.0565928
v 0.0000000 387.1974740 209.4682525
v 0.0000000 387.4388858 209.4682525
v 0.0000000 387.4388858 209.7096643
v 0.0000000 387.1974740 209.7096643
v 0.0000000 120.5256392 138.1179624
v 0.0000000 120.7674922 138.1179624
v 0.0000000 120.7674922 138.3598154
v 0.0000000 120.5256392 138.3598154
v 0.0000000 -166.8734889 -268.0395401
v 0.0000000 -166.2279506 -268.0395401
v 0.0000000 -166.2279506 -267.3940017
v 0.0000000 -166.8734889 -267.3940017
v 0.0000000 156.6374041 294.4164538
v 0.0000000 156.9024808 294.4164538
v 0.0000000 156.9024808 294.6815305
v 0.0000000 156.6374041 294.6815305
v 0.0000000 274.8830508 -182.0402558
v 0.0000000 275.3077300 -182.0402558
v 0.0000000 275.3077300 -181.6155766
v 0.0000000 274.8830508 -181.6155766
v 0.0000000 -10.9375664 -299.2935601
v 0.0000000 -10.6328744 -299.2935601
v 0.0000000 -10.6328744 -298.9888681
v 0.0000000 -10.9375664 -298.9888681
v 0.0000000 599.5119449 255.0033189
v 0.0000000 599.9113229 255.0033189
v 0.0000000 599.9113229 255.4026969
v 0.0000000 599.5119449 255.4026969
v 0.0000000 -363.0825360 -85.6789452
v 0.0000000 -362.8424468 -85.6789452
v 0.0000000 -362.8424468 -85.4388560
v 0.0000000 -363.0825360 -85.4388560
v 0.0000000 377.4242162 -192.9631703
v 0.0000000 377.6721922 -192.9631703
v 0.0000000 377.6721922 -192.7151943
v 0.0000000 377.4242162 -192.7151943
v 0.0000000 -4.7819668 -265.4176031
v 0.0000000 -4.2752623 -265.4176031
v 0.0000000 -4.2752623 -264.9108986
v 0.0000000 -4.7819668 -264.9108986
v 0.0000000 -620.5504247 246.7041089
v 0.0000000 -620.3095100 246.7041089
v 0.0000000 -620.3095100 246.9450236
v 0.0000000 -620.5504247 246.9450236
v 0.0000000 -391.8575811 -229.0018447
v 0.0000000 -390.8421475 -229.0018447
v 0.0000000 -390.8421475 -227.9864111
v 0.0000000 -391.8575811 -227.9864111
v 0.0000000 -551.8269700 33.6877013
v 0.0000000 -551.5135464 33.6877013
v 0.0000000 -551.5135464 34.0011249
v 0.0000000 -551.8269700 34.0011249
v 0.0000000 575.6997706 -350.1521402
v 0.0000000 576.5287298 -350.1521402
v 0.0000000 576.5287298 -349.3231810
v 0.0000000 575.6997706 -349.3231810
v 0.0000000 -221.3723456 305.3834862
v 0.0000000 -220.6268693 305.3834862
v 0.0000000 -220.6268693 306.1289625
v 0.0000000 -221.3723456 306.1289625
v 0.0000000 -94.5066270 283.7010404
v 0.0000000 -94.2665250 283.7010404
v 0.0000000 -94.2665250 283.9411423
v 0.0000000 -94.5066270 283.9411423
v 0.0000000 252.6666339 219.2088894
v 0.0000000 252.9066368 219.2088894
v 0.0000000 252.9066368 219.4488924
v 0.0000000 252.6666339 219.4488924
v 0.0000000 -100.1995141 297.1970473
v 0.0000000 -99.8982136 297.1970473
v 0.0000000 -99.8982136 297.4983479
v 0.0000000 -100.1995141 297.4983479
v 0.0000000 65.6236063 108.7784536
v 0.0000000 65.8783178 108.7784536
v 0.0000000 65.8783178 109.0331651
v 0.0000000 65.6236063 109.0331651
v 0.0000000 -613.5865204 104.6959296
v 0.0000000 -613.3384311 104.6959296
v 0.0000000 -613.3384311 104.9440188
v 0.0000000 -613.5865204 104.9440188
v 0.0000000 -615.7306576 334.7361204
v 0.0000000 -614.3303369 334.7361204
v 0.0000000 -614.3303369 336.1364411
v 0.0000000 -615.7306576 336.1364411
v 0.0000000 -97.4767942 305.2764780
v 0.0000000 -96.4899860 305.2764780
v 0.0000000 -96.4899860 306.2632862
v 0.0000000 -97.4767942 306.2632862
v 0.0000000 437.2659427 41.4051509
v 0.0000000 439.0242084 41.4051509
v 0.0000000 439.0242084 43.1634167
v 0.0000000 437.2659427 43.1634167
v 0.0000000 -415.6491397 147.5553152
v 0.0000000 -413.9121063 147.5553152
v 0.0000000 -413.9121063 149.2923486
v 0.0000000 -415.6491397 149.2923486
v 0.0000000 382.0861351 -287.7947836
v 0.0000000 382.4937095 -287.7947836
v 0.0000000 382.4937095 -287.3872092
v 0.0000000 382.0861351 -287.3872092
v 0.0000000 -483.9291407 119.2819040
v 0.0000000 -483.1229790 119.2819040
v 0.0000000 -483.1229790 120.0880657
v 0.0000000 -483.9291407 120.0880657
v 0.0000000 -29.1585962 -160.9189578
v 0.0000000 -28.9185229 -160.9189578
v 0.0000000 -28.9185229 -160.6788845
v 0.0000000 -29.1585962 -160.6788845
v 0.0000000 -602.4148306 -243.3956358
v 0.0000000 -602.1746864 -243.3956358
v 0.0000000 -602.1746864 -243.1554915
v 0.0000000 -602.4148306 -243.1554915
v 0.0000000 -41.4295555 100.8552168
v 0.0000000 -41.1895177 100.8552168
v 0.0000000 -41.1895177 101.0952546
v 0.0000000 -41.4295555 101.0952546
v 0.0000000 355.9581200 343.2308757
v 0.0000000 356.7297685 343.2308757
v 0.0000000 356.7297685 344.0025241
v 0.0000000 355.9581200 344.0025241
v 0.0000000 409.9434730 -57.7928744
v 0.0000000 410.6572014 -57.7928744
v 0.0000000 410.6572014 -57.0791459
v 0.0000000 409.9434730 -57.0791459
v 0.0000000 -173.9750415 -293.3356327
v 0.0000000 -173.7350075 -293.3356327
v 0.0000000 -173.7350075 -293.0955987
v 0.0000000 -173.9750415 -293.0955987
v 0.0000000 478.8174428 172.1106264
v 0.0000000 479.2820003 172.1106264
v 0.0000000 479.2820003 172.5751839
v 0.0000000 478.8174428 172.5751839
v 0.0000000 7.3541055 -173.5398113
v 0.0000000 7.6722229 -173.5398113
v 0.0000000 7.6722229 -173.2216939
v 0.0000000 7.3541055 -173.2216939
v 0.0000000 -0.3624234 6.2679183
v 0.0000000 0.5626345 6.2679183
v 0.0000000 0.5626345 7.1929763
v 0.0000000 -0.3624234 7.1929763
v 0.0000000 -516.8348160 -252.1793576
v 0.0000000 -516.5948115 -252.1793576
v 0.0000000 -516.5948115 -251.9393531
v 0.0000000 -516.8348160 -251.9393531
v 0.0000000 34.1865461 -127.2134860
v 0.0000000 34.4269845 -127.2134860
v 0.0000000 34.4269845 -126.9730476
v 0.0000000 34.1865461 -126.9730476
v 0.0000000 -470.5761595 301.3232169
v 0.0000000 -470.3352893 301.3232169
v 0.0000000 -470.3352893 301.5640872
v 0.0000000 -470.5761595 301.5640872
v 0.0000000 -219.7703599 252.4596563
v 0.0000000 -219.5294698 252.4596563
v 0.0000000 -219.5294698 252.7005464
v 0.0000000 -219.7703599 252.7005464
v 0.0000000 -426.9700997 -111.1647069
v 0.0000000 -426.4854914 -111.1647069
v 0.0000000 -426.4854914 -110.6800985
v 0.0000000 -426.9700997 -110.6800985
v 0.0000000 117.5324260 -166.8312924
v 0.0000000 117.7724261 -166.8312924
v 0.0000000 117.7724261 -166.5912923
v 0.0000000 117.5324260 -166.5912923
v 0.0000000 -583.1806663 -325.8749081
v 0.0000000 -582.9018593 -325.8749081
v 0.0000000 -582.9018593 -325.5961011
v 0.0000000 -583.1806663 -325.5961011
v 0.0000000 561.5307742 -204.3731757
v 0.0000000 561.7707765 -204.3731757
v 0.0000000 561.7707765 -204.1331735
v 0.0000000 561.5307742 -204.1331735
v 0.0000000 -88.6623119 -248.9934459
v 0.0000000 -88.4115839 -248.9934459
v 0.0000000 -88.4115839 -248.7427179
v 0.0000000 -88.6623119 -248.7427179
v 0.0000000 -6.5835262 250.9567090
v 0.0000000 -5.3179122 250.9567090
v 0.0000000 -5.3179122 252.2223231
v 0.0000000 -6.5835262 252.2223231
v 0.0000000 503.0422451 352.1296374
v 0.0000000 504.1419135 352.1296374
v 0.0000000 504.1419135 353.2293057
v 0.0000000 503.0422451 353.2293057
v 0.0000000 614.2372845 -101.6950087
v 0.0000000 614.6129914 -101.6950087
v 0.0000000 614.6129914 -101.3193019
v 0.0000000 614.2372845 -101.3193019
v 0.0000000 411.7666279 -350.6808711
v 0.0000000 412.9780982 -350.6808711
v 0.0000000 412.9780982 -349.4694008
v 0.0000000 411.7666279 -349.4694008
v 0.0000000 565.3523762 -156.5057898
v 0.0000000 566.9921452 -156.5057898
v 0.0000000 566.9921452 -154.8660209
v 0.0000000 565.3523762 -154.8660209
v 0.0000000 -176.0132621 72.6257936
v 0.0000000 -175.7610015 72.6257936
v 0.0000000 -175.7610015 72.8780542
v 0.0000000 -176.0132621 72.8780542
v 0.0000000 -285.3370743 355.9366549
v 0.0000000 -284.4342770 355.9366549
v 0.0000000 -284.4342770 356.8394522
v 0.0000000 -285.3370743 356.8394522
v 0.0000000 450.9593455 339.3443909
v 0.0000000 452.1565336 339.3443909
v 0.0000000 452.1565336 340.5415790
v 0.0000000 450.9593455 340.5415790
v 0.0000000 -367.4257732 16.6048661
v 0.0000000 -367.1504107 16.6048661
v 0.0000000 -367.1504107 16.8802285
v 0.0000000 -367.4257732 16.8802285
v 0.0000000 -522.3320382 274.6036806
v 0.0000000 -522.0634008 274.6036806
v 0.0000000 -522.0634008 274.8723180
v 0.0000000 -522.3320382 274.8723180
v 0.0000000 124.8540583 168.5311022
v 0.0000000 125.9703181 168.5311022
v 0.0000000 125.9703181 169.6473620
v 0.0000000 124.8540583 169.6473620
v 0.0000000 -107.6801455 248.4068423
v 0.0000000 -107.4401455 248.4068423
v 0.0000000 -107.4401455 248.6468424
v 0.0000000 -107.6801455 248.6468424
v 0.0000000 -549.6061074 137.7910945
v 0.0000000 -549.3661070 137.7910945
v 0.0000000 -549.3661070 138.0310949
v 0.0000000 -549.6061074 138.0310949
v 0.0000000 -617.8532797 -72.3014755
v 0.0000000 -617.6090889 -72.3014755
v 0.0000000 -617.6090889 -72.0572847
v 0.0000000 -617.8532797 -72.0572847
v 0.0000000 -118.3219728 217.2142493
v 0.0000000 -118.0083452 217.2142493
v 0.0000000 -118.0083452 217.5278769
v 0.0000000 -118.3219728 217.5278769
v 0.0000000 470.2905820 -8.5401993
v 0.0000000 470.7100709 -8.5401993
v 0.0000000 470.7100709 -8.1207103
v 0.0000000 470.2905820 -8.1207103
v 0.0000000 403.6612061 -85.8219884
v 0.0000000 403.9216720 -85.8219884
v 0.0000000 403.9216720 -85.5615225
v 0.0000000 403.6612061 -85.5615225
v 0.0000000 186.3279027 -125.6696934
v 0.0000000 186.9982748 -125.6696934
v 0.0000000 186.9982748 -124.9993213
v 0.0000000 186.3279027 -124.9993213
v 0.0000000 389.4364274 3.0154515
v 0.0000000 390.5069293 3.0154515
v 0.0000000 390.5069293 4.0859535
v 0.0000000 389.4364274 4.0859535
v 0.0000000 -471.5296973 -160.6159720
v 0.0000000 -471.1633572 -160.6159720
v 0.0000000 -471.1633572 -160.2496320
v 0.0000000 -471.5296973 -160.2496320
v 0.0000000 -65.2893938 119.7618598
v 0.0000000 -65.0217988 119.7618598
v 0.0000000 -65.0217988 120.0294547
v 0.0000000 -65.2893938 120.0294547
v 0.0000000 358.2880096 -313.6056913
v 0.0000000 358.5281348 -313.6056913
v 0.0000000 358.5281348 -313.3655662
v 0.0000000 358.2880096 -313.3655662
v 0.0000000 -191.9450438 358.9593035
v 0.0000000 -191.6074689 358.9593035
v 0.0000000 -191.6074689 359.2968784
v 0.0000000 -191.9450438 359.2968784
v 0.0000000 -20.0497205 -240.3304340
v 0.0000000 -19.2473849 -240.3304340
v 0.0000000 -19.2473849 -239.5280984
v 0.0000000 -20.0497205 -239.5280984
v 0.0000000 -251.7325611 -25.0431679
v 0.0000000 -251.4712167 -25.0431679
v 0.0000000 -251.4712167 -24.7818235
v 0.0000000 -251.7325611 -24.7818235
v 0.0000000 -576.7328562 131.5311898
v 0.0000000 -576.4903970 131.5311898
v 0.0000000 -576.4903970 131.7736490
v 0.0000000 -576.7328562 131.7736490
v 0.0000000 179.6102307 97.4002297
v 0.0000000 179.8528294 97.4002297
v 0.0000000 179.8528294 97.6428284
v 0.0000000 179.6102307 97.6428284
v 0.0000000 158.4860695 -319.7894666
v 0.0000000 158.7447741 -319.7894666
v 0.0000000 158.7447741 -319.5307620
v 0.0000000 158.4860695 -319.5307620
v 0.0000000 9.1415831 252.7349380
v 0.0000000 9.6489448 252.7349380
v 0.0000000 9.6489448 253.2422997
v 0.0000000 9.1415831 253.2422997
v 0.0000000 -528.6315113 207.4863623
v 0.0000000 -527.3609540 207.4863623
v 0.0000000 -527.3609540 208.7569197
v 0.0000000 -528.6315113 208.7569197
v 0.0000000 -627.8019720 -165.2855490
v 0.0000000 -627.5617783 -165.2855490
v 0.0000000 -627.5617783 -165.0453553
v 0.0000000 -627.8019720 -165.0453553
v 0.0000000 587.5020045 308.0466297
v 0.0000000 587.7862276 308.0466297
v 0.0000000 587.7862276 308.3308528
v 0.0000000 587.5020045 308.3308528
v 0.0000000 -95.8160429 -46.4250526
v 0.0000000 -95.3598492 -46.4250526
v 0.0000000 -95.3598492 -45.9688589
v 0.0000000 -95.8160429 -45.9688589
v 0.0000000 -122.4562268 -286.5096776
v 0.0000000 -122.2162219 -286.5096776
v 0.0000000 -122.2162219 -286.2696727
v 0.0000000 -122.4562268 -286.2696727
v 0.0000000 -447.8926442 47.0989805
v 0.0000000 -446.1838237 47.0989805
v 0.0000000 -446.1838237 48.8078010
v 0.0000000 -447.8926442 48.8078010
v 0.0000000 360.0598863 -308.1013761
v 0.0000000 360.3089345 -308.1013761
v 0.0000000 360.3089345 -307.8523278
v 0.0000000 360.0598863 -307.8523278
v 0.0000000 -191.4825651 21.7232191
v 0.0000000 -190.3221614 21.7232191
v 0.0000000 -190.3221614 22.8836228
v 0.0000000 -191.4825651 22.8836228
v 0.0000000 -159.0573282 88.6564581
v 0.0000000 -158.8102384 88.6564581
v 0.0000000 -158.8102384 88.9035479
v 0.0000000 -159.0573282 88.9035479
v 0.0000000 -161.1397098 -304.1339735
v 0.0000000 -160.6073029 -304.1339735
v 0.0000000 -160.6073029 -303.6015666
v 0.0000000 -161.1397098 -303.6015666
v 0.0000000 -589.5991937 -272.5011181
v 0.0000000 -588.9385093 -272.5011181
v 0.0000000 -588.9385093 -271.8404337
v 0.0000000 -589.5991937 -271.8404337
v 0.0000000 499.9102113 173.6204746
v 0.0000000 500.1506218 173.6204746
v 0.0000000 500.1506218 173.8608851
v 0.0000000 499.9102113 173.8608851
v 0.0000000 595.8716517 334.8239711
v 0.0000000 596.8381636 334.8239711
v 0.0000000 596.8381636 335.7904830
v 0.0000000 595.8716517 335.7904830
v 0.0000000 537.5902395 304.1230633
v 0.0000000 537.9609645 304.1230633
v 0.0000000 537.9609645 304.4937884
v 0.0000000 537.5902395 304.4937884
v 0.0000000 290.2167737 -137.3109657
v 0.0000000 290.4567738 -137.3109657
v 0.0000000 290.4567738 -137.0709657
v 0.0000000 290.2167737 -137.0709657
v 0.0000000 -523.2368985 -249.9598908
v 0.0000000 -522.4010110 -249.9598908
v 0.0000000 -522.4010110 -249.1240032
v 0.0000000 -523.2368985 -249.1240032
v 0.0000000 444.9763959 1.7958100
v 0.0000000 445.3789079 1.7958100
v 0.0000000 445.3789079 2.1983219
v 0.0000000 444.9763959 2.1983219
v 0.0000000 439.2651002 84.8413093
v 0.0000000 439.5051002 84.8413093
v 0.0000000 439.5051002 85.0813093
v 0.0000000 439.2651002 85.0813093
v 0.0000000 43.9713584 -112.0705448
v 0.0000000 44.2114076 -112.0705448
v 0.0000000 44.2114076 -111.8304956
v 0.0000000 43.9713584 -111.8304956
v 0.0000000 588.2519648 311.0190786
v 0.0000000 589.8287008 311.0190786
v 0.0000000 589.8287008 312.5958146
v 0.0000000 588.2519648 312.5958146
v 0.0000000 111.6828420 -64.0398805
v 0.0000000 112.1259784 -64.0398805
v 0.0000000 112.1259784 -63.5967440
v 0.0000000 111.6828420 -63.5967440
v 0.0000000 432.7411054 -341.1607076
v 0.0000000 432.9811139 -341.1607076
v 0.0000000 432.9811139 -340.9206991
v 0.0000000 432.7411054 -340.9206991
v 0.0000000 28.7092326 -272.5170859
v 0.0000000 29.1068074 -272.5170859
v 0.0000000 29.1068074 -272.1195111
v 0.0000000 28.7092326 -272.1195111
v 0.0000000 -186.3508221 3.4043001
v 0.0000000 -186.1108064 3.4043001
v 0.0000000 -186.1108064 3.6443158
v 0.0000000 -186.3508221 3.6443158
v 0.0000000 -478.4216263 -101.9742237
v 0.0000000 -478.1812705 -101.9742237
v 0.0000000 -478.1812705 -101.7338680
v 0.0000000 -478.4216263 -101.7338680
v 0.0000000 -116.6608421 337.3578776
v 0.0000000 -116.4208363 337.3578776
v 0.0000000 -116.4208363 337.5978834
v 0.0000000 -116.6608421 337.5978834
v 0.0000000 427.0107942 -347.4297113
v 0.0000000 427.2928516 -347.4297113
v 0.0000000 427.2928516 -347.1476538
v 0.0000000 427.0107942 -347.1476538
v 0.0000000 555.5931600 -241.3010523
v 0.0000000 555.8352033 -241.3010523
v 0.0000000 555.8352033 -241.0590090
v 0.0000000 555.5931600 -241.0590090
v 0.0000000 -155.1902905 -103.9473240
v 0.0000000 -154.4291769 -103.9473240
v 0.0000000 -154.4291769 -103.1862104
v 0.0000000 -155.1902905 -103.1862104
v 0.0000000 -330.0614627 -274.7862945
v 0.0000000 -329.6605585 -274.7862945
v 0.0000000 -329.6605585 -274.3853902
v 0.0000000 -330.0614627 -274.3853902
v 0.0000000 71.2028181 287.3586346
v 0.0000000 71.4588425 287.3586346
v 0.0000000 71.4588425 287.6146590
v 0.0000000 71.2028181 287.6146590
v 0.0000000 243.9272760 164.2139100
v 0.0000000 244.1767957 164.2139100
v 0.0000000 244.1767957 164.4634297
v 0.0000000 243.9272760 164.4634297
v 0.0000000 563.4227624 91.3367628
v 0.0000000 563.6707929 91.3367628
v 0.0000000 563.6707929 91.5847933
v 0.0000000 563.4227624 91.5847933
v 0.0000000 -487.8330026 -43.9729236
v 0.0000000 -486.8513561 -43.9729236
v 0.0000000 -486.8513561 -42.9912771
v 0.0000000 -487.8330026 -42.9912771
v 0.0000000 -184.8782717 -282.1692794
v 0.0000000 -183.9607951 -282.1692794
v 0.0000000 -183.9607951 -281.2518029
v 0.0000000 -184.8782717 -281.2518029
v 0.0000000 522.3054409 115.9783128
v 0.0000000 522.5463980 115.9783128
v 0.0000000 522.5463980 116.2192699
v 0.0000000 522.3054409 116.2192699
v 0.0000000 442.2636952 155.9867250
v 0.0000000 443.0662091 155.9867250
v 0.0000000 443.0662091 156.7892389
v 0.0000000 442.2636952 156.7892389
v 0.0000000 84.7098355 -202.1017798
v 0.0000000 86.1703252 -202.1017798
v 0.0000000 86.1703252 -200.6412901
v 0.0000000 84.7098355 -200.6412901
v 0.0000000 -381.7847067 -283.4293586
v 0.0000000 -381.5447031 -283.4293586
v 0.0000000 -381.5447031 -283.1893550
v 0.0000000 -381.7847067 -283.1893550
v 0.0000000 165.8823524 -336.0184663
v 0.0000000 166.3037456 -336.0184663
v 0.0000000 166.3037456 -335.5970731
v 0.0000000 165.8823524 -335.5970731
v 0.0000000 2.9527098 -104.0424581
v 0.0000000 3.2717393 -104.0424581
v 0.0000000 3.2717393 -103.7234286
v 0.0000000 2.9527098 -103.7234286
v 0.0000000 85.3368794 63.9249339
v 0.0000000 85.9312559 63.9249339
v 0.0000000 85.9312559 64.5193104
v 0.0000000 85.3368794 64.5193104
v 0.0000000 -112.3676984 -111.7842678
v 0.0000000 -111.8166318 -111.7842678
v 0.0000000 -111.8166318 -111.2332012
v 0.0000000 -112.3676984 -111.2332012
v 0.0000000 559.2896770 84.8176278
v 0.0000000 559.5327574 84.8176278
v 0.0000000 559.5327574 85.0607082
v 0.0000000 559.2896770 85.0607082
v 0.0000000 330.0897463 249.9076557
v 0.0000000 330.3297463 249.9076557
v 0.0000000 330.3297463 250.1476557
v 0.0000000 330.0897463 250.1476557
v 0.0000000 467.7346504 -316.8720139
v 0.0000000 467.9749701 -316.8720139
v 0.0000000 467.9749701 -316.6316942
v 0.0000000 467.7346504 -316.6316942
v 0.0000000 153.8149992 -215.5313483
v 0.0000000 154.0553062 -215.5313483
v 0.0000000 154.0553062 -215.2910413
v 0.0000000 153.8149992 -215.2910413
v 0.0000000 -311.2025037 -107.3657444
v 0.0000000 -310.9616008 -107.3657444
v 0.0000000 -310.9616008 -107.1248415
v 0.0000000 -311.2025037 -107.1248415
v 0.0000000 -330.7872239 -90.5631746
v 0.0000000 -330.4959658 -90.5631746
v 0.0000000 -330.4959658 -90.2719164
v 0.0000000 -330.7872239 -90.2719164
v 0.0000000 153.8325656 40.4494840
v 0.0000000 154.0725659 40.4494840
v 0.0000000 154.0725659 40.6894842
v 0.0000000 153.8325656 40.6894842
v 0.0000000 -125.7107587 -109.0150128
v 0.0000000 -125.3932096 -109.0150128
v 0.0000000 -125.3932096 -108.6974637
v 0.0000000 -125.7107587 -108.6974637
v 0.0000000 192.8005892 293.9274495
v 0.0000000 193.0405892 293.9274495
v 0.0000000 193.0405892 294.1674495
v 0.0000000 192.8005892 294.1674495
v 0.0000000 -43.6534198 -124.2145118
v 0.0000000 -43.3758193 -124.2145118
v 0.0000000 -43.3758193 -123.9369114
v 0.0000000 -43.6534198 -123.9369114
v 0.0000000 -393.3573502 294.2590703
v 0.0000000 -392.2173930 294.2590703
v 0.0000000 -392.2173930 295.3990275
v 0.0000000 -393.3573502 295.3990275
v 0.0000000 398.7175086 320.4712384
v 0.0000000 400.3946796 320.4712384
v 0.0000000 400.3946796 322.1484095
v 0.0000000 398.7175086 322.1484095
v 0.0000000 -394.5530274 -188.3681855
v 0.0000000 -393.5735720 -188.3681855
v 0.0000000 -393.5735720 -187.3887301
v 0.0000000 -394.5530274 -187.3887301
v 0.0000000 622.5314537 1.1745981
v 0.0000000 622.9230635 1.1745981
v 0.0000000 622.9230635 1.5662078
v 0.0000000 622.5314537 1.5662078
v 0.0000000 -436.4983665 300.8813523
v 0.0000000 -435.6579544 300.8813523
v 0.0000000 -435.6579544 301.7217644
v 0.0000000 -436.4983665 301.7217644
v 0.0000000 -257.3347024 -31.7266556
v 0.0000000 -257.0838217 -31.7266556
v 0.0000000 -257.0838217 -31.4757749
v 0.0000000 -257.3347024 -31.4757749
v 0.0000000 304.4540320 -190.4011908
v 0.0000000 304.6940320 -190.4011908
v 0.0000000 304.6940320 -190.1611908
v 0.0000000 304.4540320 -190.1611908
v 0.0000000 -25.1048655 -239.5887684
v 0.0000000 -24.8575944 -239.5887684
v 0.0000000 -24.8575944 -239.3414973
v 0.0000000 -25.1048655 -239.3414973
v 0.0000000 114.2277921 349.5723106
v 0.0000000 114.6267769 349.5723106
v 0.0000000 114.6267769 349.9712955
v 0.0000000 114.2277921 349.9712955
v 0.0000000 -441.3053829 -210.2285043
v 0.0000000 -441.0495917 -210.2285043
v 0.0000000 -441.0495917 -209.9727131
v 0.0000000 -441.3053829 -209.9727131
v 0.0000000 -127.6731759 110.4415075
v 0.0000000 -127.3989628 110.4415075
v 0.0000000 -127.3989628 110.7157206
v 0.0000000 -127.6731759 110.7157206
v 0.0000000 -103.9742827 272.9908074
v 0.0000000 -103.7342810 272.9908074
v 0.0000000 -103.7342810 273.2308090
v 0.0000000 -103.9742827 273.2308090
v 0.0000000 -610.9331613 -230.9297817
v 0.0000000 -610.6931294 -230.9297817
v 0.0000000 -610.6931294 -230.6897499
v 0.0000000 -610.9331613 -230.6897499
v 0.0000000 -337.5308307 -98.7783674
v 0.0000000 -337.0928661 -98.7783674
v 0.0000000 -337.0928661 -98.3404027
v 0.0000000 -337.5308307 -98.3404027
v 0.0000000 -73.5457567 349.5968514
v 0.0000000 -73.3057348 349.5968514
v 0.0000000 -73.3057348 349.8368733
v 0.0000000 -73.5457567 349.8368733
v 0.0000000 -11.2778460 -248.9914393
v 0.0000000 -11.0074083 -248.9914393
v 0.0000000 -11.0074083 -248.7210016
v 0.0000000 -11.2778460 -248.7210016
v 0.0000000 -220.5815525 -117.4475336
v 0.0000000 -219.8488253 -117.4475336
v 0.0000000 -219.8488253 -116.7148063
v 0.0000000 -220.5815525 -116.7148063
v 0.0000000 -413.3192055 -309.9877590
v 0.0000000 -413.0792055 -309.9877590
v 0.0000000 -413.0792055 -309.7477590
v 0.0000000 -413.3192055 -309.7477590
v 0.0000000 -621.4328222 -197.4931712
v 0.0000000 -621.1911652 -197.4931712
v 0.0000000 -621.1911652 -197.2515142
v 0.0000000 -621.4328222 -197.2515142
v 0.0000000 313.9283588 -282.1085826
v 0.0000000 314.1739954 -282.1085826
v 0.0000000 314.1739954 -281.8629461
v 0.0000000 313.9283588 -281.8629461
v 0.0000000 49.9154230 -60.3732774
v 0.0000000 50.1684315 -60.3732774
v 0.0000000 50.1684315 -60.1202689
v 0.0000000 49.9154230 -60.1202689
v 0.0000000 -52.3258896 -335.2556030
v 0.0000000 -52.0856308 -335.2556030
v 0.0000000 -52.0856308 -335.0153443
v 0.0000000 -52.3258896 -335.0153443
v 0.0000000 355.6011222 -110.1882493
v 0.0000000 355.9109662 -110.1882493
v 0.0000000 355.9109662 -109.8784053
v 0.0000000 355.6011222 -109.8784053
v 0.0000000 126.4603137 215.2317010
v 0.0000000 126.7583544 215.2317010
v 0.0000000 126.7583544 215.5297417
v 0.0000000 126.4603137 215.5297417
v 0.0000000 505.6004881 293.1595956
v 0.0000000 505.8404884 293.1595956
v 0.0000000 505.8404884 293.3995959
v 0.0000000 505.6004881 293.3995959
v 0.0000000 -220.0723517 277.2465738
v 0.0000000 -219.8187178 277.2465738
v 0.0000000 -219.8187178 277.5002077
v 0.0000000 -220.0723517 277.5002077
v 0.0000000 345.2601236 4.7981468
v 0.0000000 345.5003710 4.7981468
v 0.0000000 345.5003710 5.0383942
v 0.0000000 345.2601236 5.0383942
v 0.0000000 215.2635821 206.5620616
v 0.0000000 215.6205445 206.5620616
v 0.0000000 215.6205445 206.9190240
v 0.0000000 215.2635821 206.9190240
v 0.0000000 118.5270756 313.8673329
v 0.0000000 119.2391211 313.8673329
v 0.0000000 119.2391211 314.5793784
v 0.0000000 118.5270756 314.5793784
v 0.0000000 -421.4119065 -249.8046243
v 0.0000000 -420.8574082 -249.8046243
v 0.0000000 -420.8574082 -249.2501259
v 0.0000000 -421.4119065 -249.2501259
v 0.0000000 -130.5642036 -227.6399205
v 0.0000000 -129.5163260 -227.6399205
v 0.0000000 -129.5163260 -226.5920429
v 0.0000000 -130.5642036 -226.5920429
v 0.0000000 85.2557053 -60.0695750
v 0.0000000 85.4957071 -60.0695750
v 0.0000000 85.4957071 -59.8295732
v 0.0000000 85.2557053 -59.8295732
v 0.0000000 -542.8240337 -142.8768375
v 0.0000000 -541.7074748 -142.8768375
v 0.0000000 -541.7074748 -141.7602786
v 0.0000000 -542.8240337 -141.7602786
v 0.0000000 -394.0603904 -214.6343401
v 0.0000000 -393.8014752 -214.6343401
v 0.0000000 -393.8014752 -214.3754248
v 0.0000000 -394.0603904 -214.3754248
v 0.0000000 -572.2730502 -256.2983185
v 0.0000000 -571.8314122 -256.2983185
v 0.0000000 -571.8314122 -255.8566804
v 0.0000000 -572.2730502 -255.8566804
v 0.0000000 -190.7588675 357.3315847
v 0.0000000 -190.4787207 357.3315847
v 0.0000000 -190.4787207 357.6117315
v 0.0000000 -190.7588675 357.6117315
v 0.0000000 -602.9138745 46.7483728
v 0.0000000 -601.9532293 46.7483728
v 0.0000000 -601.9532293 47.7090179
v 0.0000000 -602.9138745 47.7090179
v 0.0000000 -292.5009761 118.2109541
v 0.0000000 -291.7825358 118.2109541
v 0.0000000 -291.7825358 118.9293944
v 0.0000000 -292.5009761 118.9293944
v 0.0000000 -275.2987969 -105.7000946
v 0.0000000 -275.0587684 -105.7000946
v 0.0000000 -275.0587684 -105.4600661
v 0.0000000 -275.2987969 -105.4600661
v 0.0000000 112.8003458 -12.6419264
v 0.0000000 113.0547165 -12.6419264
v 0.0000000 113.0547165 -12.3875556
v 0.0000000 112.8003458 -12.3875556
v 0.0000000 508.9684747 -123.3660933
v 0.0000000 509.3781450 -123.3660933
v 0.0000000 509.3781450 -122.9564229
v 0.0000000 508.9684747 -122.9564229
v 0.0000000 -128.0306883 -279.9274066
v 0.0000000 -127.7904770 -279.9274066
v 0.0000000 -127.7904770 -279.6871953
v 0.0000000 -128.0306883 -279.6871953
v 0.0000000 -171.9933981 201.3836150
v 0.0000000 -171.6715986 201.3836150
v 0.0000000 -171.6715986 201.7054145
v 0.0000000 -171.9933981 201.7054145
v 0.0000000 -122.1507388 -125.5825477
v 0.0000000 -121.8967389 -125.5825477
v 0.0000000 -121.8967389 -125.3285478
v 0.0000000 -122.1507388 -125.3285478
v 0.0000000 -194.9914398 236.0084615
v 0.0000000 -193.4481667 236.0084615
v 0.0000000 -193.4481667 237.5517346
v 0.0000000 -194.9914398 237.5517346
v 0.0000000 341.6122304 64.1392371
v 0.0000000 341.8643540 64.1392371
v 0.0000000 341.8643540 64.3913607
v 0.0000000 341.6122304 64.3913607
v 0.0000000 366.6642964 268.8038875
v 0.0000000 366.9047399 268.8038875
v 0.0000000 366.9047399 269.0443310
v 0.0000000 366.6642964 269.0443310
v 0.0000000 -452.0036155 -155.9007033
v 0.0000000 -451.4021938 -155.9007033
v 0.0000000 -451.4021938 -155.2992816
v 0.0000000 -452.0036155 -155.2992816
v 0.0000000 -487.8137205 357.9133215
v 0.0000000 -486.8677346 357.9133215
v 0.0000000 -486.8677346 358.8593074
v 0.0000000 -487.8137205 358.8593074
v 0.0000000 -600.0465123 -231.6476524
v 0.0000000 -599.8065122 -231.6476524
v 0.0000000 -599.8065122 -231.4076523
v 0.0000000 -600.0465123 -231.4076523
v 0.0000000 586.3618237 278.5699021
v 0.0000000 587.1005964 278.5699021
v 0.0000000 587.1005964 279.3086748
v 0.0000000 586.3618237 279.3086748
v 0.0000000 -201.7962072 -332.9986938
v 0.0000000 -200.3707327 -332.9986938
v 0.0000000 -200.3707327 -331.5732193
v 0.0000000 -201.7962072 -331.5732193
v 0.0000000 394.1286381 -97.8821913
v 0.0000000 394.3692128 -97.8821913
v 0.0000000 394.3692128 -97.6416166
v 0.0000000 394.1286381 -97.6416166
v 0.0000000 -344.3142426 117.0406445
v 0.0000000 -343.9583213 117.0406445
v 0.0000000 -343.9583213 117.3965658
v 0.0000000 -344.3142426 117.3965658
v 0.0000000 -249.6738468 127.2766384
v 0.0000000 -249.4296842 127.2766384
v 0.0000000 -249.4296842 127.5208010
v 0.0000000 -249.6738468 127.5208010
v 0.0000000 290.3923789 358.9761180
v 0.0000000 290.6327339 358.9761180
v 0.0000000 290.6327339 359.2164730
v 0.0000000 290.3923789 359.2164730
v 0.0000000 -99.6858668 -289.1549635
v 0.0000000 -99.4149740 -289.1549635
v 0.0000000 -99.4149740 -288.8840707
v 0.0000000 -99.6858668 -288.8840707
v 0.0000000 284.4210259 -219.3990275
v 0.0000000 285.1349168 -219.3990275
v 0.0000000 285.1349168 -218.6851366
v 0.0000000 284.4210259 -218.6851366
v 0.0000000 -592.7902007 -66.2810281
v 0.0000000 -592.5499141 -66.2810281
v 0.0000000 -592.5499141 -66.0407415
v 0.0000000 -592.7902007 -66.0407415
v 0.0000000 -247.6196122 -286.7793662
v 0.0000000 -247.3794555 -286.7793662
v 0.0000000 -247.3794555 -286.5392095
v 0.0000000 -247.6196122 -286.5392095
v 0.0000000 212.0828566 -152.7019477
v 0.0000000 213.8839899 -152.7019477
v 0.0000000 213.8839899 -150.9008143
v 0.0000000 212.0828566 -150.9008143
v 0.0000000 -2.2698793 -151.0177597
v 0.0000000 -2.0269475 -151.0177597
v 0.0000000 -2.0269475 -150.7748280
v 0.0000000 -2.2698793 -150.7748280
v 0.0000000 364.1030867 32.3407862
v 0.0000000 364.5211772 32.3407862
v 0.0000000 364.5211772 32.7588767
v 0.0000000 364.1030867 32.7588767
v 0.0000000 188.6693573 139.8859848
v 0.0000000 188.9104273 139.8859848
v 0.0000000 188.9104273 140.1270548
v 0.0000000 188.6693573 140.1270548
v 0.0000000 489.6993794 -0.9826201
v 0.0000000 490.0679347 -0.9826201
v 0.0000000 490.0679347 -0.6140649
v 0.0000000 489.6993794 -0.6140649
v 0.0000000 -397.4326128 -132.8140513
v 0.0000000 -397.1768345 -132.8140513
v 0.0000000 -397.1768345 -132.5582729
v 0.0000000 -397.4326128 -132.5582729
v 0.0000000 -318.9276748 187.8747228
v 0.0000000 -317.3661236 187.8747228
v 0.0000000 -317.3661236 189.4362740
v 0.0000000 -318.9276748 189.4362740
v 0.0000000 261.5685343 350.1020745
v 0.0000000 262.3091189 350.1020745
v 0.0000000 262.3091189 350.8426591
v 0.0000000 261.5685343 350.8426591
v 0.0000000 542.7443366 -96.2914926
v 0.0000000 542.9843785 -96.2914926
v 0.0000000 542.9843785 -96.0514508
v 0.0000000 542.7443366 -96.0514508
v 0.0000000 -237.8792277 73.6638313
v 0.0000000 -237.3269648 73.6638313
v 0.0000000 -237.3269648 74.2160941
v 0.0000000 -237.8792277 74.2160941
v 0.0000000 553.8076409 -284.3593292
v 0.0000000 554.3378601 -284.3593292
v 0.0000000 554.3378601 -283.8291100
v 0.0000000 553.8076409 -283.8291100
v 0.0000000 -224.7782274 271.2012571
v 0.0000000 -223.7088624 271.2012571
v 0.0000000 -223.7088624 272.2706222
v 0.0000000 -224.7782274 272.2706222
v 0.0000000 214.1970019 160.3118577
v 0.0000000 214.5537973 160.3118577
v 0.0000000 214.5537973 160.6686531
v 0.0000000 214.1970019 160.6686531
v 0.0000000 -361.4331854 -336.0228469
v 0.0000000 -360.6244752 -336.0228469
v 0.0000000 -360.6244752 -335.2141367
v 0.0000000 -361.4331854 -335.2141367
v 0.0000000 178.3114134 139.0069793
v 0.0000000 178.9508845 139.0069793
v 0.0000000 178.9508845 139.6464504
v 0.0000000 178.3114134 139.6464504
v 0.0000000 -566.2815549 -133.3510956
v 0.0000000 -566.0382200 -133.3510956
v 0.0000000 -566.0382200 -133.1077607
v 0.0000000 -566.2815549 -133.1077607
v 0.0000000 -268.1046954 -80.7529877
v 0.0000000 -267.8646724 -80.7529877
v 0.0000000 -267.8646724 -80.5129647
v 0.0000000 -268.1046954 -80.5129647
v 0.0000000 -399.0412302 163.3613891
v 0.0000000 -397.5767967 163.3613891
v 0.0000000 -397.5767967 164.8258225
v 0.0000000 -399.0412302 164.8258225
v 0.0000000 605.3236288 -73.8507491
v 0.0000000 606.7505752 -73.8507491
v 0.0000000 606.7505752 -72.4238027
v 0.0000000 605.3236288 -72.4238027
v 0.0000000 -603.2869718 -252.1329635
v 0.0000000 -603.0466905 -252.1329635
v 0.0000000 -603.0466905 -251.8926823
v 0.0000000 -603.2869718 -251.8926823
v 0.0000000 -281.2261526 123.9700696
v 0.0000000 -280.9680632 123.9700696
v 0.0000000 -280.9680632 124.2281590
v 0.0000000 -281.2261526 124.2281590
v 0.0000000 -212.3834740 -68.4049353
v 0.0000000 -212.0444521 -68.4049353
v 0.0000000 -212.0444521 -68.0659134
v 0.0000000 -212.3834740 -68.0659134
v 0.0000000 182.1818912 -22.5455412
v 0.0000000 182.4218912 -22.5455412
v 0.0000000 182.4218912 -22.3055412
v 0.0000000 182.1818912 -22.3055412
v 0.0000000 578.5624647 257.0520504
v 0.0000000 578.8029638 257.0520504
v 0.0000000 578.8029638 257.2925495
v 0.0000000 578.5624647 257.2925495
v 0.0000000 538.4685116 -71.5445044
v 0.0000000 538.7085214 -71.5445044
v 0.0000000 538.7085214 -71.3044946
v 0.0000000 538.4685116 -71.3044946
v 0.0000000 -447.0698731 -263.1397574
v 0.0000000 -446.3360061 -263.1397574
v 0.0000000 -446.3360061 -262.4058904
v 0.0000000 -447.0698731 -262.4058904
v 0.0000000 -83.2484713 -253.6780523
v 0.0000000 -83.0076535 -253.6780523
v 0.0000000 -83.0076535 -253.4372344
v 0.0000000 -83.2484713 -253.4372344
v 0.0000000 239.6106618 73.9228914
v 0.0000000 241.2831607 73.9228914
v 0.0000000 241.2831607 75.5953903
v 0.0000000 239.6106618 75.5953903
v 0.0000000 371.7301906 -45.7547675
v 0.0000000 372.0507120 -45.7547675
v 0.0000000 372.0507120 -45.4342461
v 0.0000000 371.7301906 -45.4342461
v 0.0000000 173.3648746 -184.8204654
v 0.0000000 174.2539160 -184.8204654
v 0.0000000 174.2539160 -183.9314239
v 0.0000000 173.3648746 -183.9314239
v 0.0000000 -350.0017398 163.0659727
v 0.0000000 -349.7058686 163.0659727
v 0.0000000 -349.7058686 163.3618439
v 0.0000000 -350.0017398 163.3618439
v 0.0000000 -272.4761526 63.4980555
v 0.0000000 -272.2361522 63.4980555
v 0.0000000 -272.2361522 63.7380559
v 0.0000000 -272.4761526 63.7380559
v 0.0000000 -285.1235740 220.9287407
v 0.0000000 -284.8835740 220.9287407
v 0.0000000 -284.8835740 221.1687407
v 0.0000000 -285.1235740 221.1687407
v 0.0000000 -13.8902895 69.6633269
v 0.0000000 -13.4841298 69.6633269
v 0.0000000 -13.4841298 70.0694866
v 0.0000000 -13.8902895 70.0694866
v 0.0000000 -138.5756285 -129.6343007
v 0.0000000 -137.7085731 -129.6343007
v 0.0000000 -137.7085731 -128.7672453
v 0.0000000 -138.5756285 -128.7672453
v 0.0000000 -5.0740585 -158.7243903
v 0.0000000 -4.8328789 -158.7243903
v 0.0000000 -4.8328789 -158.4832107
v 0.0000000 -5.0740585 -158.4832107
v 0.0000000 -459.8728830 -243.0997457
v 0.0000000 -459.6312801 -243.0997457
v 0.0000000 -459.6312801 -242.8581428
v 0.0000000 -459.8728830 -242.8581428
v 0.0000000 557.6084892 -267.1700439
v 0.0000000 557.8513504 -267.1700439
v 0.0000000 557.8513504 -266.9271827
v 0.0000000 557.6084892 -266.9271827
v 0.0000000 -41.1332395 331.2172730
v 0.0000000 -40.4950178 331.2172730
v 0.0000000 -40.4950178 331.8554948
v 0.0000000 -41.1332395 331.8554948
v 0.0000000 -284.0025876 -238.9429052
v 0.0000000 -283.5700657 -238.9429052
v 0.0000000 -283.5700657 -238.5103833
v 0.0000000 -284.0025876 -238.5103833
v 0.0000000 417.4584104 -30.4049900
v 0.0000000 418.0323492 -30.4049900
v 0.0000000 418.0323492 -29.8310512
v 0.0000000 417.4584104 -29.8310512
v 0.0000000 437.0049765 80.3260172
v 0.0000000 437.5440352 80.3260172
v 0.0000000 437.5440352 80.8650759
v 0.0000000 437.0049765 80.8650759
v 0.0000000 -101.7621748 -255.2118723
v 0.0000000 -101.5199599 -255.2118723
v 0.0000000 -101.5199599 -254.9696574
v 0.0000000 -101.7621748 -254.9696574
v 0.0000000 -536.6904025 -40.8433297
v 0.0000000 -535.9137013 -40.8433297
v 0.0000000 -535.9137013 -40.0666285
v 0.0000000 -536.6904025 -40.0666285
v 0.0000000 559.7551218 -83.9283890
v 0.0000000 560.4005291 -83.9283890
v 0.0000000 560.4005291 -83.2829817
v 0.0000000 559.7551218 -83.2829817
v 0.0000000 -257.2488732 -209.1038596
v 0.0000000 -256.6612842 -209.1038596
v 0.0000000 -256.6612842 -208.5162705
v 0.0000000 -257.2488732 -208.5162705
v 0.0000000 87.9053466 -118.3283551
v 0.0000000 88.5109539 -118.3283551
v 0.0000000 88.5109539 -117.7227477
v 0.0000000 87.9053466 -117.7227477
v 0.0000000 377.4424954 -218.3787647
v 0.0000000 378.7391236 -218.3787647
v 0.0000000 378.7391236 -217.0821365
v 0.0000000 377.4424954 -217.0821365
v 0.0000000 567.3415673 -321.2449976
v 0.0000000 567.8245076 -321.2449976
v 0.0000000 567.8245076 -320.7620573
v 0.0000000 567.3415673 -320.7620573
v 0.0000000 -73.1830599 306.6517285
v 0.0000000 -72.8722937 306.6517285
v 0.0000000 -72.8722937 306.9624947
v 0.0000000 -73.1830599 306.9624947
v 0.0000000 420.0837740 249.3999450
v 0.0000000 420.8182759 249.3999450
v 0.0000000 420.8182759 250.1344470
v 0.0000000 420.0837740 250.1344470
v 0.0000000 -432.4647249 -235.3660115
v 0.0000000 -432.0710810 -235.3660115
v 0.0000000 -432.0710810 -234.9723676
v 0.0000000 -432.4647249 -234.9723676
v 0.0000000 -561.9984403 37.4245921
v 0.0000000 -561.3273739 37.4245921
v 0.0000000 -561.3273739 38.0956585
v 0.0000000 -561.9984403 38.0956585
v 0.0000000 -436.0935403 304.2528638
v 0.0000000 -435.1160099 304.2528638
v 0.0000000 -435.1160099 305.2303943
v 0.0000000 -436.0935403 305.2303943
v 0.0000000 -451.8072092 -290.7613163
v 0.0000000 -451.5668825 -290.7613163
v 0.0000000 -451.5668825 -290.5209896
v 0.0000000 -451.8072092 -290.5209896
v 0.0000000 -229.9254784 65.5196437
v 0.0000000 -228.3784571 65.5196437
v 0.0000000 -228.3784571 67.0666651
v 0.0000000 -229.9254784 67.0666651
v 0.0000000 -568.4517088 -346.6011857
v 0.0000000 -568.2047885 -346.6011857
v 0.0000000 -568.2047885 -346.3542653
v 0.0000000 -568.4517088 -346.3542653
v 0.0000000 337.7636839 209.4691978
v 0.0000000 338.0040121 209.4691978
v 0.0000000 338.0040121 209.7095261
v 0.0000000 337.7636839 209.7095261
v 0.0000000 581.4380985 169.3178245
v 0.0000000 581.8212310 169.3178245
v 0.0000000 581.8212310 169.7009570
v 0.0000000 581.4380985 169.7009570
v 0.0000000 -629.1277415 85.2946060
v 0.0000000 -628.8877397 85.2946060
v 0.0000000 -628.8877397 85.5346078
v 0.0000000 -629.1277415 85.5346078
v 0.0000000 426.6549227 28.4868543
v 0.0000000 427.1576816 28.4868543
v 0.0000000 427.1576816 28.9896133
v 0.0000000 426.6549227 28.9896133
v 0.0000000 -221.1672375 -146.2033883
v 0.0000000 -220.9231961 -146.2033883
v 0.0000000 -220.9231961 -145.9593469
v 0.0000000 -221.1672375 -145.9593469
v 0.0000000 -222.7526853 -62.8042575
v 0.0000000 -222.5125420 -62.8042575
v 0.0000000 -222.5125420 -62.5641142
v 0.0000000 -222.7526853 -62.5641142
v 0.0000000 -16.0522028 266.3952402
v 0.0000000 -15.7140948 266.3952402
v 0.0000000 -15.7140948 266.7333481
v 0.0000000 -16.0522028 266.7333481
v 0.0000000 616.2622052 144.1637560
v 0.0000000 616.5341111 144.1637560
v 0.0000000 616.5341111 144.4356619
v 0.0000000 616.2622052 144.4356619
v 0.0000000 32.7302064 307.4206889
v 0.0000000 32.9828973 307.4206889
v 0.0000000 32.9828973 307.6733798
v 0.0000000 32.7302064 307.6733798
v 0.0000000 355.2515515 -106.8131651
v 0.0000000 355.4959389 -106.8131651
v 0.0000000 355.4959389 -106.5687776
v 0.0000000 355.2515515 -106.5687776
v 0.0000000 579.9989738 15.8062227
v 0.0000000 580.2389872 15.8062227
v 0.0000000 580.2389872 16.0462361
v 0.0000000 579.9989738 16.0462361
v 0.0000000 586.3612296 -180.8682214
v 0.0000000 586.6103504 -180.8682214
v 0.0000000 586.6103504 -180.6191005
v 0.0000000 586.3612296 -180.6191005
v 0.0000000 84.1047533 -67.4019686
v 0.0000000 85.1967194 -67.4019686
v 0.0000000 85.1967194 -66.3100026
v 0.0000000 84.1047533 -66.3100026
v 0.0000000 288.0983576 21.9406956
v 0.0000000 288.3668028 21.9406956
v 0.0000000 288.3668028 22.2091408
v 0.0000000 288.0983576 22.2091408
v 0.0000000 574.8496049 43.1115215
v 0.0000000 575.1438558 43.1115215
v 0.0000000 575.1438558 43.4057724
v 0.0000000 574.8496049 43.4057724
v 0.0000000 -214.4115413 -323.0324136
v 0.0000000 -214.1715403 -323.0324136
v 0.0000000 -214.1715403 -322.7924126
v 0.0000000 -214.4115413 -322.7924126
v 0.0000000 259.7842351 -62.3386125
v 0.0000000 260.0265607 -62.3386125
v 0.0000000 260.0265607 -62.0962869
v 0.0000000 259.7842351 -62.0962869
v 0.0000000 559.2846119 298.4275104
v 0.0000000 559.5246119 298.4275104
v 0.0000000 559.5246119 298.6675104
v 0.0000000 559.2846119 298.6675104
v 0.0000000 172.5523477 335.0382610
v 0.0000000 172.7973640 335.0382610
v 0.0000000 172.7973640 335.2832773
v 0.0000000 172.5523477 335.2832773
v 0.0000000 239.2717701 253.4833768
v 0.0000000 239.5117701 253.4833768
v 0.0000000 239.5117701 253.7233768
v 0.0000000 239.2717701 253.7233768
v 0.0000000 -31.0206120 -294.9317559
v 0.0000000 -30.7708591 -294.9317559
v 0.0000000 -30.7708591 -294.6820030
v 0.0000000 -31.0206120 -294.6820030
v 0.0000000 506.4502463 267.6304344
v 0.0000000 508.1272174 267.6304344
v 0.0000000 508.1272174 269.3074055
v 0.0000000 506.4502463 269.3074055
v 0.0000000 203.8104733 196.1007379
v 0.0000000 204.0669186 196.1007379
v 0.0000000 204.0669186 196.3571832
v 0.0000000 203.8104733 196.3571832
v 0.0000000 539.3770591 -327.2381516
v 0.0000000 539.6191887 -327.2381516
v 0.0000000 539.6191887 -326.9960221
v 0.0000000 539.3770591 -326.9960221
v 0.0000000 -529.2496549 -345.8991674
v 0.0000000 -528.9457659 -345.8991674
v 0.0000000 -528.9457659 -345.5952784
v 0.0000000 -529.2496549 -345.5952784
v 0.0000000 322.0217137 -338.4501839
v 0.0000000 323.0438980 -338.4501839
v 0.0000000 323.0438980 -337.4279996
v 0.0000000 322.0217137 -337.4279996
v 0.0000000 -485.6226782 118.8732217
v 0.0000000 -485.3780175 118.8732217
v 0.0000000 -485.3780175 119.1178825
v 0.0000000 -485.6226782 119.1178825
v 0.0000000 -318.6717227 179.0270008
v 0.0000000 -318.4305386 179.0270008
v 0.0000000 -318.4305386 179.2681849
v 0.0000000 -318.6717227 179.2681849
v 0.0000000 -181.5782696 126.6566424
v 0.0000000 -181.0524728 126.6566424
v 0.0000000 -181.0524728 127.1824392
v 0.0000000 -181.5782696 127.1824392
v 0.0000000 438.0360658 -338.5883129
v 0.0000000 438.2761256 -338.5883129
v 0.0000000 438.2761256 -338.3482530
v 0.0000000 438.0360658 -338.3482530
v 0.0000000 235.3363121 99.5718814
v 0.0000000 236.1715946 99.5718814
v 0.0000000 236.1715946 100.4071639
v 0.0000000 235.3363121 100.4071639
v 0.0000000 196.6488915 186.1209071
v 0.0000000 197.1235977 186.1209071
v 0.0000000 197.1235977 186.5956133
v 0.0000000 196.6488915 186.5956133
v 0.0000000 -85.9053401 -289.8742474
v 0.0000000 -85.6460279 -289.8742474
v 0.0000000 -85.6460279 -289.6149352
v 0.0000000 -85.9053401 -289.6149352
v 0.0000000 13.9666026 67.9564967
v 0.0000000 14.2306614 67.9564967
v 0.0000000 14.2306614 68.2205555
v 0.0000000 13.9666026 68.2205555
v 0.0000000 -439.8347133 -89.4651678
v 0.0000000 -438.0389229 -89.4651678
v 0.0000000 -438.0389229 -87.6693774
v 0.0000000 -439.8347133 -87.6693774
v 0.0000000 169.8605395 249.6309102
v 0.0000000 171.5289361 249.6309102
v 0.0000000 171.5289361 251.2993068
v 0.0000000 169.8605395 251.2993068
v 0.0000000 -544.5490713 205.7084080
v 0.0000000 -544.3049908 205.7084080
v 0.0000000 -544.3049908 205.9524885
v 0.0000000 -544.5490713 205.9524885
v 0.0000000 303.8903187 88.1701874
v 0.0000000 304.1303735 88.1701874
v 0.0000000 304.1303735 88.4102421
v 0.0000000 303.8903187 88.4102421
v 0.0000000 440.9199739 -267.1714606
v 0.0000000 441.1608757 -267.1714606
v 0.0000000 441.1608757 -266.9305589
v 0.0000000 440.9199739 -266.9305589
v 0.0000000 -162.1841057 -66.5495612
v 0.0000000 -161.9431172 -66.5495612
v 0.0000000 -161.9431172 -66.3085727
v 0.0000000 -162.1841057 -66.3085727
v 0.0000000 -156.3023365 -80.5345740
v 0.0000000 -156.0617008 -80.5345740
v 0.0000000 -156.0617008 -80.2939383
v 0.0000000 -156.3023365 -80.2939383
v 0.0000000 -182.7060410 -167.4484022
v 0.0000000 -181.6526665 -167.4484022
v 0.0000000 -181.6526665 -166.3950276
v 0.0000000 -182.7060410 -166.3950276
v 0.0000000 -612.8501299 -65.7273098
v 0.0000000 -612.6069289 -65.7273098
v 0.0000000 -612.6069289 -65.4841089
v 0.0000000 -612.8501299 -65.4841089
v 0.0000000 442.9298355 -126.9850626
v 0.0000000 443.1751767 -126.9850626
v 0.0000000 443.1751767 -126.7397213
v 0.0000000 442.9298355 -126.7397213
v 0.0000000 -241.8598590 -332.4294742
v 0.0000000 -241.5673093 -332.4294742
v 0.0000000 -241.5673093 -332.1369246
v 0.0000000 -241.8598590 -332.1369246
v 0.0000000 103.0245800 -160.4131564
v 0.0000000 103.5976457 -160.4131564
v 0.0000000 103.5976457 -159.8400907
v 0.0000000 103.0245800 -159.8400907
v 0.0000000 -285.4050028 -53.6096760
v 0.0000000 -284.0559801 -53.6096760
v 0.0000000 -284.0559801 -52.2606532
v 0.0000000 -285.4050028 -52.2606532
v 0.0000000 -152.3132781 -262.4363741
v 0.0000000 -151.9717258 -262.4363741
v 0.0000000 -151.9717258 -262.0948217
v 0.0000000 -152.3132781 -262.0948217
v 0.0000000 -219.0280225 213.3227738
v 0.0000000 -218.7532890 213.3227738
v 0.0000000 -218.7532890 213.5975072
v 0.0000000 -219.0280225 213.5975072
v 0.0000000 -91.4291017 -337.0715531
v 0.0000000 -91.0465635 -337.0715531
v 0.0000000 -91.0465635 -336.6890149
v 0.0000000 -91.4291017 -336.6890149
v 0.0000000 -435.6317642 303.2134088
v 0.0000000 -435.3914580 303.2134088
v 0.0000000 -435.3914580 303.4537150
v 0.0000000 -435.6317642 303.4537150
v 0.0000000 222.1080831 -42.1459414
v 0.0000000 222.3480831 -42.1459414
v 0.0000000 222.3480831 -41.9059413
v 0.0000000 222.1080831 -41.9059413
v 0.0000000 272.0245048 285.4112212
v 0.0000000 272.2661821 285.4112212
v 0.0000000 272.2661821 285.6528985
v 0.0000000 272.0245048 285.6528985
v 0.0000000 -610.1190952 -156.3222661
v 0.0000000 -609.7050776 -156.3222661
v 0.0000000 -609.7050776 -155.9082485
v 0.0000000 -610.1190952 -155.9082485
v 0.0000000 -389.1335449 207.2686231
v 0.0000000 -388.8925661 207.2686231
v 0.0000000 -388.8925661 207.5096020
v 0.0000000 -389.1335449 207.5096020
v 0.0000000 -378.9336490 -35.3546655
v 0.0000000 -378.6091773 -35.3546655
v 0.0000000 -378.6091773 -35.0301938
v 0.0000000 -378.9336490 -35.0301938
v 0.0000000 203.4471851 147.4124228
v 0.0000000 204.9919955 147.4124228
v 0.0000000 204.9919955 148.9572333
v 0.0000000 203.4471851 148.9572333
v 0.0000000 -69.0886789 -46.7943386
v 0.0000000 -67.9528432 -46.7943386
v 0.0000000 -67.9528432 -45.6585030
v 0.0000000 -69.0886789 -45.6585030
v 0.0000000 -166.0589823 -57.9011458
v 0.0000000 -165.8177583 -57.9011458
v 0.0000000 -165.8177583 -57.6599218
v 0.0000000 -166.0589823 -57.6599218
v 0.0000000 379.2206277 -62.9615294
v 0.0000000 379.6138393 -62.9615294
v 0.0000000 379.6138393 -62.5683178
v 0.0000000 379.2206277 -62.5683178
v 0.0000000 -106.4232032 -76.1097993
v 0.0000000 -106.1407589 -76.1097993
v 0.0000000 -106.1407589 -75.8273550
v 0.0000000 -106.4232032 -75.8273550
v 0.0000000 147.0115785 -53.3220282
v 0.0000000 147.9113217 -53.3220282
v 0.0000000 147.9113217 -52.4222849
v 0.0000000 147.0115785 -52.4222849
v 0.0000000 -477.2836968 137.3773753
v 0.0000000 -477.0436960 137.3773753
v 0.0000000 -477.0436960 137.6173761
v 0.0000000 -477.2836968 137.6173761
v 0.0000000 467.9895065 -113.7141513
v 0.0000000 468.4182625 -113.7141513
v 0.0000000 468.4182625 -113.2853952
v 0.0000000 467.9895065 -113.2853952
v 0.0000000 -7.1414980 327.3868337
v 0.0000000 -6.5999120 327.3868337
v 0.0000000 -6.5999120 327.9284197
v 0.0000000 -7.1414980 327.9284197
v 0.0000000 -554.8080559 -67.2886649
v 0.0000000 -553.5818551 -67.2886649
v 0.0000000 -553.5818551 -66.0624641
v 0.0000000 -554.8080559 -66.0624641
v 0.0000000 -188.0356991 -287.7366773
v 0.0000000 -187.1535328 -287.7366773
v 0.0000000 -187.1535328 -286.8545110
v 0.0000000 -188.0356991 -286.8545110
v 0.0000000 -45.3949894 -321.6629905
v 0.0000000 -45.1409567 -321.6629905
v 0.0000000 -45.1409567 -321.4089578
v 0.0000000 -45.3949894 -321.4089578
v 0.0000000 24.1971560 -273.9085546
v 0.0000000 24.4522327 -273.9085546
v 0.0000000 24.4522327 -273.6534779
v 0.0000000 24.1971560 -273.6534779
v 0.0000000 -152.0221233 -335.1585525
v 0.0000000 -151.7821232 -335.1585525
v 0.0000000 -151.7821232 -334.9185523
v 0.0000000 -152.0221233 -334.9185523
v 0.0000000 -253.4081559 -167.8434532
v 0.0000000 -252.6296005 -167.8434532
v 0.0000000 -252.6296005 -167.0648979
v 0.0000000 -253.4081559 -167.0648979
v 0.0000000 -591.2608597 274.0707895
v 0.0000000 -590.9612475 274.0707895
v 0.0000000 -590.9612475 274.3704017
v 0.0000000 -591.2608597 274.3704017
v 0.0000000 521.1717596 -93.2101886
v 0.0000000 522.9114784 -93.2101886
v 0.0000000 522.9114784 -91.4704698
v 0.0000000 521.1717596 -91.4704698
v 0.0000000 200.0446201 71.2674063
v 0.0000000 200.9110763 71.2674063
v 0.0000000 200.9110763 72.1338625
v 0.0000000 200.0446201 72.1338625
v 0.0000000 -22.4459726 242.0267783
v 0.0000000 -22.2000381 242.0267783
v 0.0000000 -22.2000381 242.2727129
v 0.0000000 -22.4459726 242.2727129
v 0.0000000 -511.5899599 -80.6123661
v 0.0000000 -510.8646978 -80.6123661
v 0.0000000 -510.8646978 -79.8871040
v 0.0000000 -511.5899599 -79.8871040
v 0.0000000 -496.2535631 103.0323628
v 0.0000000 -495.4436809 103.0323628
v 0.0000000 -495.4436809 103.8422450
v 0.0000000 -496.2535631 103.8422450
v 0.0000000 -104.1180912 -112.3319021
v 0.0000000 -103.7194533 -112.3319021
v 0.0000000 -103.7194533 -111.9332642
v 0.0000000 -104.1180912 -111.9332642
v 0.0000000 -159.1466371 -44.9047252
v 0.0000000 -158.8330032 -44.9047252
v 0.0000000 -158.8330032 -44.5910913
v 0.0000000 -159.1466371 -44.5910913
v 0.0000000 132.4843085 -300.7431687
v 0.0000000 132.9464711 -300.7431687
v 0.0000000 132.9464711 -300.2810061
v 0.0000000 132.4843085 -300.2810061
v 0.0000000 -107.0094969 51.7228295
v 0.0000000 -105.5409924 51.7228295
v 0.0000000 -105.5409924 53.1913341
v 0.0000000 -107.0094969 53.1913341
v 0.0000000 -555.7954809 246.6664611
v 0.0000000 -555.5554414 246.6664611
v 0.0000000 -555.5554414 246.9065006
v 0.0000000 -555.7954809 246.9065006
v 0.0000000 277.4699594 -314.5888005
v 0.0000000 277.7441820 -314.5888005
v 0.0000000 277.7441820 -314.3145779
v 0.0000000 277.4699594 -314.3145779
v 0.0000000 281.3139480 257.3320186
v 0.0000000 281.6389080 257.3320186
v 0.0000000 281.6389080 257.6569786
v 0.0000000 281.3139480 257.6569786
v 0.0000000 -607.6217949 -328.2128532
v 0.0000000 -607.0988439 -328.2128532
v 0.0000000 -607.0988439 -327.6899021
v 0.0000000 -607.6217949 -327.6899021
v 0.0000000 -402.6740605 344.3892016
v 0.0000000 -402.4340583 344.3892016
v 0.0000000 -402.4340583 344.6292039
v 0.0000000 -402.6740605 344.6292039
v 0.0000000 -292.7221604 90.9581527
v 0.0000000 -292.3971090 90.9581527
v 0.0000000 -292.3971090 91.2832041
v 0.0000000 -292.7221604 91.2832041
v 0.0000000 359.6494810 283.6952027
v 0.0000000 361.1009476 283.6952027
v 0.0000000 361.1009476 285.1466693
v 0.0000000 359.6494810 285.1466693
v 0.0000000 -501.0279519 -98.7103430
v 0.0000000 -500.7589927 -98.7103430
v 0.0000000 -500.7589927 -98.4413839
v 0.0000000 -501.0279519 -98.4413839
v 0.0000000 -142.1580762 39.3488038
v 0.0000000 -141.8743402 39.3488038
v 0.0000000 -141.8743402 39.6325398
v 0.0000000 -142.1580762 39.6325398
v 0.0000000 -578.6889157 -234.0996021
v 0.0000000 -577.4783431 -234.0996021
v 0.0000000 -577.4783431 -232.8890295
v 0.0000000 -578.6889157 -232.8890295
v 0.0000000 -49.7973665 -3.8256646
v 0.0000000 -49.5573658 -3.8256646
v 0.0000000 -49.5573658 -3.5856639
v 0.0000000 -49.7973665 -3.5856639
v 0.0000000 -304.0799920 74.1617204
v 0.0000000 -303.2898864 74.1617204
v 0.0000000 -303.2898864 74.9518260
v 0.0000000 -304.0799920 74.9518260
v 0.0000000 -577.8450929 311.2601871
v 0.0000000 -577.6050928 311.2601871
v 0.0000000 -577.6050928 311.5001871
v 0.0000000 -577.8450929 311.5001871
v 0.0000000 607.5457687 52.8198228
v 0.0000000 607.8166415 52.8198228
v 0.0000000 607.8166415 53.0906956
v 0.0000000 607.5457687 53.0906956
v 0.0000000 33.1806353 135.1758887
v 0.0000000 33.4314386 135.1758887
v 0.0000000 33.4314386 135.4266920
v 0.0000000 33.1806353 135.4266920
v 0.0000000 -569.4291446 201.4053650
v 0.0000000 -568.1710094 201.4053650
v 0.0000000 -568.1710094 202.6635002
v 0.0000000 -569.4291446 202.6635002
v 0.0000000 348.6433053 352.1403662
v 0.0000000 349.7231013 352.1403662
v 0.0000000 349.7231013 353.2201622
v 0.0000000 348.6433053 353.2201622
v 0.0000000 -290.6988535 105.6810983
v 0.0000000 -290.4564688 105.6810983
v 0.0000000 -290.4564688 105.9234830
v 0.0000000 -290.6988535 105.9234830
v 0.0000000 589.0638122 -107.1975196
v 0.0000000 589.6279475 -107.1975196
v 0.0000000 589.6279475 -106.6333843
v 0.0000000 589.0638122 -106.6333843
v 0.0000000 437.8735170 -231.3931109
v 0.0000000 438.1216667 -231.3931109
v 0.0000000 438.1216667 -231.1449611
v 0.0000000 437.8735170 -231.1449611
v 0.0000000 -187.1554309 28.7503537
v 0.0000000 -186.9154265 28.7503537
v 0.0000000 -186.9154265 28.9903581
v 0.0000000 -187.1554309 28.9903581
v 0.0000000 316.1103403 -301.3221317
v 0.0000000 316.7591786 -301.3221317
v 0.0000000 316.7591786 -300.6732935
v 0.0000000 316.1103403 -300.6732935
v 0.0000000 -49.5709948 256.9026911
v 0.0000000 -49.2111768 256.9026911
v 0.0000000 -49.2111768 257.2625092
v 0.0000000 -49.5709948 257.2625092
v 0.0000000 -434.8267155 -145.7431416
v 0.0000000 -434.3096515 -145.7431416
v 0.0000000 -434.3096515 -145.2260776
v 0.0000000 -434.8267155 -145.2260776
v 0.0000000 343.6236140 277.1524558
v 0.0000000 345.2352152 277.1524558
v 0.0000000 345.2352152 278.7640570
v 0.0000000 343.6236140 278.7640570
v 0.0000000 83.1983566 -86.2908205
v 0.0000000 83.5968704 -86.2908205
v 0.0000000 83.5968704 -85.8923067
v 0.0000000 83.1983566 -85.8923067
v 0.0000000 77.2786031 292.7642540
v 0.0000000 77.5292430 292.7642540
v 0.0000000 77.5292430 293.0148939
v 0.0000000 77.2786031 293.0148939
v 0.0000000 307.3050383 -167.4512618
v 0.0000000 307.6007946 -167.4512618
v 0.0000000 307.6007946 -167.1555056
v 0.0000000 307.3050383 -167.1555056
v 0.0000000 -567.8868038 218.4425042
v 0.0000000 -567.5244873 218.4425042
v 0.0000000 -567.5244873 218.8048206
v 0.0000000 -567.8868038 218.8048206
v 0.0000000 67.4813159 -85.1801475
v 0.0000000 67.8247302 -85.1801475
v 0.0000000 67.8247302 -84.8367332
v 0.0000000 67.4813159 -84.8367332
v 0.0000000 -439.4042397 -238.9075264
v 0.0000000 -437.8613901 -238.9075264
v 0.0000000 -437.8613901 -237.3646768
v 0.0000000 -439.4042397 -237.3646768
v 0.0000000 128.5822134 357.2542976
v 0.0000000 128.9679530 357.2542976
v 0.0000000 128.9679530 357.6400371
v 0.0000000 128.5822134 357.6400371
v 0.0000000 18.7530857 51.5539447
v 0.0000000 18.9949512 51.5539447
v 0.0000000 18.9949512 51.7958102
v 0.0000000 18.7530857 51.7958102
v 0.0000000 -349.0637911 -127.5777792
v 0.0000000 -348.8236092 -127.5777792
v 0.0000000 -348.8236092 -127.3375973
v 0.0000000 -349.0637911 -127.3375973
v 0.0000000 -273.5557582 108.3024741
v 0.0000000 -273.0107589 108.3024741
v 0.0000000 -273.0107589 108.8474733
v 0.0000000 -273.5557582 108.8474733
v 0.0000000 7.7256678 336.1288900
v 0.0000000 7.9679658 336.1288900
v 0.0000000 7.9679658 336.3711880
v 0.0000000 7.7256678 336.3711880
v 0.0000000 -191.5549811 -115.2087634
v 0.0000000 -191.3129253 -115.2087634
v 0.0000000 -191.3129253 -114.9667076
v 0.0000000 -191.5549811 -114.9667076
v 0.0000000 170.2206296 99.8719395
v 0.0000000 170.4625213 99.8719395
v 0.0000000 170.4625213 100.1138311
v 0.0000000 170.2206296 100.1138311
v 0.0000000 -215.8310619 70.5700591
v 0.0000000 -215.3557891 70.5700591
v 0.0000000 -215.3557891 71.0453320
v 0.0000000 -215.8310619 71.0453320
v 0.0000000 435.4560227 342.3571102
v 0.0000000 435.8580596 342.3571102
v 0.0000000 435.8580596 342.7591470
v 0.0000000 435.4560227 342.7591470
v 0.0000000 -202.4750186 189.3792759
v 0.0000000 -201.0719702 189.3792759
v 0.0000000 -201.0719702 190.7823244
v 0.0000000 -202.4750186 190.7823244
v 0.0000000 226.1881522 -69.9174906
v 0.0000000 226.4540306 -69.9174906
v 0.0000000 226.4540306 -69.6516121
v 0.0000000 226.1881522 -69.6516121
v 0.0000000 199.6823892 330.3595770
v 0.0000000 199.9236605 330.3595770
v 0.0000000 199.9236605 330.6008484
v 0.0000000 199.6823892 330.6008484
v 0.0000000 -630.1306326 -28.7019053
v 0.0000000 -629.8026033 -28.7019053
v 0.0000000 -629.8026033 -28.3738760
v 0.0000000 -630.1306326 -28.3738760
v 0.0000000 -564.8052393 -251.5440777
v 0.0000000 -564.5646072 -251.5440777
v 0.0000000 -564.5646072 -251.3034456
v 0.0000000 -564.8052393 -251.3034456
v 0.0000000 68.8468093 -125.0938125
v 0.0000000 69.1339796 -125.0938125
v 0.0000000 69.1339796 -124.8066422
v 0.0000000 68.8468093 -124.8066422
v 0.0000000 -350.2258412 133.5905984
v 0.0000000 -349.9778353 133.5905984
v 0.0000000 -349.9778353 133.8386043
v 0.0000000 -350.2258412 133.8386043
v 0.0000000 32.8077098 2.1172231
v 0.0000000 33.0877099 2.1172231
v 0.0000000 33.0877099 2.3972233
v 0.0000000 32.8077098 2.3972233
v 0.0000000 -81.9519951 -61.4478080
v 0.0000000 -81.7100576 -61.4478080
v 0.0000000 -81.7100576 -61.2058704
v 0.0000000 -81.9519951 -61.2058704
v 0.0000000 421.2721989 256.3599358
v 0.0000000 421.5293341 256.3599358
v 0.0000000 421.5293341 256.6170711
v 0.0000000 421.2721989 256.6170711
v 0.0000000 -40.1663926 -84.3631324
v 0.0000000 -39.8868459 -84.3631324
v 0.0000000 -39.8868459 -84.0835858
v 0.0000000 -40.1663926 -84.0835858
v 0.0000000 350.3600475 110.7283714
v 0.0000000 350.9045127 110.7283714
v 0.0000000 350.9045127 111.2728367
v 0.0000000 350.3600475 111.2728367
v 0.0000000 397.4302519 299.8882525
v 0.0000000 397.6702563 299.8882525
v 0.0000000 397.6702563 300.1282569
v 0.0000000 397.4302519 300.1282569
v 0.0000000 -354.8972128 -71.8541717
v 0.0000000 -354.6572128 -71.8541717
v 0.0000000 -354.6572128 -71.6141717
v 0.0000000 -354.8972128 -71.6141717
v 0.0000000 -387.8029328 -23.2914343
v 0.0000000 -386.1661944 -23.2914343
v 0.0000000 -386.1661944 -21.6546959
v 0.0000000 -387.8029328 -21.6546959
v 0.0000000 -540.0212097 -164.1711452
v 0.0000000 -539.6728191 -164.1711452
v 0.0000000 -539.6728191 -163.8227546
v 0.0000000 -540.0212097 -163.8227546
v 0.0000000 -539.6049330 6.0735008
v 0.0000000 -539.3648036 6.0735008
v 0.0000000 -539.3648036 6.3136302
v 0.0000000 -539.6049330 6.3136302
v 0.0000000 42.5433339 44.1681848
v 0.0000000 43.3665133 44.1681848
v 0.0000000 43.3665133 44.9913642
v 0.0000000 42.5433339 44.9913642
v 0.0000000 352.6907604 250.8869063
v 0.0000000 354.3717575 250.8869063
v 0.0000000 354.3717575 252.5679034
v 0.0000000 352.6907604 252.5679034
v 0.0000000 13.7299628 240.3059553
v 0.0000000 14.0350625 240.3059553
v 0.0000000 14.0350625 240.6110550
v 0.0000000 13.7299628 240.6110550
v 0.0000000 184.5146726 -311.4716369
v 0.0000000 184.9346352 -311.4716369
v 0.0000000 184.9346352 -311.0516744
v 0.0000000 184.5146726 -311.0516744
v 0.0000000 -88.1838646 324.8889792
v 0.0000000 -87.8112384 324.8889792
v 0.0000000 -87.8112384 325.2616053
v 0.0000000 -88.1838646 325.2616053
v 0.0000000 -150.3130678 294.5432674
v 0.0000000 -150.0621222 294.5432674
v 0.0000000 -150.0621222 294.7942130
v 0.0000000 -150.3130678 294.7942130
v 0.0000000 -229.4910956 -112.6408859
v 0.0000000 -229.2509091 -112.6408859
v 0.0000000 -229.2509091 -112.4006994
v 0.0000000 -229.4910956 -112.4006994
v 0.0000000 577.1144787 342.1788546
v 0.0000000 577.4577907 342.1788546
v 0.0000000 577.4577907 342.5221666
v 0.0000000 577.1144787 342.5221666
v 0.0000000 -491.5251776 96.2226094
v 0.0000000 -490.4258128 96.2226094
v 0.0000000 -490.4258128 97.3219742
v 0.0000000 -491.5251776 97.3219742
v 0.0000000 177.2115242 -330.6818638
v 0.0000000 178.9916911 -330.6818638
v 0.0000000 178.9916911 -328.9016969
v 0.0000000 177.2115242 -328.9016969
v 0.0000000 606.3075852 92.7365646
v 0.0000000 606.5524436 92.7365646
v 0.0000000 606.5524436 92.9814230
v 0.0000000 606.3075852 92.9814230
v 0.0000000 130.3104445 -135.8916369
v 0.0000000 130.5648325 -135.8916369
v 0.0000000 130.5648325 -135.6372489
v 0.0000000 130.3104445 -135.6372489
v 0.0000000 211.5320231 -108.1876570
v 0.0000000 211.9196467 -108.1876570
v 0.0000000 211.9196467 -107.8000335
v 0.0000000 211.5320231 -107.8000335
v 0.0000000 35.5461400 -209.8394553
v 0.0000000 35.7970821 -209.8394553
v 0.0000000 35.7970821 -209.5885132
v 0.0000000 35.5461400 -209.5885132
v 0.0000000 96.5068641 108.4253495
v 0.0000000 96.8433438 108.4253495
v 0.0000000 96.8433438 108.7618292
v 0.0000000 96.5068641 108.7618292
v 0.0000000 229.6214711 176.9263991
v 0.0000000 229.8614711 176.9263991
v 0.0000000 229.8614711 177.1663991
v 0.0000000 229.6214711 177.1663991
v 0.0000000 -212.9178211 -79.4588725
v 0.0000000 -212.6759551 -79.4588725
v 0.0000000 -212.6759551 -79.2170066
v 0.0000000 -212.9178211 -79.2170066
v 0.0000000 240.2455694 -180.3170039
v 0.0000000 240.5833522 -180.3170039
v 0.0000000 240.5833522 -179.9792211
v 0.0000000 240.2455694 -179.9792211
v 0.0000000 359.6866880 -295.6866602
v 0.0000000 359.9340797 -295.6866602
v 0.0000000 359.9340797 -295.4392685
v 0.0000000 359.6866880 -295.4392685
v 0.0000000 -629.5668040 -101.8476023
v 0.0000000 -627.9908890 -101.8476023
v 0.0000000 -627.9908890 -100.2716873
v 0.0000000 -629.5668040 -100.2716873
v 0.0000000 -30.6041414 45.0819751
v 0.0000000 -30.0606901 45.0819751
v 0.0000000 -30.0606901 45.6254264
v 0.0000000 -30.6041414 45.6254264
v 0.0000000 2.0993775 -236.4926150
v 0.0000000 2.3472370 -236.4926150
v 0.0000000 2.3472370 -236.2447555
v 0.0000000 2.0993775 -236.2447555
v 0.0000000 112.9557657 -98.5978253
v 0.0000000 113.3952385 -98.5978253
v 0.0000000 113.3952385 -98.1583524
v 0.0000000 112.9557657 -98.1583524
v 0.0000000 -507.2446687 240.2450056
v 0.0000000 -507.0046157 240.2450056
v 0.0000000 -507.0046157 240.4850586
v 0.0000000 -507.2446687 240.4850586
v 0.0000000 414.5166796 139.4172537
v 0.0000000 414.7567027 139.4172537
v 0.0000000 414.7567027 139.6572768
v 0.0000000 414.5166796 139.6572768
v 0.0000000 -518.0446447 -326.7546461
v 0.0000000 -517.3535996 -326.7546461
v 0.0000000 -517.3535996 -326.0636011
v 0.0000000 -518.0446447 -326.0636011
v 0.0000000 526.9117534 52.0758693
v 0.0000000 527.1675073 52.0758693
v 0.0000000 527.1675073 52.3316233
v 0.0000000 526.9117534 52.3316233
v 0.0000000 22.6415287 -283.1853379
v 0.0000000 24.2013745 -283.1853379
v 0.0000000 24.2013745 -281.6254921
v 0.0000000 22.6415287 -281.6254921
v 0.0000000 -301.0935214 -69.1078901
v 0.0000000 -300.4114241 -69.1078901
v 0.0000000 -300.4114241 -68.4257928
v 0.0000000 -301.0935214 -68.4257928
v 0.0000000 -452.1676886 -3.3687628
v 0.0000000 -451.8669062 -3.3687628
v 0.0000000 -451.8669062 -3.0679803
v 0.0000000 -452.1676886 -3.0679803
v 0.0000000 -115.4993971 -79.4829427
v 0.0000000 -115.1470521 -79.4829427
v 0.0000000 -115.1470521 -79.1305977
v 0.0000000 -115.4993971 -79.1305977
v 0.0000000 416.7093750 -272.2197301
v 0.0000000 416.9499449 -272.2197301
v 0.0000000 416.9499449 -271.9791603
v 0.0000000 416.7093750 -271.9791603
v 0.0000000 -273.3772321 -225.0297160
v 0.0000000 -273.1061032 -225.0297160
v 0.0000000 -273.1061032 -224.7585871
v 0.0000000 -273.3772321 -224.7585871
v 0.0000000 -228.9423399 126.8982480
v 0.0000000 -228.6985256 126.8982480
v 0.0000000 -228.6985256 127.1420623
v 0.0000000 -228.9423399 127.1420623
v 0.0000000 -608.9518991 12.1013076
v 0.0000000 -607.5893850 12.1013076
v 0.0000000 -607.5893850 13.4638217
v 0.0000000 -608.9518991 13.4638217
v 0.0000000 275.9636056 9.0794305
v 0.0000000 276.3553532 9.0794305
v 0.0000000 276.3553532 9.4711782
v 0.0000000 275.9636056 9.4711782
v 0.0000000 192.0312881 -269.3755632
v 0.0000000 192.6482495 -269.3755632
v 0.0000000 192.6482495 -268.7586018
v 0.0000000 192.0312881 -268.7586018
v 0.0000000 -97.7108580 -178.0701501
v 0.0000000 -97.4632330 -178.0701501
v 0.0000000 -97.4632330 -177.8225251
v 0.0000000 -97.7108580 -177.8225251
v 0.0000000 290.6833428 -216.9206967
v 0.0000000 291.1234757 -216.9206967
v 0.0000000 291.1234757 -216.4805638
v 0.0000000 290.6833428 -216.4805638
v 0.0000000 -559.3601201 106.4529550
v 0.0000000 -558.3736305 106.4529550
v 0.0000000 -558.3736305 107.4394446
v 0.0000000 -559.3601201 107.4394446
v 0.0000000 -441.9350469 -145.1331462
v 0.0000000 -441.5841917 -145.1331462
v 0.0000000 -441.5841917 -144.7822910
v 0.0000000 -441.9350469 -144.7822910
v 0.0000000 458.7317738 -276.6027498
v 0.0000000 458.9719841 -276.6027498
v 0.0000000 458.9719841 -276.3625394
v 0.0000000 458.7317738 -276.3625394
v 0.0000000 261.1509984 48.0835643
v 0.0000000 262.2395536 48.0835643
v 0.0000000 262.2395536 49.1721195
v 0.0000000 261.1509984 49.1721195
v 0.0000000 333.3399293 -211.6409857
v 0.0000000 334.1473769 -211.6409857
v 0.0000000 334.1473769 -210.8335382
v 0.0000000 333.3399293 -210.8335382
v 0.0000000 132.4431809 -197.7627909
v 0.0000000 133.0924446 -197.7627909
v 0.0000000 133.0924446 -197.1135272
v 0.0000000 132.4431809 -197.1135272
v 0.0000000 -19.0657120 177.8075725
v 0.0000000 -18.8082545 177.8075725
v 0.0000000 -18.8082545 178.0650300
v 0.0000000 -19.0657120 178.0650300
v 0.0000000 -45.7148004 -204.5685173
v 0.0000000 -45.0807208 -204.5685173
v 0.0000000 -45.0807208 -203.9344376
v 0.0000000 -45.7148004 -203.9344376
v 0.0000000 611.7925977 134.1202894
v 0.0000000 612.0420805 134.1202894
v 0.0000000 612.0420805 134.3697721
v 0.0000000 611.7925977 134.3697721
v 0.0000000 -359.1452615 -82.4043988
v 0.0000000 -358.9044620 -82.4043988
v 0.0000000 -358.9044620 -82.1635994
v 0.0000000 -359.1452615 -82.1635994
v 0.0000000 -120.8574878 175.7907253
v 0.0000000 -119.3093537 175.7907253
v 0.0000000 -119.3093537 177.3388594
v 0.0000000 -120.8574878 177.3388594
v 0.0000000 507.1588203 -28.1975118
v 0.0000000 507.8744881 -28.1975118
v 0.0000000 507.8744881 -27.4818440
v 0.0000000 507.1588203 -27.4818440
v 0.0000000 130.1627415 -210.3237049
v 0.0000000 130.6705106 -210.3237049
v 0.0000000 130.6705106 -209.8159358
v 0.0000000 130.1627415 -209.8159358
v 0.0000000 122.9773306 -248.2730505
v 0.0000000 123.2173306 -248.2730505
v 0.0000000 123.2173306 -248.0330505
v 0.0000000 122.9773306 -248.0330505
v 0.0000000 441.4527426 -237.3567294
v 0.0000000 441.7084841 -237.3567294
v 0.0000000 441.7084841 -237.1009879
v 0.0000000 441.4527426 -237.1009879
v 0.0000000 4.3117418 335.9571575
v 0.0000000 4.5543208 335.9571575
v 0.0000000 4.5543208 336.1997364
v 0.0000000 4.3117418 336.1997364
v 0.0000000 440.7200130 -219.2285985
v 0.0000000 440.9600131 -219.2285985
v 0.0000000 440.9600131 -218.9885985
v 0.0000000 440.7200130 -218.9885985
v 0.0000000 554.3009656 85.7652684
v 0.0000000 555.3210528 85.7652684
v 0.0000000 555.3210528 86.7853555
v 0.0000000 554.3009656 86.7853555
v 0.0000000 -629.9725281 -61.7286462
v 0.0000000 -629.7039398 -61.7286462
v 0.0000000 -629.7039398 -61.4600579
v 0.0000000 -629.9725281 -61.4600579
v 0.0000000 185.0800285 57.7759245
v 0.0000000 185.3333810 57.7759245
v 0.0000000 185.3333810 58.0292770
v 0.0000000 185.0800285 58.0292770
v 0.0000000 130.4776465 -340.9198132
v 0.0000000 130.9048949 -340.9198132
v 0.0000000 130.9048949 -340.4925649
v 0.0000000 130.4776465 -340.4925649
v 0.0000000 -362.4596413 351.1252801
v 0.0000000 -361.7718221 351.1252801
v 0.0000000 -361.7718221 351.8130993
v 0.0000000 -362.4596413 351.8130993
v 0.0000000 -228.7274811 169.2454151
v 0.0000000 -228.4874766 169.2454151
v 0.0000000 -228.4874766 169.4854195
v 0.0000000 -228.7274811 169.4854195
v 0.0000000 3.6544044 -359.0453334
v 0.0000000 4.0663083 -359.0453334
v 0.0000000 4.0663083 -358.6334295
v 0.0000000 3.6544044 -358.6334295
v 0.0000000 590.5116699 128.0800620
v 0.0000000 590.9675211 128.0800620
v 0.0000000 590.9675211 128.5359132
v 0.0000000 590.5116699 128.5359132
v 0.0000000 -359.9713756 123.8526120
v 0.0000000 -359.7051308 123.8526120
v 0.0000000 -359.7051308 124.1188568
v 0.0000000 -359.9713756 124.1188568
v 0.0000000 332.5375563 -122.1847729
v 0.0000000 333.0795192 -122.1847729
v 0.0000000 333.0795192 -121.6428100
v 0.0000000 332.5375563 -121.6428100
v 0.0000000 430.8589120 191.8193911
v 0.0000000 431.1017264 191.8193911
v 0.0000000 431.1017264 192.0622055
v 0.0000000 430.8589120 192.0622055
v 0.0000000 301.0682638 124.1649802
v 0.0000000 301.3086530 124.1649802
v 0.0000000 301.3086530 124.4053694
v 0.0000000 301.0682638 124.4053694
v 0.0000000 419.4981910 -153.2050750
v 0.0000000 419.7389913 -153.2050750
v 0.0000000 419.7389913 -152.9642747
v 0.0000000 419.4981910 -152.9642747
v 0.0000000 433.8551807 -254.8607692
v 0.0000000 434.3175844 -254.8607692
v 0.0000000 434.3175844 -254.3983655
v 0.0000000 433.8551807 -254.3983655
v 0.0000000 59.7200703 63.1412510
v 0.0000000 60.0995975 63.1412510
v 0.0000000 60.0995975 63.5207782
v 0.0000000 59.7200703 63.5207782
v 0.0000000 561.0049667 -352.7102624
v 0.0000000 561.2579904 -352.7102624
v 0.0000000 561.2579904 -352.4572387
v 0.0000000 561.0049667 -352.4572387
v 0.0000000 -529.3590655 323.9662430
v 0.0000000 -528.9913699 323.9662430
v 0.0000000 -528.9913699 324.3339385
v 0.0000000 -529.3590655 324.3339385
v 0.0000000 234.5811165 269.0058317
v 0.0000000 235.7338403 269.0058317
v 0.0000000 235.7338403 270.1585554
v 0.0000000 234.5811165 270.1585554
v 0.0000000 -109.6417937 28.6612492
v 0.0000000 -107.9702972 28.6612492
v 0.0000000 -107.9702972 30.3327457
v 0.0000000 -109.6417937 30.3327457
v 0.0000000 -173.0931651 57.0297641
v 0.0000000 -172.8531621 57.0297641
v 0.0000000 -172.8531621 57.2697671
v 0.0000000 -173.0931651 57.2697671
v 0.0000000 -34.7684225 -248.7725305
v 0.0000000 -34.5270516 -248.7725305
v 0.0000000 -34.5270516 -248.5311596
v 0.0000000 -34.7684225 -248.5311596
v 0.0000000 173.3499342 48.8622946
v 0.0000000 173.8379683 48.8622946
v 0.0000000 173.8379683 49.3503287
v 0.0000000 173.3499342 49.3503287
v 0.0000000 393.5507300 -320.9697658
v 0.0000000 394.4578053 -320.9697658
v 0.0000000 394.4578053 -320.0626905
v 0.0000000 393.5507300 -320.0626905
v 0.0000000 301.3217537 69.0976883
v 0.0000000 301.6503171 69.0976883
v 0.0000000 301.6503171 69.4262517
v 0.0000000 301.3217537 69.4262517
v 0.0000000 -169.6738892 286.8101922
v 0.0000000 -169.4322897 286.8101922
v 0.0000000 -169.4322897 287.0517917
v 0.0000000 -169.6738892 287.0517917
v 0.0000000 -19.2730986 -207.1158878
v 0.0000000 -19.0237891 -207.1158878
v 0.0000000 -19.0237891 -206.8665783
v 0.0000000 -19.2730986 -206.8665783
v 0.0000000 200.7406371 35.1271305
v 0.0000000 201.0377835 35.1271305
v 0.0000000 201.0377835 35.4242769
v 0.0000000 200.7406371 35.4242769
v 0.0000000 89.1523431 -181.3123947
v 0.0000000 90.7460687 -181.3123947
v 0.0000000 90.7460687 -179.7186692
v 0.0000000 89.1523431 -179.7186692
v 0.0000000 -224.5287181 48.4767968
v 0.0000000 -224.0431898 48.4767968
v 0.0000000 -224.0431898 48.9623251
v 0.0000000 -224.5287181 48.9623251
v 0.0000000 345.6471527 321.8887738
v 0.0000000 345.8872263 321.8887738
v 0.0000000 345.8872263 322.1288473
v 0.0000000 345.6471527 322.1288473
v 0.0000000 -63.4919851 339.7008212
v 0.0000000 -63.2502429 339.7008212
v 0.0000000 -63.2502429 339.9425633
v 0.0000000 -63.4919851 339.9425633
v 0.0000000 96.3051536 238.2630840
v 0.0000000 96.5555910 238.2630840
v 0.0000000 96.5555910 238.5135214
v 0.0000000 96.3051536 238.5135214
v 0.0000000 -134.3434673 79.5504350
v 0.0000000 -134.1034662 79.5504350
v 0.0000000 -134.1034662 79.7904360
v 0.0000000 -134.3434673 79.7904360
v 0.0000000 95.6766306 -97.6320977
v 0.0000000 96.6074579 -97.6320977
v 0.0000000 96.6074579 -96.7012704
v 0.0000000 95.6766306 -96.7012704
v 0.0000000 -595.1336406 70.6388271
v 0.0000000 -594.8920982 70.6388271
v 0.0000000 -594.8920982 70.8803694
v 0.0000000 -595.1336406 70.8803694
v 0.0000000 602.6725442 346.4100470
v 0.0000000 602.9125651 346.4100470
v 0.0000000 602.9125651 346.6500679
v 0.0000000 602.6725442 346.6500679
v 0.0000000 -607.7041492 -321.8575810
v 0.0000000 -607.4641478 -321.8575810
v 0.0000000 -607.4641478 -321.6175796
v 0.0000000 -607.7041492 -321.6175796
v 0.0000000 582.7070847 52.3315172
v 0.0000000 582.9471534 52.3315172
v 0.0000000 582.9471534 52.5715860
v 0.0000000 582.7070847 52.5715860
v 0.0000000 191.7273419 272.7824310
v 0.0000000 192.3565803 272.7824310
v 0.0000000 192.3565803 273.4116695
v 0.0000000 191.7273419 273.4116695
v 0.0000000 464.7060416 -224.6269083
v 0.0000000 464.9580908 -224.6269083
v 0.0000000 464.9580908 -224.3748591
v 0.0000000 464.7060416 -224.3748591
v 0.0000000 400.8070065 -57.4171955
v 0.0000000 401.1683065 -57.4171955
v 0.0000000 401.1683065 -57.0558955
v 0.0000000 400.8070065 -57.0558955
v 0.0000000 621.5327684 348.9472843
v 0.0000000 621.7727728 348.9472843
v 0.0000000 621.7727728 349.1872887
v 0.0000000 621.5327684 349.1872887
v 0.0000000 478.1444652 203.3006142
v 0.0000000 478.4341279 203.3006142
v 0.0000000 478.4341279 203.5902768
v 0.0000000 478.1444652 203.5902768
v 0.0000000 -280.2473130 46.6887967
v 0.0000000 -278.8739934 46.6887967
v 0.0000000 -278.8739934 48.0621164
v 0.0000000 -280.2473130 48.0621164
v 0.0000000 251.0494179 177.8744635
v 0.0000000 252.5553476 177.8744635
v 0.0000000 252.5553476 179.3803933
v 0.0000000 251.0494179 179.3803933
v 0.0000000 -384.4601835 -333.4908762
v 0.0000000 -384.2180157 -333.4908762
v 0.0000000 -384.2180157 -333.2487084
v 0.0000000 -384.4601835 -333.2487084
v 0.0000000 -193.6573789 221.4403876
v 0.0000000 -193.0849172 221.4403876
v 0.0000000 -193.0849172 222.0128493
v 0.0000000 -193.6573789 222.0128493
v 0.0000000 520.6276181 -189.3462458
v 0.0000000 521.0341729 -189.3462458
v 0.0000000 521.0341729 -188.9396910
v 0.0000000 520.6276181 -188.9396910
v 0.0000000 456.1640611 260.4828804
v 0.0000000 457.2494762 260.4828804
v 0.0000000 457.2494762 261.5682954
v 0.0000000 456.1640611 261.5682954
v 0.0000000 -18.2497023 -126.9869289
v 0.0000000 -17.9093782 -126.9869289
v 0.0000000 -17.9093782 -126.6466048
v 0.0000000 -18.2497023 -126.6466048
v 0.0000000 289.3552223 65.7586528
v 0.0000000 289.8962873 65.7586528
v 0.0000000 289.8962873 66.2997178
v 0.0000000 289.3552223 66.2997178
v 0.0000000 -614.2881898 281.5951515
v 0.0000000 -612.4925881 281.5951515
v 0.0000000 -612.4925881 283.3907532
v 0.0000000 -614.2881898 283.3907532
v 0.0000000 -504.5459429 237.0567745
v 0.0000000 -504.3059401 237.0567745
v 0.0000000 -504.3059401 237.2967773
v 0.0000000 -504.5459429 237.2967773
v 0.0000000 -65.2668855 75.3665535
v 0.0000000 -64.9313453 75.3665535
v 0.0000000 -64.9313453 75.7020938
v 0.0000000 -65.2668855 75.7020938
v 0.0000000 -587.3633837 119.7723217
v 0.0000000 -587.1233029 119.7723217
v 0.0000000 -587.1233029 120.0124025
v 0.0000000 -587.3633837 120.0124025
v 0.0000000 253.9582792 2.5809704
v 0.0000000 254.6017675 2.5809704
v 0.0000000 254.6017675 3.2244587
v 0.0000000 253.9582792 3.2244587
v 0.0000000 384.9647736 -286.8004636
v 0.0000000 385.2048083 -286.8004636
v 0.0000000 385.2048083 -286.5604288
v 0.0000000 384.9647736 -286.5604288
v 0.0000000 -544.4932908 -132.2289990
v 0.0000000 -543.7297986 -132.2289990
v 0.0000000 -543.7297986 -131.4655068
v 0.0000000 -544.4932908 -131.4655068
v 0.0000000 482.0723858 2.2159092
v 0.0000000 482.3123866 2.2159092
v 0.0000000 482.3123866 2.4559100
v 0.0000000 482.0723858 2.4559100
v 0.0000000 95.3574636 190.0501680
v 0.0000000 95.6927016 190.0501680
v 0.0000000 95.6927016 190.3854060
v 0.0000000 95.3574636 190.3854060
v 0.0000000 330.8557321 -62.4294132
v 0.0000000 331.0960132 -62.4294132
v 0.0000000 331.0960132 -62.1891321
v 0.0000000 330.8557321 -62.1891321
v 0.0000000 -431.7447485 218.8124576
v 0.0000000 -431.5008755 218.8124576
v 0.0000000 -431.5008755 219.0563306
v 0.0000000 -431.7447485 219.0563306
v 0.0000000 -476.5952695 280.2698369
v 0.0000000 -476.3547861 280.2698369
v 0.0000000 -476.3547861 280.5103204
v 0.0000000 -476.5952695 280.5103204
v 0.0000000 -228.0798306 101.3301188
v 0.0000000 -227.8390409 101.3301188
v 0.0000000 -227.8390409 101.5709085
v 0.0000000 -228.0798306 101.5709085
v 0.0000000 388.2462027 -341.3748413
v 0.0000000 388.8571880 -341.3748413
v 0.0000000 388.8571880 -340.7638561
v 0.0000000 388.2462027 -340.7638561
v 0.0000000 469.1176439 97.1861286
v 0.0000000 469.3686948 97.1861286
v 0.0000000 469.3686948 97.4371795
v 0.0000000 469.1176439 97.4371795
v 0.0000000 541.5483960 125.2669859
v 0.0000000 541.8316852 125.2669859
v 0.0000000 541.8316852 125.5502750
v 0.0000000 541.5483960 125.5502750
v 0.0000000 -479.1371186 -152.8790857
v 0.0000000 -478.5833862 -152.8790857
v 0.0000000 -478.5833862 -152.3253533
v 0.0000000 -479.1371186 -152.3253533
v 0.0000000 -419.5356952 -245.9845627
v 0.0000000 -419.2946879 -245.9845627
v 0.0000000 -419.2946879 -245.7435554
v 0.0000000 -419.5356952 -245.7435554
v 0.0000000 -491.7823916 86.6237022
v 0.0000000 -491.5418639 86.6237022
v 0.0000000 -491.5418639 86.8642299
v 0.0000000 -491.7823916 86.8642299
v 0.0000000 557.2904550 36.0617054
v 0.0000000 557.8635975 36.0617054
v 0.0000000 557.8635975 36.6348479
v 0.0000000 557.2904550 36.6348479
v 0.0000000 -312.2903866 -213.9505782
v 0.0000000 -311.9816964 -213.9505782
v 0.0000000 -311.9816964 -213.6418881
v 0.0000000 -312.2903866 -213.6418881
v 0.0000000 -430.0831563 -217.8487715
v 0.0000000 -429.8427956 -217.8487715
v 0.0000000 -429.8427956 -217.6084108
v 0.0000000 -430.0831563 -217.6084108
v 0.0000000 156.2715599 66.8327263
v 0.0000000 156.9306791 66.8327263
v 0.0000000 156.9306791 67.4918455
v 0.0000000 156.2715599 67.4918455
v 0.0000000 17.3519921 56.1306733
v 0.0000000 17.5920552 56.1306733
v 0.0000000 17.5920552 56.3707364
v 0.0000000 17.3519921 56.3707364
v 0.0000000 397.3138289 284.5267774
v 0.0000000 398.8973626 284.5267774
v 0.0000000 398.8973626 286.1103110
v 0.0000000 397.3138289 286.1103110
v 0.0000000 -29.1936258 -107.4331212
v 0.0000000 -28.9125242 -107.4331212
v 0.0000000 -28.9125242 -107.1520195
v 0.0000000 -29.1936258 -107.1520195
v 0.0000000 314.8734281 161.8868899
v 0.0000000 315.1176018 161.8868899
v 0.0000000 315.1176018 162.1310635
v 0.0000000 314.8734281 162.1310635
v 0.0000000 66.3051712 355.6903984
v 0.0000000 66.5454566 355.6903984
v 0.0000000 66.5454566 355.9306838
v 0.0000000 66.3051712 355.9306838
v 0.0000000 -14.4165396 35.3909585
v 0.0000000 -14.1278003 35.3909585
v 0.0000000 -14.1278003 35.6796977
v 0.0000000 -14.4165396 35.6796977
v 0.0000000 -451.6631830 -39.9571772
v 0.0000000 -451.4199212 -39.9571772
v 0.0000000 -451.4199212 -39.7139153
v 0.0000000 -451.6631830 -39.7139153
v 0.0000000 -111.1366822 87.6750205
v 0.0000000 -110.8966390 87.6750205
v 0.0000000 -110.8966390 87.9150637
v 0.0000000 -111.1366822 87.9150637
v 0.0000000 -490.4790858 151.8003888
v 0.0000000 -490.2390849 151.8003888
v 0.0000000 -490.2390849 152.0403897
v 0.0000000 -490.4790858 152.0403897
v 0.0000000 -52.7876447 356.2148617
v 0.0000000 -52.5421060 356.2148617
v 0.0000000 -52.5421060 356.4604003
v 0.0000000 -52.7876447 356.4604003
v 0.0000000 288.2959932 3.5071160
v 0.0000000 288.5360020 3.5071160
v 0.0000000 288.5360020 3.7471248
v 0.0000000 288.2959932 3.7471248
v 0.0000000 359.9557143 81.7229412
v 0.0000000 360.1957143 81.7229412
v 0.0000000 360.1957143 81.9629412
v 0.0000000 359.9557143 81.9629412
v 0.0000000 -133.7716309 -49.5596854
v 0.0000000 -133.4170646 -49.5596854
v 0.0000000 -133.4170646 -49.2051191
v 0.0000000 -133.7716309 -49.2051191
v 0.0000000 -483.1270254 40.6980563
v 0.0000000 -482.8860548 40.6980563
v 0.0000000 -482.8860548 40.9390270
v 0.0000000 -483.1270254 40.9390270
v 0.0000000 -508.2046312 -183.9690966
v 0.0000000 -506.9740935 -183.9690966
v 0.0000000 -506.9740935 -182.7385589
v 0.0000000 -508.2046312 -182.7385589
v 0.0000000 302.2063189 112.5863533
v 0.0000000 302.9979400 112.5863533
v 0.0000000 302.9979400 113.3779744
v 0.0000000 302.2063189 113.3779744
v 0.0000000 105.4218664 270.4358734
v 0.0000000 105.6618664 270.4358734
v 0.0000000 105.6618664 270.6758734
v 0.0000000 105.4218664 270.6758734
v 0.0000000 451.7969266 275.3776756
v 0.0000000 452.0369292 275.3776756
v 0.0000000 452.0369292 275.6176781
v 0.0000000 451.7969266 275.6176781
v 0.0000000 297.2038144 -101.6441140
v 0.0000000 297.4465265 -101.6441140
v 0.0000000 297.4465265 -101.4014019
v 0.0000000 297.2038144 -101.4014019
v 0.0000000 61.3378477 341.5824051
v 0.0000000 61.5778482 341.5824051
v 0.0000000 61.5778482 341.8224055
v 0.0000000 61.3378477 341.8224055
v 0.0000000 71.8450181 227.9285754
v 0.0000000 72.0852018 227.9285754
v 0.0000000 72.0852018 228.1687591
v 0.0000000 71.8450181 228.1687591
v 0.0000000 566.3366800 -30.7707409
v 0.0000000 566.5767095 -30.7707409
v 0.0000000 566.5767095 -30.5307114
v 0.0000000 566.3366800 -30.5307114
v 0.0000000 -435.4107696 -325.8641329
v 0.0000000 -433.7412514 -325.8641329
v 0.0000000 -433.7412514 -324.1946147
v 0.0000000 -435.4107696 -324.1946147
v 0.0000000 327.1431306 283.8819093
v 0.0000000 328.6077006 283.8819093
v 0.0000000 328.6077006 285.3464794
v 0.0000000 327.1431306 285.3464794
v 0.0000000 -333.9379246 275.0771923
v 0.0000000 -333.6979194 275.0771923
v 0.0000000 -333.6979194 275.3171974
v 0.0000000 -333.9379246 275.3171974
v 0.0000000 -104.7746858 -54.8168304
v 0.0000000 -104.5346553 -54.8168304
v 0.0000000 -104.5346553 -54.5767999
v 0.0000000 -104.7746858 -54.5767999
v 0.0000000 472.7594453 -72.7956994
v 0.0000000 473.0815405 -72.7956994
v 0.0000000 473.0815405 -72.4736041
v 0.0000000 472.7594453 -72.4736041
v 0.0000000 -263.7353173 30.9527463
v 0.0000000 -262.7117012 30.9527463
v 0.0000000 -262.7117012 31.9763624
v 0.0000000 -263.7353173 31.9763624
v 0.0000000 -220.8087095 0.4178336
v 0.0000000 -220.0271111 0.4178336
v 0.0000000 -220.0271111 1.1994321
v 0.0000000 -220.8087095 1.1994321
v 0.0000000 179.7822876 139.0792993
v 0.0000000 180.0766391 139.0792993
v 0.0000000 180.0766391 139.3736507
v 0.0000000 179.7822876 139.3736507
v 0.0000000 -492.5385528 -195.8113266
v 0.0000000 -492.2960884 -195.8113266
v 0.0000000 -492.2960884 -195.5688622
v 0.0000000 -492.5385528 -195.5688622
v 0.0000000 583.1517270 264.6806674
v 0.0000000 583.3917270 264.6806674
v 0.0000000 583.3917270 264.9206674
v 0.0000000 583.1517270 264.9206674
v 0.0000000 398.1446053 -227.3167729
v 0.0000000 398.3846064 -227.3167729
v 0.0000000 398.3846064 -227.0767718
v 0.0000000 398.1446053 -227.0767718
v 0.0000000 560.7365056 350.5402802
v 0.0000000 561.3687483 350.5402802
v 0.0000000 561.3687483 351.1725229
v 0.0000000 560.7365056 351.1725229
v 0.0000000 -171.9620806 -345.8805828
v 0.0000000 -171.4554139 -345.8805828
v 0.0000000 -171.4554139 -345.3739161
v 0.0000000 -171.9620806 -345.3739161
v 0.0000000 -448.3148809 149.9293693
v 0.0000000 -448.0748809 149.9293693
v 0.0000000 -448.0748809 150.1693693
v 0.0000000 -448.3148809 150.1693693
v 0.0000000 -559.7930799 -86.2688736
v 0.0000000 -559.5530560 -86.2688736
v 0.0000000 -559.5530560 -86.0288497
v 0.0000000 -559.7930799 -86.0288497
v 0.0000000 398.8985065 -187.2161956
v 0.0000000 399.1385343 -187.2161956
v 0.0000000 399.1385343 -186.9761678
v 0.0000000 398.8985065 -186.9761678
v 0.0000000 -17.8514571 -313.3740689
v 0.0000000 -17.2759711 -313.3740689
v 0.0000000 -17.2759711 -312.7985830
v 0.0000000 -17.8514571 -312.7985830
v 0.0000000 -581.0501661 -171.9560345
v 0.0000000 -579.7170476 -171.9560345
v 0.0000000 -579.7170476 -170.6229160
v 0.0000000 -581.0501661 -170.6229160
v 0.0000000 -573.7920469 -259.9808162
v 0.0000000 -573.5520469 -259.9808162
v 0.0000000 -573.5520469 -259.7408162
v 0.0000000 -573.7920469 -259.7408162
v 0.0000000 -191.0263017 37.2982727
v 0.0000000 -190.4376312 37.2982727
v 0.0000000 -190.4376312 37.8869431
v 0.0000000 -191.0263017 37.8869431
v 0.0000000 280.5651522 -213.0203353
v 0.0000000 280.8070497 -213.0203353
v 0.0000000 280.8070497 -212.7784378
v 0.0000000 280.5651522 -212.7784378
v 0.0000000 325.7561737 -297.4910011
v 0.0000000 326.5047474 -297.4910011
v 0.0000000 326.5047474 -296.7424275
v 0.0000000 325.7561737 -296.7424275
v 0.0000000 305.3410304 188.9189032
v 0.0000000 305.6154875 188.9189032
v 0.0000000 305.6154875 189.1933603
v 0.0000000 305.3410304 189.1933603
v 0.0000000 224.2516231 -1.1731811
v 0.0000000 224.6171269 -1.1731811
v 0.0000000 224.6171269 -0.8076773
v 0.0000000 224.2516231 -0.8076773
v 0.0000000 549.2393453 -212.2725713
v 0.0000000 549.5287820 -212.2725713
v 0.0000000 549.5287820 -211.9831346
v 0.0000000 549.2393453 -211.9831346
v 0.0000000 -80.0891788 356.6411058
v 0.0000000 -79.6455115 356.6411058
v 0.0000000 -79.6455115 357.0847731
v 0.0000000 -80.0891788 357.0847731
v 0.0000000 188.9732637 159.6912859
v 0.0000000 189.2509239 159.6912859
v 0.0000000 189.2509239 159.9689461
v 0.0000000 188.9732637 159.9689461
v 0.0000000 -215.2917488 -48.6620644
v 0.0000000 -214.9980473 -48.6620644
v 0.0000000 -214.9980473 -48.3683629
v 0.0000000 -215.2917488 -48.3683629
v 0.0000000 337.4033775 320.6839490
v 0.0000000 338.4864116 320.6839490
v 0.0000000 338.4864116 321.7669831
v 0.0000000 337.4033775 321.7669831
v 0.0000000 203.3892629 -108.8167769
v 0.0000000 203.9303702 -108.8167769
v 0.0000000 203.9303702 -108.2756696
v 0.0000000 203.3892629 -108.2756696
v 0.0000000 57.6155736 94.1024349
v 0.0000000 57.9039556 94.1024349
v 0.0000000 57.9039556 94.3908168
v 0.0000000 57.6155736 94.3908168
v 0.0000000 398.1464013 -250.0060050
v 0.0000000 399.8143843 -250.0060050
v 0.0000000 399.8143843 -248.3380219
v 0.0000000 398.1464013 -248.3380219
v 0.0000000 -9.1947345 -221.0172760
v 0.0000000 -8.9545721 -221.0172760
v 0.0000000 -8.9545721 -220.7771136
v 0.0000000 -9.1947345 -220.7771136
v 0.0000000 251.8596526 35.1956970
v 0.0000000 253.5539084 35.1956970
v 0.0000000 253.5539084 36.8899527
v 0.0000000 251.8596526 36.8899527
v 0.0000000 502.5416538 200.9935906
v 0.0000000 502.8701881 200.9935906
v 0.0000000 502.8701881 201.3221249
v 0.0000000 502.5416538 201.3221249
v 0.0000000 448.8587448 -44.1682868
v 0.0000000 449.1002179 -44.1682868
v 0.0000000 449.1002179 -43.9268137
v 0.0000000 448.8587448 -43.9268137
v 0.0000000 -573.5507729 286.5478072
v 0.0000000 -572.8994122 286.5478072
v 0.0000000 -572.8994122 287.1991679
v 0.0000000 -573.5507729 287.1991679
v 0.0000000 -162.7090404 142.8264563
v 0.0000000 -161.6277671 142.8264563
v 0.0000000 -161.6277671 143.9077297
v 0.0000000 -162.7090404 143.9077297
v 0.0000000 543.4618190 -9.4668468
v 0.0000000 543.7081032 -9.4668468
v 0.0000000 543.7081032 -9.2205627
v 0.0000000 543.4618190 -9.2205627
v 0.0000000 -610.4004203 124.1560931
v 0.0000000 -610.1548002 124.1560931
v 0.0000000 -610.1548002 124.4017133
v 0.0000000 -610.4004203 124.4017133
v 0.0000000 -230.8818622 94.4537943
v 0.0000000 -230.5924592 94.4537943
v 0.0000000 -230.5924592 94.7431974
v 0.0000000 -230.8818622 94.7431974
v 0.0000000 149.6256369 315.9153302
v 0.0000000 149.8662614 315.9153302
v 0.0000000 149.8662614 316.1559547
v 0.0000000 149.6256369 316.1559547
v 0.0000000 610.6528893 0.5287672
v 0.0000000 610.9034694 0.5287672
v 0.0000000 610.9034694 0.7793473
v 0.0000000 610.6528893 0.7793473
v 0.0000000 242.3108066 -235.0139762
v 0.0000000 242.5511891 -235.0139762
v 0.0000000 242.5511891 -234.7735937
v 0.0000000 242.3108066 -234.7735937
v 0.0000000 -228.3456562 -254.9346824
v 0.0000000 -226.9701058 -254.9346824
v 0.0000000 -226.9701058 -253.5591320
v 0.0000000 -228.3456562 -253.5591320
v 0.0000000 -343.4847400 -226.4702942
v 0.0000000 -343.2322630 -226.4702942
v 0.0000000 -343.2322630 -226.2178172
v 0.0000000 -343.4847400 -226.2178172
v 0.0000000 -186.8031073 -305.0751630
v 0.0000000 -186.5629403 -305.0751630
v 0.0000000 -186.5629403 -304.8349961
v 0.0000000 -186.8031073 -304.8349961
v 0.0000000 -612.4813171 -350.3315199
v 0.0000000 -612.2413163 -350.3315199
v 0.0000000 -612.2413163 -350.0915191
v 0.0000000 -612.4813171 -350.0915191
v 0.0000000 467.8208243 -32.9496333
v 0.0000000 468.0609201 -32.9496333
v 0.0000000 468.0609201 -32.7095375
v 0.0000000 467.8208243 -32.7095375
v 0.0000000 -104.3400356 -50.7321077
v 0.0000000 -103.0828106 -50.7321077
v 0.0000000 -103.0828106 -49.4748827
v 0.0000000 -104.3400356 -49.4748827
v 0.0000000 449.3145564 -5.7586218
v 0.0000000 449.5619097 -5.7586218
v 0.0000000 449.5619097 -5.5112685
v 0.0000000 449.3145564 -5.5112685
v 0.0000000 -158.0943515 196.0619247
v 0.0000000 -157.4329466 196.0619247
v 0.0000000 -157.4329466 196.7233296
v 0.0000000 -158.0943515 196.7233296
v 0.0000000 481.0272195 67.9505011
v 0.0000000 482.7869433 67.9505011
v 0.0000000 482.7869433 69.7102249
v 0.0000000 481.0272195 69.7102249
v 0.0000000 388.8912791 -29.2057000
v 0.0000000 389.2688644 -29.2057000
v 0.0000000 389.2688644 -28.8281147
v 0.0000000 388.8912791 -28.8281147
v 0.0000000 -63.2419225 -185.1971892
v 0.0000000 -63.0017841 -185.1971892
v 0.0000000 -63.0017841 -184.9570509
v 0.0000000 -63.2419225 -184.9570509
v 0.0000000 413.2802086 50.9184769
v 0.0000000 413.5274340 50.9184769
v 0.0000000 413.5274340 51.1657023
v 0.0000000 413.2802086 51.1657023
v 0.0000000 422.6161996 -236.1182361
v 0.0000000 424.2316011 -236.1182361
v 0.0000000 424.2316011 -234.5028346
v 0.0000000 422.6161996 -234.5028346
v 0.0000000 203.4457540 -239.7123046
v 0.0000000 204.7090146 -239.7123046
v 0.0000000 204.7090146 -238.4490439
v 0.0000000 203.4457540 -238.4490439
v 0.0000000 448.1996715 254.4414611
v 0.0000000 449.2253406 254.4414611
v 0.0000000 449.2253406 255.4671301
v 0.0000000 448.1996715 255.4671301
v 0.0000000 -166.0482327 -326.0293410
v 0.0000000 -165.6921262 -326.0293410
v 0.0000000 -165.6921262 -325.6732345
v 0.0000000 -166.0482327 -325.6732345
v 0.0000000 -300.3215513 -198.7412889
v 0.0000000 -299.9821376 -198.7412889
v 0.0000000 -299.9821376 -198.4018752
v 0.0000000 -300.3215513 -198.4018752
v 0.0000000 356.8114185 -180.1817948
v 0.0000000 357.3239059 -180.1817948
v 0.0000000 357.3239059 -179.6693075
v 0.0000000 356.8114185 -179.6693075
v 0.0000000 -384.5505403 -293.4332305
v 0.0000000 -384.1073388 -293.4332305
v 0.0000000 -384.1073388 -292.9900289
v 0.0000000 -384.5505403 -292.9900289
v 0.0000000 94.9831049 -261.6163021
v 0.0000000 95.2233066 -261.6163021
v 0.0000000 95.2233066 -261.3761005
v 0.0000000 94.9831049 -261.3761005
v 0.0000000 80.1066908 209.2062957
v 0.0000000 80.7545636 209.2062957
v 0.0000000 80.7545636 209.8541686
v 0.0000000 80.1066908 209.8541686
v 0.0000000 140.4972381 -297.6857525
v 0.0000000 140.7375015 -297.6857525
v 0.0000000 140.7375015 -297.4454891
v 0.0000000 140.4972381 -297.4454891
v 0.0000000 -41.0841959 -213.7617462
v 0.0000000 -40.4723836 -213.7617462
v 0.0000000 -40.4723836 -213.1499339
v 0.0000000 -41.0841959 -213.1499339
v 0.0000000 279.6623586 -236.3521984
v 0.0000000 280.5037446 -236.3521984
v 0.0000000 280.5037446 -235.5108124
v 0.0000000 279.6623586 -235.5108124
v 0.0000000 -240.0163512 114.0988342
v 0.0000000 -239.3121015 114.0988342
v 0.0000000 -239.3121015 114.8030839
v 0.0000000 -240.0163512 114.8030839
v 0.0000000 -162.2263785 82.4241495
v 0.0000000 -161.5841850 82.4241495
v 0.0000000 -161.5841850 83.0663430
v 0.0000000 -162.2263785 83.0663430
v 0.0000000 18.9525349 162.0417084
v 0.0000000 19.3100553 162.0417084
v 0.0000000 19.3100553 162.3992288
v 0.0000000 18.9525349 162.3992288
v 0.0000000 -61.4574996 45.0562695
v 0.0000000 -61.0085203 45.0562695
v 0.0000000 -61.0085203 45.5052488
v 0.0000000 -61.4574996 45.5052488
v 0.0000000 116.9000435 -218.2102001
v 0.0000000 117.1400697 -218.2102001
v 0.0000000 117.1400697 -217.9701739
v 0.0000000 116.9000435 -217.9701739
v 0.0000000 40.0893614 -102.2124354
v 0.0000000 40.4577838 -102.2124354
v 0.0000000 40.4577838 -101.8440130
v 0.0000000 40.0893614 -101.8440130
v 0.0000000 563.9183175 -165.0245558
v 0.0000000 565.1124374 -165.0245558
v 0.0000000 565.1124374 -163.8304359
v 0.0000000 563.9183175 -163.8304359
v 0.0000000 63.1698057 -165.3182845
v 0.0000000 64.8059455 -165.3182845
v 0.0000000 64.8059455 -163.6821447
v 0.0000000 63.1698057 -163.6821447
v 0.0000000 -80.0087360 163.6226605
v 0.0000000 -79.7670997 163.6226605
v 0.0000000 -79.7670997 163.8642968
v 0.0000000 -80.0087360 163.8642968
v 0.0000000 -349.6466034 -123.6977944
v 0.0000000 -348.1122803 -123.6977944
v 0.0000000 -348.1122803 -122.1634713
v 0.0000000 -349.6466034 -122.1634713
v 0.0000000 510.9249864 211.2751300
v 0.0000000 511.2801755 211.2751300
v 0.0000000 511.2801755 211.6303192
v 0.0000000 510.9249864 211.6303192
v 0.0000000 488.2900938 357.6101135
v 0.0000000 488.5786992 357.6101135
v 0.0000000 488.5786992 357.8987190
v 0.0000000 488.2900938 357.8987190
v 0.0000000 541.9950194 179.0394846
v 0.0000000 542.4955539 179.0394846
v 0.0000000 542.4955539 179.5400191
v 0.0000000 541.9950194 179.5400191
v 0.0000000 371.8367088 45.6857043
v 0.0000000 372.8673645 45.6857043
v 0.0000000 372.8673645 46.7163600
v 0.0000000 371.8367088 46.7163600
v 0.0000000 144.3753495 -357.5301508
v 0.0000000 144.6169923 -357.5301508
v 0.0000000 144.6169923 -357.2885080
v 0.0000000 144.3753495 -357.2885080
v 0.0000000 -237.7414851 178.9305132
v 0.0000000 -237.5014835 178.9305132
v 0.0000000 -237.5014835 179.1705148
v 0.0000000 -237.7414851 179.1705148
v 0.0000000 185.1231626 144.9824902
v 0.0000000 185.3638278 144.9824902
v 0.0000000 185.3638278 145.2231553
v 0.0000000 185.1231626 145.2231553
v 0.0000000 392.6050397 106.7307582
v 0.0000000 393.3759152 106.7307582
v 0.0000000 393.3759152 107.5016337
v 0.0000000 392.6050397 107.5016337
v 0.0000000 -490.9694459 -256.5073893
v 0.0000000 -490.7289680 -256.5073893
v 0.0000000 -490.7289680 -256.2669114
v 0.0000000 -490.9694459 -256.2669114
v 0.0000000 364.5425055 -313.4820259
v 0.0000000 364.7825366 -313.4820259
v 0.0000000 364.7825366 -313.2419948
v 0.0000000 364.5425055 -313.2419948
v 0.0000000 456.9746732 -24.4873992
v 0.0000000 457.2146821 -24.4873992
v 0.0000000 457.2146821 -24.2473903
v 0.0000000 456.9746732 -24.2473903
v 0.0000000 -156.8644969 -44.9284846
v 0.0000000 -156.6244967 -44.9284846
v 0.0000000 -156.6244967 -44.6884844
v 0.0000000 -156.8644969 -44.6884844
v 0.0000000 -530.0338243 -323.8589321
v 0.0000000 -529.7937683 -323.8589321
v 0.0000000 -529.7937683 -323.6188761
v 0.0000000 -530.0338243 -323.6188761
v 0.0000000 610.6544218 -143.8398896
v 0.0000000 612.0657849 -143.8398896
v 0.0000000 612.0657849 -142.4285265
v 0.0000000 610.6544218 -142.4285265
v 0.0000000 -373.8602572 59.1021768
v 0.0000000 -373.6178370 59.1021768
v 0.0000000 -373.6178370 59.3445970
v 0.0000000 -373.8602572 59.3445970
v 0.0000000 -198.3823871 123.4829647
v 0.0000000 -198.1290729 123.4829647
v 0.0000000 -198.1290729 123.7362789
v 0.0000000 -198.3823871 123.7362789
v 0.0000000 423.2421517 -34.9710983
v 0.0000000 423.4859586 -34.9710983
v 0.0000000 423.4859586 -34.7272913
v 0.0000000 423.2421517 -34.7272913
v 0.0000000 201.6942285 124.4105480
v 0.0000000 201.9424595 124.4105480
v 0.0000000 201.9424595 124.6587791
v 0.0000000 201.6942285 124.6587791
v 0.0000000 248.1053825 306.7194918
v 0.0000000 248.3476461 306.7194918
v 0.0000000 248.3476461 306.9617554
v 0.0000000 248.1053825 306.9617554
v 0.0000000 -223.4950595 189.4536691
v 0.0000000 -223.2542021 189.4536691
v 0.0000000 -223.2542021 189.6945266
v 0.0000000 -223.4950595 189.6945266
v 0.0000000 438.6378926 -268.8686124
v 0.0000000 439.2380685 -268.8686124
v 0.0000000 439.2380685 -268.2684366
v 0.0000000 438.6378926 -268.2684366
v 0.0000000 -341.7809466 -310.7513968
v 0.0000000 -341.5271722 -310.7513968
v 0.0000000 -341.5271722 -310.4976224
v 0.0000000 -341.7809466 -310.4976224
v 0.0000000 38.7276488 -185.8391189
v 0.0000000 38.9741133 -185.8391189
v 0.0000000 38.9741133 -185.5926545
v 0.0000000 38.7276488 -185.5926545
v 0.0000000 -291.3132624 353.3943192
v 0.0000000 -290.2177119 353.3943192
v 0.0000000 -290.2177119 354.4898697
v 0.0000000 -291.3132624 354.4898697
v 0.0000000 -45.0306206 303.2627183
v 0.0000000 -44.0994807 303.2627183
v 0.0000000 -44.0994807 304.1938582
v 0.0000000 -45.0306206 304.1938582
v 0.0000000 97.9081297 158.8831837
v 0.0000000 98.1481343 158.8831837
v 0.0000000 98.1481343 159.1231884
v 0.0000000 97.9081297 159.1231884
v 0.0000000 -357.4104432 -63.7710506
v 0.0000000 -355.8751372 -63.7710506
v 0.0000000 -355.8751372 -62.2357445
v 0.0000000 -357.4104432 -62.2357445
v 0.0000000 -572.5383913 -79.4108680
v 0.0000000 -572.2048168 -79.4108680
v 0.0000000 -572.2048168 -79.0772935
v 0.0000000 -572.5383913 -79.0772935
v 0.0000000 96.0829693 -230.0012109
v 0.0000000 96.5621985 -230.0012109
v 0.0000000 96.5621985 -229.5219817
v 0.0000000 96.0829693 -229.5219817
v 0.0000000 -457.9205482 -212.3001293
v 0.0000000 -457.6474744 -212.3001293
v 0.0000000 -457.6474744 -212.0270555
v 0.0000000 -457.9205482 -212.0270555
v 0.0000000 494.8071430 356.1953151
v 0.0000000 495.0471482 356.1953151
v 0.0000000 495.0471482 356.4353204
v 0.0000000 494.8071430 356.4353204
v 0.0000000 -176.4212557 -261.8706299
v 0.0000000 -176.1786521 -261.8706299
v 0.0000000 -176.1786521 -261.6280264
v 0.0000000 -176.4212557 -261.6280264
v 0.0000000 -273.1856275 -233.7228562
v 0.0000000 -272.9456272 -233.7228562
v 0.0000000 -272.9456272 -233.4828558
v 0.0000000 -273.1856275 -233.4828558
v 0.0000000 523.2743457 54.9191766
v 0.0000000 523.5281997 54.9191766
v 0.0000000 523.5281997 55.1730305
v 0.0000000 523.2743457 55.1730305
v 0.0000000 -336.6511967 -144.5735986
v 0.0000000 -336.4008368 -144.5735986
v 0.0000000 -336.4008368 -144.3232387
v 0.0000000 -336.6511967 -144.3232387
v 0.0000000 577.7647091 128.7548961
v 0.0000000 578.1532249 128.7548961
v 0.0000000 578.1532249 129.1434119
v 0.0000000 577.7647091 129.1434119
v 0.0000000 -463.0167926 -89.1603616
v 0.0000000 -462.7639629 -89.1603616
v 0.0000000 -462.7639629 -88.9075319
v 0.0000000 -463.0167926 -88.9075319
v 0.0000000 79.5471072 205.6943006
v 0.0000000 79.7876049 205.6943006
v 0.0000000 79.7876049 205.9347982
v 0.0000000 79.5471072 205.9347982
v 0.0000000 139.6380340 -352.5644569
v 0.0000000 139.8780351 -352.5644569
v 0.0000000 139.8780351 -352.3244558
v 0.0000000 139.6380340 -352.3244558
v 0.0000000 -360.0146697 -1.2624795
v 0.0000000 -359.7746653 -1.2624795
v 0.0000000 -359.7746653 -1.0224751
v 0.0000000 -360.0146697 -1.0224751
v 0.0000000 332.0093373 -350.1140177
v 0.0000000 333.2185746 -350.1140177
v 0.0000000 333.2185746 -348.9047804
v 0.0000000 332.0093373 -348.9047804
v 0.0000000 -18.3185512 26.0354005
v 0.0000000 -18.0645208 26.0354005
v 0.0000000 -18.0645208 26.2894309
v 0.0000000 -18.3185512 26.2894309
v 0.0000000 383.1199171 -218.6323045
v 0.0000000 383.3599384 -218.6323045
v 0.0000000 383.3599384 -218.3922832
v 0.0000000 383.1199171 -218.3922832
v 0.0000000 -44.8458118 268.8976833
v 0.0000000 -44.0479403 268.8976833
v 0.0000000 -44.0479403 269.6955548
v 0.0000000 -44.8458118 269.6955548
v 0.0000000 -512.1095364 -68.8115487
v 0.0000000 -511.6722197 -68.8115487
v 0.0000000 -511.6722197 -68.3742320
v 0.0000000 -512.1095364 -68.3742320
v 0.0000000 -80.4199462 -283.0183706
v 0.0000000 -78.5881850 -283.0183706
v 0.0000000 -78.5881850 -281.1866095
v 0.0000000 -80.4199462 -281.1866095
v 0.0000000 -376.7302309 305.6488362
v 0.0000000 -376.4841215 305.6488362
v 0.0000000 -376.4841215 305.8949456
v 0.0000000 -376.7302309 305.8949456
v 0.0000000 357.7668829 178.7314508
v 0.0000000 358.2802706 178.7314508
v 0.0000000 358.2802706 179.2448384
v 0.0000000 357.7668829 179.2448384
v 0.0000000 187.5658123 147.1015084
v 0.0000000 187.8058123 147.1015084
v 0.0000000 187.8058123 147.3415084
v 0.0000000 187.5658123 147.3415084
v 0.0000000 -60.7557894 -206.1162517
v 0.0000000 -59.8905541 -206.1162517
v 0.0000000 -59.8905541 -205.2510165
v 0.0000000 -60.7557894 -205.2510165
v 0.0000000 -38.7741597 -6.0555896
v 0.0000000 -37.1857574 -6.0555896
v 0.0000000 -37.1857574 -4.4671873
v 0.0000000 -38.7741597 -4.4671873
v 0.0000000 -88.1771077 241.0120865
v 0.0000000 -87.9360766 241.0120865
v 0.0000000 -87.9360766 241.2531176
v 0.0000000 -88.1771077 241.2531176
v 0.0000000 251.7029600 41.3914975
v 0.0000000 252.8394266 41.3914975
v 0.0000000 252.8394266 42.5279640
v 0.0000000 251.7029600 42.5279640
v 0.0000000 -442.9245947 -161.0679736
v 0.0000000 -442.6517368 -161.0679736
v 0.0000000 -442.6517368 -160.7951156
v 0.0000000 -442.9245947 -160.7951156
v 0.0000000 -72.2788834 39.6273934
v 0.0000000 -71.9238012 39.6273934
v 0.0000000 -71.9238012 39.9824756
v 0.0000000 -72.2788834 39.9824756
v 0.0000000 -538.8167115 25.4883898
v 0.0000000 -538.4630433 25.4883898
v 0.0000000 -538.4630433 25.8420579
v 0.0000000 -538.8167115 25.8420579
v 0.0000000 507.4188136 -125.6217565
v 0.0000000 508.8768451 -125.6217565
v 0.0000000 508.8768451 -124.1637251
v 0.0000000 507.4188136 -124.1637251
v 0.0000000 274.7330936 91.9422811
v 0.0000000 274.9774313 91.9422811
v 0.0000000 274.9774313 92.1866187
v 0.0000000 274.7330936 92.1866187
v 0.0000000 -245.0252444 268.9788580
v 0.0000000 -244.7851170 268.9788580
v 0.0000000 -244.7851170 269.2189854
v 0.0000000 -245.0252444 269.2189854
v 0.0000000 577.1488361 88.4698649
v 0.0000000 577.9304739 88.4698649
v 0.0000000 577.9304739 89.2515027
v 0.0000000 577.1488361 89.2515027
v 0.0000000 -102.5973568 189.5469523
v 0.0000000 -101.3794947 189.5469523
v 0.0000000 -101.3794947 190.7648145
v 0.0000000 -102.5973568 190.7648145
v 0.0000000 -342.0089420 -37.8217647
v 0.0000000 -341.6111254 -37.8217647
v 0.0000000 -341.6111254 -37.4239481
v 0.0000000 -342.0089420 -37.4239481
v 0.0000000 -107.3380443 -13.4687622
v 0.0000000 -107.0913777 -13.4687622
v 0.0000000 -107.0913777 -13.2220956
v 0.0000000 -107.3380443 -13.2220956
v 0.0000000 404.6759308 84.5510970
v 0.0000000 405.1223583 84.5510970
v 0.0000000 405.1223583 84.9975245
v 0.0000000 404.6759308 84.9975245
v 0.0000000 -307.6871764 -205.9985394
v 0.0000000 -307.4470842 -205.9985394
v 0.0000000 -307.4470842 -205.7584472
v 0.0000000 -307.6871764 -205.7584472
v 0.0000000 -148.2474058 186.4226416
v 0.0000000 -147.9370058 186.4226416
v 0.0000000 -147.9370058 186.7330416
v 0.0000000 -148.2474058 186.7330416
v 0.0000000 -620.0862224 246.6775343
v 0.0000000 -619.8295256 246.6775343
v 0.0000000 -619.8295256 246.9342311
v 0.0000000 -620.0862224 246.9342311
v 0.0000000 -500.2590363 99.5907492
v 0.0000000 -499.9203031 99.5907492
v 0.0000000 -499.9203031 99.9294824
v 0.0000000 -500.2590363 99.9294824
v 0.0000000 418.7939473 -79.4358175
v 0.0000000 419.0339473 -79.4358175
v 0.0000000 419.0339473 -79.1958175
v 0.0000000 418.7939473 -79.1958175
v 0.0000000 -111.6098616 46.2401702
v 0.0000000 -111.3442217 46.2401702
v 0.0000000 -111.3442217 46.5058101
v 0.0000000 -111.6098616 46.5058101
v 0.0000000 272.7568876 -331.4413831
v 0.0000000 274.2916288 -331.4413831
v 0.0000000 274.2916288 -329.9066419
v 0.0000000 272.7568876 -329.9066419
v 0.0000000 20.2626695 267.2194544
v 0.0000000 20.5186721 267.2194544
v 0.0000000 20.5186721 267.4754570
v 0.0000000 20.2626695 267.4754570
v 0.0000000 12.0186786 -188.7399445
v 0.0000000 12.2621917 -188.7399445
v 0.0000000 12.2621917 -188.4964314
v 0.0000000 12.0186786 -188.4964314
v 0.0000000 423.5531177 -325.5665538
v 0.0000000 423.7931177 -325.5665538
v 0.0000000 423.7931177 -325.3265537
v 0.0000000 423.5531177 -325.3265537
v 0.0000000 -318.6253304 267.1405626
v 0.0000000 -318.3083519 267.1405626
v 0.0000000 -318.3083519 267.4575411
v 0.0000000 -318.6253304 267.4575411
v 0.0000000 191.7925511 -193.7371401
v 0.0000000 192.0874400 -193.7371401
v 0.0000000 192.0874400 -193.4422513
v 0.0000000 191.7925511 -193.4422513
v 0.0000000 269.2635955 -71.6010782
v 0.0000000 270.8039255 -71.6010782
v 0.0000000 270.8039255 -70.0607482
v 0.0000000 269.2635955 -70.0607482
v 0.0000000 -339.8935276 315.8805726
v 0.0000000 -339.4834023 315.8805726
v 0.0000000 -339.4834023 316.2906980
v 0.0000000 -339.8935276 316.2906980
v 0.0000000 -529.2722360 -315.1607622
v 0.0000000 -528.9923483 -315.1607622
v 0.0000000 -528.9923483 -314.8808745
v 0.0000000 -529.2722360 -314.8808745
v 0.0000000 -340.0253028 -251.7376117
v 0.0000000 -339.7593268 -251.7376117
v 0.0000000 -339.7593268 -251.4716357
v 0.0000000 -340.0253028 -251.4716357
v 0.0000000 276.5438849 82.6411999
v 0.0000000 276.8277266 82.6411999
v 0.0000000 276.8277266 82.9250415
v 0.0000000 276.5438849 82.9250415
v 0.0000000 217.9234786 -99.9100874
v 0.0000000 218.3417826 -99.9100874
v 0.0000000 218.3417826 -99.4917834
v 0.0000000 217.9234786 -99.4917834
v 0.0000000 -345.4623335 -108.5993379
v 0.0000000 -344.4304577 -108.5993379
v 0.0000000 -344.4304577 -107.5674622
v 0.0000000 -345.4623335 -107.5674622
v 0.0000000 597.4233149 72.7199757
v 0.0000000 597.6644699 72.7199757
v 0.0000000 597.6644699 72.9611307
v 0.0000000 597.4233149 72.9611307
v 0.0000000 85.3235153 -167.7415938
v 0.0000000 85.5635154 -167.7415938
v 0.0000000 85.5635154 -167.5015936
v 0.0000000 85.3235153 -167.5015936
v 0.0000000 -150.7155041 291.6349139
v 0.0000000 -150.4702919 291.6349139
v 0.0000000 -150.4702919 291.8801261
v 0.0000000 -150.7155041 291.8801261
v 0.0000000 587.7990519 296.0668952
v 0.0000000 588.4116924 296.0668952
v 0.0000000 588.4116924 296.6795357
v 0.0000000 587.7990519 296.6795357
v 0.0000000 -75.9775497 -81.6381611
v 0.0000000 -74.5932129 -81.6381611
v 0.0000000 -74.5932129 -80.2538243
v 0.0000000 -75.9775497 -80.2538243
v 0.0000000 127.5601861 359.2617891
v 0.0000000 127.8014332 359.2617891
v 0.0000000 127.8014332 359.5030363
v 0.0000000 127.5601861 359.5030363
v 0.0000000 -88.9637351 -63.9953619
v 0.0000000 -88.5100106 -63.9953619
v 0.0000000 -88.5100106 -63.5416375
v 0.0000000 -88.9637351 -63.5416375
v 0.0000000 614.2700529 -158.9928014
v 0.0000000 614.8264887 -158.9928014
v 0.0000000 614.8264887 -158.4363656
v 0.0000000 614.2700529 -158.4363656
v 0.0000000 226.1432446 -15.8017988
v 0.0000000 226.4196650 -15.8017988
v 0.0000000 226.4196650 -15.5253784
v 0.0000000 226.1432446 -15.5253784
v 0.0000000 -70.0264612 114.5077139
v 0.0000000 -69.4388599 114.5077139
v 0.0000000 -69.4388599 115.0953152
v 0.0000000 -70.0264612 115.0953152
v 0.0000000 -504.4143424 233.0703481
v 0.0000000 -504.1743360 233.0703481
v 0.0000000 -504.1743360 233.3103545
v 0.0000000 -504.4143424 233.3103545
v 0.0000000 152.0372679 -168.2548443
v 0.0000000 152.3024306 -168.2548443
v 0.0000000 152.3024306 -167.9896815
v 0.0000000 152.0372679 -167.9896815
v 0.0000000 -151.9387204 228.9714990
v 0.0000000 -151.6410115 228.9714990
v 0.0000000 -151.6410115 229.2692078
v 0.0000000 -151.9387204 229.2692078
v 0.0000000 383.0628311 -295.2247878
v 0.0000000 383.9756001 -295.2247878
v 0.0000000 383.9756001 -294.3120188
v 0.0000000 383.0628311 -294.3120188
v 0.0000000 372.1958851 203.4512961
v 0.0000000 372.4363832 203.4512961
v 0.0000000 372.4363832 203.6917942
v 0.0000000 372.1958851 203.6917942
v 0.0000000 202.2121490 197.7570776
v 0.0000000 202.5565217 197.7570776
v 0.0000000 202.5565217 198.1014502
v 0.0000000 202.2121490 198.1014502
v 0.0000000 12.7605267 321.2713462
v 0.0000000 14.0092573 321.2713462
v 0.0000000 14.0092573 322.5200767
v 0.0000000 12.7605267 322.5200767
v 0.0000000 -148.0548089 -297.0624942
v 0.0000000 -147.8047169 -297.0624942
v 0.0000000 -147.8047169 -296.8124023
v 0.0000000 -148.0548089 -296.8124023
v 0.0000000 185.6058456 59.2921942
v 0.0000000 185.8505427 59.2921942
v 0.0000000 185.8505427 59.5368912
v 0.0000000 185.6058456 59.5368912
v 0.0000000 -22.6729372 80.1676823
v 0.0000000 -22.4261728 80.1676823
v 0.0000000 -22.4261728 80.4144466
v 0.0000000 -22.6729372 80.4144466
v 0.0000000 136.4421045 241.3378872
v 0.0000000 137.0683618 241.3378872
v 0.0000000 137.0683618 241.9641445
v 0.0000000 136.4421045 241.9641445
v 0.0000000 -228.6988447 0.6575115
v 0.0000000 -227.1716423 0.6575115
v 0.0000000 -227.1716423 2.1847139
v 0.0000000 -228.6988447 2.1847139
v 0.0000000 -380.1884535 79.6141799
v 0.0000000 -379.6613222 79.6141799
v 0.0000000 -379.6613222 80.1413112
v 0.0000000 -380.1884535 80.1413112
v 0.0000000 279.7599700 313.3490447
v 0.0000000 280.1117576 313.3490447
v 0.0000000 280.1117576 313.7008324
v 0.0000000 279.7599700 313.7008324
v 0.0000000 -51.7820389 -292.3204498
v 0.0000000 -51.5328911 -292.3204498
v 0.0000000 -51.5328911 -292.0713021
v 0.0000000 -51.7820389 -292.0713021
v 0.0000000 -462.6657764 24.9865604
v 0.0000000 -462.4191099 24.9865604
v 0.0000000 -462.4191099 25.2332269
v 0.0000000 -462.6657764 25.2332269
v 0.0000000 -201.3007820 78.0504381
v 0.0000000 -201.0603801 78.0504381
v 0.0000000 -201.0603801 78.2908399
v 0.0000000 -201.3007820 78.2908399
v 0.0000000 -516.4812411 332.4259346
v 0.0000000 -515.9684790 332.4259346
v 0.0000000 -515.9684790 332.9386967
v 0.0000000 -516.4812411 332.9386967
v 0.0000000 328.7302177 -51.6772170
v 0.0000000 329.0022482 -51.6772170
v 0.0000000 329.0022482 -51.4051865
v 0.0000000 328.7302177 -51.4051865
v 0.0000000 71.6503833 -156.4543841
v 0.0000000 71.9086610 -156.4543841
v 0.0000000 71.9086610 -156.1961064
v 0.0000000 71.6503833 -156.1961064
v 0.0000000 -58.6057507 -301.9059081
v 0.0000000 -58.3126479 -301.9059081
v 0.0000000 -58.3126479 -301.6128054
v 0.0000000 -58.6057507 -301.6128054
v 0.0000000 -323.1903187 -282.4712512
v 0.0000000 -322.6337383 -282.4712512
v 0.0000000 -322.6337383 -281.9146708
v 0.0000000 -323.1903187 -281.9146708
v 0.0000000 -403.4155138 251.3301478
v 0.0000000 -402.9817879 251.3301478
v 0.0000000 -402.9817879 251.7638737
v 0.0000000 -403.4155138 251.7638737
v 0.0000000 413.9653743 328.9962865
v 0.0000000 415.4708970 328.9962865
v 0.0000000 415.4708970 330.5018092
v 0.0000000 413.9653743 330.5018092
v 0.0000000 -305.6714446 343.9378194
v 0.0000000 -305.3302831 343.9378194
v 0.0000000 -305.3302831 344.2789809
v 0.0000000 -305.6714446 344.2789809
v 0.0000000 162.8814131 23.3541197
v 0.0000000 163.1994829 23.3541197
v 0.0000000 163.1994829 23.6721894
v 0.0000000 162.8814131 23.6721894
v 0.0000000 -47.9389786 174.5703682
v 0.0000000 -47.6961775 174.5703682
v 0.0000000 -47.6961775 174.8131693
v 0.0000000 -47.9389786 174.8131693
v 0.0000000 -511.1452237 79.8685671
v 0.0000000 -510.7458786 79.8685671
v 0.0000000 -510.7458786 80.2679123
v 0.0000000 -511.1452237 80.2679123
v 0.0000000 489.1766374 190.5809475
v 0.0000000 489.5951462 190.5809475
v 0.0000000 489.5951462 190.9994564
v 0.0000000 489.1766374 190.9994564
v 0.0000000 -60.0889019 219.9083407
v 0.0000000 -59.8488909 219.9083407
v 0.0000000 -59.8488909 220.1483517
v 0.0000000 -60.0889019 220.1483517
v 0.0000000 234.0471503 279.5954753
v 0.0000000 235.5311207 279.5954753
v 0.0000000 235.5311207 281.0794456
v 0.0000000 234.0471503 281.0794456
v 0.0000000 247.1729601 -337.2517979
v 0.0000000 247.4761219 -337.2517979
v 0.0000000 247.4761219 -336.9486361
v 0.0000000 247.1729601 -336.9486361
v 0.0000000 -22.2038684 -231.0588484
v 0.0000000 -21.4046839 -231.0588484
v 0.0000000 -21.4046839 -230.2596639
v 0.0000000 -22.2038684 -230.2596639
v 0.0000000 -121.6504493 304.4815907
v 0.0000000 -121.3337007 304.4815907
v 0.0000000 -121.3337007 304.7983392
v 0.0000000 -121.6504493 304.7983392
v 0.0000000 3.8015510 194.5921731
v 0.0000000 4.0458080 194.5921731
v 0.0000000 4.0458080 194.8364301
v 0.0000000 3.8015510 194.8364301
v 0.0000000 567.4724837 -179.6312154
v 0.0000000 567.7129777 -179.6312154
v 0.0000000 567.7129777 -179.3907214
v 0.0000000 567.4724837 -179.3907214
v 0.0000000 41.0902946 22.2507202
v 0.0000000 41.4409828 22.2507202
v 0.0000000 41.4409828 22.6014084
v 0.0000000 41.0902946 22.6014084
v 0.0000000 -492.1666917 56.4310318
v 0.0000000 -491.6178253 56.4310318
v 0.0000000 -491.6178253 56.9798981
v 0.0000000 -492.1666917 56.9798981
v 0.0000000 -410.0301583 101.9478710
v 0.0000000 -409.7641629 101.9478710
v 0.0000000 -409.7641629 102.2138663
v 0.0000000 -410.0301583 102.2138663
v 0.0000000 448.7715199 -200.5383193
v 0.0000000 449.0390935 -200.5383193
v 0.0000000 449.0390935 -200.2707456
v 0.0000000 448.7715199 -200.2707456
v 0.0000000 -298.3030612 55.8882357
v 0.0000000 -298.0414227 55.8882357
v 0.0000000 -298.0414227 56.1498742
v 0.0000000 -298.3030612 56.1498742
v 0.0000000 589.4908294 230.4704358
v 0.0000000 590.8405951 230.4704358
v 0.0000000 590.8405951 231.8202016
v 0.0000000 589.4908294 231.8202016
v 0.0000000 397.6105953 308.9114851
v 0.0000000 397.8553442 308.9114851
v 0.0000000 397.8553442 309.1562340
v 0.0000000 397.6105953 309.1562340
v 0.0000000 -112.0885893 213.1793058
v 0.0000000 -111.4671586 213.1793058
v 0.0000000 -111.4671586 213.8007366
v 0.0000000 -112.0885893 213.8007366
v 0.0000000 -317.2611233 213.5591713
v 0.0000000 -316.7058633 213.5591713
v 0.0000000 -316.7058633 214.1144313
v 0.0000000 -317.2611233 214.1144313
v 0.0000000 -21.0495678 -237.8393500
v 0.0000000 -20.8095520 -237.8393500
v 0.0000000 -20.8095520 -237.5993342
v 0.0000000 -21.0495678 -237.5993342
v 0.0000000 47.4912117 219.9255445
v 0.0000000 47.7317528 219.9255445
v 0.0000000 47.7317528 220.1660856
v 0.0000000 47.4912117 220.1660856
v 0.0000000 566.3530841 114.9275004
v 0.0000000 566.6121333 114.9275004
v 0.0000000 566.6121333 115.1865496
v 0.0000000 566.3530841 115.1865496
v 0.0000000 -352.0908880 225.7457583
v 0.0000000 -351.8352667 225.7457583
v 0.0000000 -351.8352667 226.0013796
v 0.0000000 -352.0908880 226.0013796
v 0.0000000 367.7563614 90.7915743
v 0.0000000 367.9996683 90.7915743
v 0.0000000 367.9996683 91.0348812
v 0.0000000 367.7563614 91.0348812
v 0.0000000 296.7994677 -308.4613196
v 0.0000000 297.1942227 -308.4613196
v 0.0000000 297.1942227 -308.0665647
v 0.0000000 296.7994677 -308.0665647
v 0.0000000 608.4186357 262.5800485
v 0.0000000 608.6664061 262.5800485
v 0.0000000 608.6664061 262.8278189
v 0.0000000 608.4186357 262.8278189
v 0.0000000 -246.4128694 -222.9078916
v 0.0000000 -246.1565876 -222.9078916
v 0.0000000 -246.1565876 -222.6516097
v 0.0000000 -246.4128694 -222.6516097
v 0.0000000 -616.2771492 -284.5281401
v 0.0000000 -616.0371490 -284.5281401
v 0.0000000 -616.0371490 -284.2881400
v 0.0000000 -616.2771492 -284.2881400
v 0.0000000 -118.1905542 -115.9484596
v 0.0000000 -117.9040952 -115.9484596
v 0.0000000 -117.9040952 -115.6620007
v 0.0000000 -118.1905542 -115.6620007
v 0.0000000 465.4547028 -41.6248734
v 0.0000000 465.6951687 -41.6248734
v 0.0000000 465.6951687 -41.3844076
v 0.0000000 465.4547028 -41.3844076
v 0.0000000 528.4518037 -121.6534143
v 0.0000000 528.6920861 -121.6534143
v 0.0000000 528.6920861 -121.4131319
v 0.0000000 528.4518037 -121.4131319
v 0.0000000 331.5276728 88.6035825
v 0.0000000 331.7676780 88.6035825
v 0.0000000 331.7676780 88.8435877
v 0.0000000 331.5276728 88.8435877
v 0.0000000 -365.6564911 330.4049383
v 0.0000000 -365.4161102 330.4049383
v 0.0000000 -365.4161102 330.6453191
v 0.0000000 -365.6564911 330.6453191
v 0.0000000 -273.1219749 -196.8108057
v 0.0000000 -272.7884735 -196.8108057
v 0.0000000 -272.7884735 -196.4773044
v 0.0000000 -273.1219749 -196.4773044
v 0.0000000 -301.1428190 83.3809628
v 0.0000000 -300.8892874 83.3809628
v 0.0000000 -300.8892874 83.6344945
v 0.0000000 -301.1428190 83.6344945
v 0.0000000 275.8599726 66.6099630
v 0.0000000 276.6501219 66.6099630
v 0.0000000 276.6501219 67.4001122
v 0.0000000 275.8599726 67.4001122
v 0.0000000 513.6295748 339.6098138
v 0.0000000 513.8695839 339.6098138
v 0.0000000 513.8695839 339.8498229
v 0.0000000 513.6295748 339.8498229
v 0.0000000 399.8782182 -132.0520735
v 0.0000000 401.1965660 -132.0520735
v 0.0000000 401.1965660 -130.7337257
v 0.0000000 399.8782182 -130.7337257
v 0.0000000 -6.8892946 -128.7855227
v 0.0000000 -6.6492946 -128.7855227
v 0.0000000 -6.6492946 -128.5455227
v 0.0000000 -6.8892946 -128.5455227
v 0.0000000 436.9503256 72.2457137
v 0.0000000 437.1934879 72.2457137
v 0.0000000 437.1934879 72.4888761
v 0.0000000 436.9503256 72.4888761
v 0.0000000 -105.1115785 -162.2255764
v 0.0000000 -103.6930484 -162.2255764
v 0.0000000 -103.6930484 -160.8070463
v 0.0000000 -105.1115785 -160.8070463
v 0.0000000 543.2611009 -280.8697577
v 0.0000000 543.5076593 -280.8697577
v 0.0000000 543.5076593 -280.6231992
v 0.0000000 543.2611009 -280.6231992
v 0.0000000 -308.1818635 -338.2063106
v 0.0000000 -307.0468651 -338.2063106
v 0.0000000 -307.0468651 -337.0713122
v 0.0000000 -308.1818635 -337.0713122
v 0.0000000 394.2467978 -356.1389769
v 0.0000000 394.5633139 -356.1389769
v 0.0000000 394.5633139 -355.8224608
v 0.0000000 394.2467978 -355.8224608
v 0.0000000 377.8909547 324.5342821
v 0.0000000 378.1309579 324.5342821
v 0.0000000 378.1309579 324.7742854
v 0.0000000 377.8909547 324.7742854
v 0.0000000 366.4119759 -350.8713103
v 0.0000000 367.0141622 -350.8713103
v 0.0000000 367.0141622 -350.2691239
v 0.0000000 366.4119759 -350.2691239
v 0.0000000 225.6911929 -14.3629116
v 0.0000000 225.9739656 -14.3629116
v 0.0000000 225.9739656 -14.0801389
v 0.0000000 225.6911929 -14.0801389
v 0.0000000 585.8362135 -229.1950888
v 0.0000000 586.0762136 -229.1950888
v 0.0000000 586.0762136 -228.9550886
v 0.0000000 585.8362135 -228.9550886
v 0.0000000 -601.1795660 243.6528168
v 0.0000000 -600.4823624 243.6528168
v 0.0000000 -600.4823624 244.3500204
v 0.0000000 -601.1795660 244.3500204
v 0.0000000 293.2329866 18.6383459
v 0.0000000 293.7593443 18.6383459
v 0.0000000 293.7593443 19.1647037
v 0.0000000 293.2329866 19.1647037
v 0.0000000 418.6183489 83.8026293
v 0.0000000 418.8631753 83.8026293
v 0.0000000 418.8631753 84.0474557
v 0.0000000 418.6183489 84.0474557
v 0.0000000 602.0844264 -300.5720493
v 0.0000000 602.4181050 -300.5720493
v 0.0000000 602.4181050 -300.2383707
v 0.0000000 602.0844264 -300.2383707
v 0.0000000 -433.6218300 -233.7228375
v 0.0000000 -433.3813518 -233.7228375
v 0.0000000 -433.3813518 -233.4823592
v 0.0000000 -433.6218300 -233.4823592
v 0.0000000 224.9788496 225.8524873
v 0.0000000 225.4213432 225.8524873
v 0.0000000 225.4213432 226.2949809
v 0.0000000 224.9788496 226.2949809
v 0.0000000 -328.8885842 -200.5759000
v 0.0000000 -328.4731516 -200.5759000
v 0.0000000 -328.4731516 -200.1604673
v 0.0000000 -328.8885842 -200.1604673
v 0.0000000 341.3366399 281.7623600
v 0.0000000 341.5766751 281.7623600
v 0.0000000 341.5766751 282.0023951
v 0.0000000 341.3366399 282.0023951
v 0.0000000 -211.6082113 -315.4141912
v 0.0000000 -211.3678006 -315.4141912
v 0.0000000 -211.3678006 -315.1737805
v 0.0000000 -211.6082113 -315.1737805
v 0.0000000 -393.7896014 250.5256732
v 0.0000000 -393.3132090 250.5256732
v 0.0000000 -393.3132090 251.0020655
v 0.0000000 -393.7896014 251.0020655
v 0.0000000 -327.6938541 115.3012808
v 0.0000000 -325.9514287 115.3012808
v 0.0000000 -325.9514287 117.0437063
v 0.0000000 -327.6938541 117.0437063
v 0.0000000 5.4716911 -226.3732862
v 0.0000000 5.7133533 -226.3732862
v 0.0000000 5.7133533 -226.1316239
v 0.0000000 5.4716911 -226.1316239
v 0.0000000 -386.1118462 -205.3652805
v 0.0000000 -385.5972796 -205.3652805
v 0.0000000 -385.5972796 -204.8507139
v 0.0000000 -386.1118462 -204.8507139
v 0.0000000 -77.7302356 159.8223796
v 0.0000000 -76.4056028 159.8223796
v 0.0000000 -76.4056028 161.1470124
v 0.0000000 -77.7302356 161.1470124
v 0.0000000 -305.3483226 194.2281627
v 0.0000000 -305.0957279 194.2281627
v 0.0000000 -305.0957279 194.4807574
v 0.0000000 -305.3483226 194.4807574
v 0.0000000 -186.6394655 307.6598438
v 0.0000000 -186.2973455 307.6598438
v 0.0000000 -186.2973455 308.0019638
v 0.0000000 -186.6394655 308.0019638
v 0.0000000 -289.4524615 28.8799887
v 0.0000000 -289.2122709 28.8799887
v 0.0000000 -289.2122709 29.1201793
v 0.0000000 -289.4524615 29.1201793
v 0.0000000 467.7978979 347.1219835
v 0.0000000 468.3441191 347.1219835
v 0.0000000 468.3441191 347.6682048
v 0.0000000 467.7978979 347.6682048
v 0.0000000 229.5513877 -297.6312871
v 0.0000000 230.8411240 -297.6312871
v 0.0000000 230.8411240 -296.3415508
v 0.0000000 229.5513877 -296.3415508
v 0.0000000 590.7136388 -313.2726461
v 0.0000000 591.0491301 -313.2726461
v 0.0000000 591.0491301 -312.9371548
v 0.0000000 590.7136388 -312.9371548
v 0.0000000 599.6251470 -24.9666977
v 0.0000000 599.8671314 -24.9666977
v 0.0000000 599.8671314 -24.7247133
v 0.0000000 599.6251470 -24.7247133
v 0.0000000 -527.0620354 -195.9204128
v 0.0000000 -526.5647719 -195.9204128
v 0.0000000 -526.5647719 -195.4231493
v 0.0000000 -527.0620354 -195.4231493
v 0.0000000 -58.1662768 238.7502918
v 0.0000000 -56.6451738 238.7502918
v 0.0000000 -56.6451738 240.2713948
v 0.0000000 -58.1662768 240.2713948
v 0.0000000 -20.7152029 -162.6182441
v 0.0000000 -20.4093358 -162.6182441
v 0.0000000 -20.4093358 -162.3123769
v 0.0000000 -20.7152029 -162.3123769
v 0.0000000 -578.2481249 -23.2240092
v 0.0000000 -577.2362597 -23.2240092
v 0.0000000 -577.2362597 -22.2121440
v 0.0000000 -578.2481249 -22.2121440
v 0.0000000 123.8413275 -160.2200553
v 0.0000000 124.9403226 -160.2200553
v 0.0000000 124.9403226 -159.1210601
v 0.0000000 123.8413275 -159.1210601
v 0.0000000 -219.1548982 82.1593161
v 0.0000000 -217.7031725 82.1593161
v 0.0000000 -217.7031725 83.6110418
v 0.0000000 -219.1548982 83.6110418
v 0.0000000 -272.9857055 208.4929432
v 0.0000000 -272.6924350 208.4929432
v 0.0000000 -272.6924350 208.7862138
v 0.0000000 -272.9857055 208.7862138
v 0.0000000 -392.4836649 -81.8098125
v 0.0000000 -392.0808287 -81.8098125
v 0.0000000 -392.0808287 -81.4069763
v 0.0000000 -392.4836649 -81.4069763
v 0.0000000 -274.9486872 56.3756216
v 0.0000000 -274.6590855 56.3756216
v 0.0000000 -274.6590855 56.6652233
v 0.0000000 -274.9486872 56.6652233
v 0.0000000 -286.0124857 -245.1068232
v 0.0000000 -285.7724028 -245.1068232
v 0.0000000 -285.7724028 -244.8667402
v 0.0000000 -286.0124857 -244.8667402
v 0.0000000 554.0515045 -313.2112036
v 0.0000000 554.4405107 -313.2112036
v 0.0000000 554.4405107 -312.8221973
v 0.0000000 554.0515045 -312.8221973
v 0.0000000 -242.0247921 -94.4092850
v 0.0000000 -241.7730120 -94.4092850
v 0.0000000 -241.7730120 -94.1575048
v 0.0000000 -242.0247921 -94.1575048
v 0.0000000 -553.9320229 154.8066920
v 0.0000000 -553.6050065 154.8066920
v 0.0000000 -553.6050065 155.1337085
v 0.0000000 -553.9320229 155.1337085
v 0.0000000 -178.8967345 119.0814526
v 0.0000000 -177.2532385 119.0814526
v 0.0000000 -177.2532385 120.7249485
v 0.0000000 -178.8967345 120.7249485
v 0.0000000 -570.4553088 85.2044995
v 0.0000000 -570.0338073 85.2044995
v 0.0000000 -570.0338073 85.6260011
v 0.0000000 -570.4553088 85.6260011
v 0.0000000 -563.2473136 -352.5876613
v 0.0000000 -562.5965913 -352.5876613
v 0.0000000 -562.5965913 -351.9369390
v 0.0000000 -563.2473136 -351.9369390
v 0.0000000 411.7391215 280.7926375
v 0.0000000 411.9796342 280.7926375
v 0.0000000 411.9796342 281.0331503
v 0.0000000 411.7391215 281.0331503
v 0.0000000 561.3643627 -138.2434037
v 0.0000000 561.6080715 -138.2434037
v 0.0000000 561.6080715 -137.9996949
v 0.0000000 561.3643627 -137.9996949
v 0.0000000 59.6768846 -75.3138055
v 0.0000000 59.9168846 -75.3138055
v 0.0000000 59.9168846 -75.0738054
v 0.0000000 59.6768846 -75.0738054
v 0.0000000 -87.1352635 -99.3210608
v 0.0000000 -85.3172084 -99.3210608
v 0.0000000 -85.3172084 -97.5030057
v 0.0000000 -87.1352635 -97.5030057
v 0.0000000 572.0693115 8.4307802
v 0.0000000 572.3209058 8.4307802
v 0.0000000 572.3209058 8.6823745
v 0.0000000 572.0693115 8.6823745
v 0.0000000 460.8180630 181.9836987
v 0.0000000 461.0756574 181.9836987
v 0.0000000 461.0756574 182.2412932
v 0.0000000 460.8180630 182.2412932
v 0.0000000 -96.0875584 155.3101559
v 0.0000000 -95.8474078 155.3101559
v 0.0000000 -95.8474078 155.5503065
v 0.0000000 -96.0875584 155.5503065
v 0.0000000 1.6230689 176.2448222
v 0.0000000 2.9405340 176.2448222
v 0.0000000 2.9405340 177.5622873
v 0.0000000 1.6230689 177.5622873
v 0.0000000 -62.4885622 -250.6960518
v 0.0000000 -62.2485617 -250.6960518
v 0.0000000 -62.2485617 -250.4560512
v 0.0000000 -62.4885622 -250.4560512
v 0.0000000 244.9023612 -78.7947764
v 0.0000000 245.2187144 -78.7947764
v 0.0000000 245.2187144 -78.4784232
v 0.0000000 244.9023612 -78.4784232
v 0.0000000 -476.0155058 -282.4697870
v 0.0000000 -474.6189840 -282.4697870
v 0.0000000 -474.6189840 -281.0732652
v 0.0000000 -476.0155058 -281.0732652
v 0.0000000 -566.5781043 -92.8188094
v 0.0000000 -566.1628803 -92.8188094
v 0.0000000 -566.1628803 -92.4035855
v 0.0000000 -566.5781043 -92.4035855
v 0.0000000 -50.5244705 281.7297745
v 0.0000000 -50.0623271 281.7297745
v 0.0000000 -50.0623271 282.1919179
v 0.0000000 -50.5244705 282.1919179
v 0.0000000 606.3148130 -280.7377354
v 0.0000000 606.5548130 -280.7377354
v 0.0000000 606.5548130 -280.4977353
v 0.0000000 606.3148130 -280.4977353
v 0.0000000 -436.0495288 92.6259477
v 0.0000000 -434.9154649 92.6259477
v 0.0000000 -434.9154649 93.7600115
v 0.0000000 -436.0495288 93.7600115
v 0.0000000 496.2778700 -83.5039276
v 0.0000000 496.5568622 -83.5039276
v 0.0000000 496.5568622 -83.2249354
v 0.0000000 496.2778700 -83.2249354
v 0.0000000 -232.9062365 -9.2808643
v 0.0000000 -232.4525417 -9.2808643
v 0.0000000 -232.4525417 -8.8271695
v 0.0000000 -232.9062365 -8.8271695
v 0.0000000 544.8974813 144.3119972
v 0.0000000 545.1374813 144.3119972
v 0.0000000 545.1374813 144.5519972
v 0.0000000 544.8974813 144.5519972
v 0.0000000 -268.3633534 -61.0624623
v 0.0000000 -267.9992281 -61.0624623
v 0.0000000 -267.9992281 -60.6983370
v 0.0000000 -268.3633534 -60.6983370
v 0.0000000 167.5369510 -205.7010174
v 0.0000000 168.5743023 -205.7010174
v 0.0000000 168.5743023 -204.6636660
v 0.0000000 167.5369510 -204.6636660
v 0.0000000 573.4696675 -291.5955862
v 0.0000000 573.8346826 -291.5955862
v 0.0000000 573.8346826 -291.2305712
v 0.0000000 573.4696675 -291.2305712
v 0.0000000 -186.4587448 139.8002621
v 0.0000000 -186.1777286 139.8002621
v 0.0000000 -186.1777286 140.0812783
v 0.0000000 -186.4587448 140.0812783
v 0.0000000 -450.9915535 72.8021921
v 0.0000000 -449.3677408 72.8021921
v 0.0000000 -449.3677408 74.4260048
v 0.0000000 -450.9915535 74.4260048
v 0.0000000 -581.7805615 130.7407232
v 0.0000000 -580.2796312 130.7407232
v 0.0000000 -580.2796312 132.2416535
v 0.0000000 -581.7805615 132.2416535
v 0.0000000 -178.5611509 68.6927317
v 0.0000000 -178.2437288 68.6927317
v 0.0000000 -178.2437288 69.0101538
v 0.0000000 -178.5611509 69.0101538
v 0.0000000 265.5989509 -156.1817172
v 0.0000000 267.2365911 -156.1817172
v 0.0000000 267.2365911 -154.5440770
v 0.0000000 265.5989509 -154.5440770
v 0.0000000 -194.5160442 -324.6875936
v 0.0000000 -193.2591909 -324.6875936
v 0.0000000 -193.2591909 -323.4307403
v 0.0000000 -194.5160442 -323.4307403
v 0.0000000 -79.5547177 318.4955256
v 0.0000000 -79.3032891 318.4955256
v 0.0000000 -79.3032891 318.7469542
v 0.0000000 -79.5547177 318.7469542
v 0.0000000 610.8691159 -30.6806346
v 0.0000000 611.1865551 -30.6806346
v 0.0000000 611.1865551 -30.3631954
v 0.0000000 610.8691159 -30.3631954
v 0.0000000 258.0241674 -9.0337643
v 0.0000000 258.6024836 -9.0337643
v 0.0000000 258.6024836 -8.4554482
v 0.0000000 258.0241674 -8.4554482
v 0.0000000 417.3367816 212.7066897
v 0.0000000 417.5778253 212.7066897
v 0.0000000 417.5778253 212.9477334
v 0.0000000 417.3367816 212.9477334
v 0.0000000 485.3782431 -329.0847483
v 0.0000000 485.6188095 -329.0847483
v 0.0000000 485.6188095 -328.8441819
v 0.0000000 485.3782431 -328.8441819
v 0.0000000 -163.2486306 -213.6755313
v 0.0000000 -163.0032786 -213.6755313
v 0.0000000 -163.0032786 -213.4301793
v 0.0000000 -163.2486306 -213.4301793
v 0.0000000 -259.3744039 -178.4145108
v 0.0000000 -259.1331194 -178.4145108
v 0.0000000 -259.1331194 -178.1732263
v 0.0000000 -259.3744039 -178.1732263
v 0.0000000 205.5173761 -296.8144256
v 0.0000000 205.7573763 -296.8144256
v 0.0000000 205.7573763 -296.5744255
v 0.0000000 205.5173761 -296.5744255
v 0.0000000 48.6264318 -162.9781347
v 0.0000000 48.8665276 -162.9781347
v 0.0000000 48.8665276 -162.7380389
v 0.0000000 48.6264318 -162.7380389
v 0.0000000 314.6897205 296.1569369
v 0.0000000 314.9297213 296.1569369
v 0.0000000 314.9297213 296.3969377
v 0.0000000 314.6897205 296.3969377
v 0.0000000 -524.7938865 -248.7338505
v 0.0000000 -524.5537581 -248.7338505
v 0.0000000 -524.5537581 -248.4937221
v 0.0000000 -524.7938865 -248.4937221
v 0.0000000 57.2650083 -270.0653824
v 0.0000000 57.5743545 -270.0653824
v 0.0000000 57.5743545 -269.7560361
v 0.0000000 57.2650083 -269.7560361
v 0.0000000 -599.0441655 -251.1112123
v 0.0000000 -598.7979778 -251.1112123
v 0.0000000 -598.7979778 -250.8650246
v 0.0000000 -599.0441655 -250.8650246
v 0.0000000 251.5889030 -305.1922041
v 0.0000000 251.8475264 -305.1922041
v 0.0000000 251.8475264 -304.9335806
v 0.0000000 251.5889030 -304.9335806
v 0.0000000 224.1735541 349.5050727
v 0.0000000 224.4444582 349.5050727
v 0.0000000 224.4444582 349.7759767
v 0.0000000 224.1735541 349.7759767
v 0.0000000 -575.9820608 -335.3083234
v 0.0000000 -575.5891329 -335.3083234
v 0.0000000 -575.5891329 -334.9153955
v 0.0000000 -575.9820608 -334.9153955
v 0.0000000 510.2734836 349.8833682
v 0.0000000 510.5577757 349.8833682
v 0.0000000 510.5577757 350.1676602
v 0.0000000 510.2734836 350.1676602
v 0.0000000 251.4060968 -335.3313247
v 0.0000000 252.0289312 -335.3313247
v 0.0000000 252.0289312 -334.7084903
v 0.0000000 251.4060968 -334.7084903
v 0.0000000 -222.9397657 136.9086779
v 0.0000000 -222.6413370 136.9086779
v 0.0000000 -222.6413370 137.2071066
v 0.0000000 -222.9397657 137.2071066
v 0.0000000 -230.7010578 -115.6618130
v 0.0000000 -230.3973280 -115.6618130
v 0.0000000 -230.3973280 -115.3580832
v 0.0000000 -230.7010578 -115.3580832
v 0.0000000 329.3141748 -24.9920587
v 0.0000000 329.9342940 -24.9920587
v 0.0000000 329.9342940 -24.3719394
v 0.0000000 329.3141748 -24.3719394
v 0.0000000 -174.7476811 230.4502304
v 0.0000000 -173.5891791 230.4502304
v 0.0000000 -173.5891791 231.6087325
v 0.0000000 -174.7476811 231.6087325
v 0.0000000 -562.7495994 243.0784141
v 0.0000000 -561.4004295 243.0784141
v 0.0000000 -561.4004295 244.4275840
v 0.0000000 -562.7495994 244.4275840
v 0.0000000 485.9362978 -341.0874657
v 0.0000000 486.1763228 -341.0874657
v 0.0000000 486.1763228 -340.8474407
v 0.0000000 485.9362978 -340.8474407
v 0.0000000 464.2855392 269.6466982
v 0.0000000 464.6453498 269.6466982
v 0.0000000 464.6453498 270.0065088
v 0.0000000 464.2855392 270.0065088
v 0.0000000 -246.5316643 -48.3882176
v 0.0000000 -246.2398460 -48.3882176
v 0.0000000 -246.2398460 -48.0963993
v 0.0000000 -246.5316643 -48.0963993
v 0.0000000 47.5686704 -193.4916076
v 0.0000000 48.3443293 -193.4916076
v 0.0000000 48.3443293 -192.7159487
v 0.0000000 47.5686704 -192.7159487
v 0.0000000 297.0620342 -226.6468155
v 0.0000000 297.5889018 -226.6468155
v 0.0000000 297.5889018 -226.1199479
v 0.0000000 297.0620342 -226.1199479
v 0.0000000 -531.2291121 124.5957828
v 0.0000000 -530.9891012 124.5957828
v 0.0000000 -530.9891012 124.8357937
v 0.0000000 -531.2291121 124.8357937
v 0.0000000 -580.7217951 324.8944290
v 0.0000000 -580.4458948 324.8944290
v 0.0000000 -580.4458948 325.1703293
v 0.0000000 -580.7217951 325.1703293
v 0.0000000 435.7481303 26.1950022
v 0.0000000 436.5273448 26.1950022
v 0.0000000 436.5273448 26.9742167
v 0.0000000 435.7481303 26.9742167
v 0.0000000 576.4548600 -285.6958289
v 0.0000000 576.7086136 -285.6958289
v 0.0000000 576.7086136 -285.4420753
v 0.0000000 576.4548600 -285.4420753
v 0.0000000 463.4782814 134.9773474
v 0.0000000 463.7217845 134.9773474
v 0.0000000 463.7217845 135.2208504
v 0.0000000 463.4782814 135.2208504
v 0.0000000 -343.9166425 -155.3253467
v 0.0000000 -343.6686883 -155.3253467
v 0.0000000 -343.6686883 -155.0773926
v 0.0000000 -343.9166425 -155.0773926
v 0.0000000 579.1329295 287.5784278
v 0.0000000 579.7180695 287.5784278
v 0.0000000 579.7180695 288.1635677
v 0.0000000 579.1329295 288.1635677
v 0.0000000 -174.6370526 345.8858296
v 0.0000000 -174.3970526 345.8858296
v 0.0000000 -174.3970526 346.1258297
v 0.0000000 -174.6370526 346.1258297
v 0.0000000 154.2638703 -269.5727755
v 0.0000000 154.5785857 -269.5727755
v 0.0000000 154.5785857 -269.2580602
v 0.0000000 154.2638703 -269.2580602
v 0.0000000 -600.1438551 -272.2238386
v 0.0000000 -599.9033987 -272.2238386
v 0.0000000 -599.9033987 -271.9833822
v 0.0000000 -600.1438551 -271.9833822
v 0.0000000 170.1302036 -137.9529171
v 0.0000000 171.3887624 -137.9529171
v 0.0000000 171.3887624 -136.6943584
v 0.0000000 170.1302036 -136.6943584
v 0.0000000 506.2403599 211.7394939
v 0.0000000 506.4844933 211.7394939
v 0.0000000 506.4844933 211.9836273
v 0.0000000 506.2403599 211.9836273
v 0.0000000 388.8560990 -53.3208726
v 0.0000000 389.0961015 -53.3208726
v 0.0000000 389.0961015 -53.0808701
v 0.0000000 388.8560990 -53.0808701
v 0.0000000 200.8177010 334.6829026
v 0.0000000 201.0583285 334.6829026
v 0.0000000 201.0583285 334.9235300
v 0.0000000 200.8177010 334.9235300
v 0.0000000 125.0050253 -112.6292528
v 0.0000000 125.2455496 -112.6292528
v 0.0000000 125.2455496 -112.3887284
v 0.0000000 125.0050253 -112.3887284
v 0.0000000 247.7251677 286.6544246
v 0.0000000 249.2340388 286.6544246
v 0.0000000 249.2340388 288.1632957
v 0.0000000 247.7251677 288.1632957
v 0.0000000 179.3536777 -342.0721999
v 0.0000000 179.5936948 -342.0721999
v 0.0000000 179.5936948 -341.8321827
v 0.0000000 179.3536777 -341.8321827
v 0.0000000 -73.9242758 -8.5120945
v 0.0000000 -73.6637316 -8.5120945
v 0.0000000 -73.6637316 -8.2515504
v 0.0000000 -73.9242758 -8.2515504
v 0.0000000 -348.3352117 192.1904233
v 0.0000000 -347.9439503 192.1904233
v 0.0000000 -347.9439503 192.5816848
v 0.0000000 -348.3352117 192.5816848
v 0.0000000 -355.5095361 99.2271596
v 0.0000000 -355.2677143 99.2271596
v 0.0000000 -355.2677143 99.4689815
v 0.0000000 -355.5095361 99.4689815
v 0.0000000 -425.3492172 279.5657871
v 0.0000000 -424.1570823 279.5657871
v 0.0000000 -424.1570823 280.7579219
v 0.0000000 -425.3492172 280.7579219
v 0.0000000 -360.9397905 115.8997598
v 0.0000000 -360.5737030 115.8997598
v 0.0000000 -360.5737030 116.2658473
v 0.0000000 -360.9397905 116.2658473
v 0.0000000 -62.3941153 242.1147307
v 0.0000000 -62.0352084 242.1147307
v 0.0000000 -62.0352084 242.4736376
v 0.0000000 -62.3941153 242.4736376
v 0.0000000 -342.3834912 -64.3051864
v 0.0000000 -342.1232754 -64.3051864
v 0.0000000 -342.1232754 -64.0449706
v 0.0000000 -342.3834912 -64.0449706
v 0.0000000 -256.0935449 70.3151866
v 0.0000000 -255.8468165 70.3151866
v 0.0000000 -255.8468165 70.5619149
v 0.0000000 -256.0935449 70.5619149
v 0.0000000 225.7449814 121.7288326
v 0.0000000 226.1237216 121.7288326
v 0.0000000 226.1237216 122.1075728
v 0.0000000 225.7449814 122.1075728
v 0.0000000 49.0829093 277.4132036
v 0.0000000 49.3710918 277.4132036
v 0.0000000 49.3710918 277.7013861
v 0.0000000 49.0829093 277.7013861
v 0.0000000 180.2462464 -39.6043407
v 0.0000000 180.4862536 -39.6043407
v 0.0000000 180.4862536 -39.3643335
v 0.0000000 180.2462464 -39.3643335
v 0.0000000 574.9123974 143.8254801
v 0.0000000 575.6769914 143.8254801
v 0.0000000 575.6769914 144.5900741
v 0.0000000 574.9123974 144.5900741
v 0.0000000 -70.7163590 176.7834834
v 0.0000000 -70.4762788 176.7834834
v 0.0000000 -70.4762788 177.0235636
v 0.0000000 -70.7163590 177.0235636
v 0.0000000 494.5974471 252.8849667
v 0.0000000 494.8446646 252.8849667
v 0.0000000 494.8446646 253.1321843
v 0.0000000 494.5974471 253.1321843
v 0.0000000 -181.0344302 -338.7672552
v 0.0000000 -180.7300355 -338.7672552
v 0.0000000 -180.7300355 -338.4628605
v 0.0000000 -181.0344302 -338.4628605
v 0.0000000 -304.5008229 292.9423703
v 0.0000000 -304.2607898 292.9423703
v 0.0000000 -304.2607898 293.1824034
v 0.0000000 -304.5008229 293.1824034
v 0.0000000 -473.1837849 -241.1388817
v 0.0000000 -471.8773995 -241.1388817
v 0.0000000 -471.8773995 -239.8324963
v 0.0000000 -473.1837849 -239.8324963
v 0.0000000 -277.2074141 84.1081280
v 0.0000000 -276.9627031 84.1081280
v 0.0000000 -276.9627031 84.3528391
v 0.0000000 -277.2074141 84.3528391
v 0.0000000 189.1813499 -219.4412172
v 0.0000000 189.5266086 -219.4412172
v 0.0000000 189.5266086 -219.0959586
v 0.0000000 189.1813499 -219.0959586
v 0.0000000 222.1942525 -109.2426722
v 0.0000000 223.1120252 -109.2426722
v 0.0000000 223.1120252 -108.3248995
v 0.0000000 222.1942525 -108.3248995
v 0.0000000 -143.4988705 259.5647985
v 0.0000000 -142.6231270 259.5647985
v 0.0000000 -142.6231270 260.4405420
v 0.0000000 -143.4988705 260.4405420
v 0.0000000 -47.9009198 100.6044943
v 0.0000000 -47.6525312 100.6044943
v 0.0000000 -47.6525312 100.8528829
v 0.0000000 -47.9009198 100.8528829
v 0.0000000 -83.0704184 -176.1665210
v 0.0000000 -82.2240985 -176.1665210
v 0.0000000 -82.2240985 -175.3202012
v 0.0000000 -83.0704184 -175.3202012
v 0.0000000 -572.7407455 -91.6028382
v 0.0000000 -572.2361305 -91.6028382
v 0.0000000 -572.2361305 -91.0982232
v 0.0000000 -572.7407455 -91.0982232
v 0.0000000 -145.0198903 -305.6939437
v 0.0000000 -144.7577428 -305.6939437
v 0.0000000 -144.7577428 -305.4317963
v 0.0000000 -145.0198903 -305.4317963
v 0.0000000 -81.9956063 255.5241683
v 0.0000000 -81.7554049 255.5241683
v 0.0000000 -81.7554049 255.7643697
v 0.0000000 -81.9956063 255.7643697
v 0.0000000 -47.6344592 59.1015419
v 0.0000000 -47.3944592 59.1015419
v 0.0000000 -47.3944592 59.3415419
v 0.0000000 -47.6344592 59.3415419
v 0.0000000 -184.4169591 -238.7313122
v 0.0000000 -184.1768803 -238.7313122
v 0.0000000 -184.1768803 -238.4912333
v 0.0000000 -184.4169591 -238.4912333
v 0.0000000 408.5956146 -356.5055633
v 0.0000000 408.8358069 -356.5055633
v 0.0000000 408.8358069 -356.2653710
v 0.0000000 408.5956146 -356.2653710
v 0.0000000 100.7425980 -311.9479811
v 0.0000000 101.8164125 -311.9479811
v 0.0000000 101.8164125 -310.8741666
v 0.0000000 100.7425980 -310.8741666
v 0.0000000 627.4635868 -293.0337803
v 0.0000000 627.7644604 -293.0337803
v 0.0000000 627.7644604 -292.7329067
v 0.0000000 627.4635868 -292.7329067
v 0.0000000 171.4473676 -177.1466272
v 0.0000000 171.6873689 -177.1466272
v 0.0000000 171.6873689 -176.9066258
v 0.0000000 171.4473676 -176.9066258
v 0.0000000 122.2771242 -42.1911558
v 0.0000000 122.5173348 -42.1911558
v 0.0000000 122.5173348 -41.9509452
v 0.0000000 122.2771242 -41.9509452
v 0.0000000 -169.7129668 -344.5823096
v 0.0000000 -169.4707672 -344.5823096
v 0.0000000 -169.4707672 -344.3401100
v 0.0000000 -169.7129668 -344.3401100
v 0.0000000 -458.7588871 6.8681277
v 0.0000000 -458.4990921 6.8681277
v 0.0000000 -458.4990921 7.1279226
v 0.0000000 -458.7588871 7.1279226
v 0.0000000 -227.8200677 74.0985010
v 0.0000000 -227.5771577 74.0985010
v 0.0000000 -227.5771577 74.3414110
v 0.0000000 -227.8200677 74.3414110
v 0.0000000 324.4792529 31.4155389
v 0.0000000 324.7193095 31.4155389
v 0.0000000 324.7193095 31.6555955
v 0.0000000 324.4792529 31.6555955
v 0.0000000 239.5274901 -100.3975532
v 0.0000000 239.7691529 -100.3975532
v 0.0000000 239.7691529 -100.1558904
v 0.0000000 239.5274901 -100.1558904
v 0.0000000 -177.1183476 -236.4659892
v 0.0000000 -175.8612480 -236.4659892
v 0.0000000 -175.8612480 -235.2088896
v 0.0000000 -177.1183476 -235.2088896
v 0.0000000 -287.9796548 -239.4289927
v 0.0000000 -286.9977481 -239.4289927
v 0.0000000 -286.9977481 -238.4470860
v 0.0000000 -287.9796548 -238.4470860
v 0.0000000 231.7413878 138.4602619
v 0.0000000 232.0473237 138.4602619
v 0.0000000 232.0473237 138.7661978
v 0.0000000 231.7413878 138.7661978
v 0.0000000 -64.8485592 -336.2268908
v 0.0000000 -63.3789149 -336.2268908
v 0.0000000 -63.3789149 -334.7572465
v 0.0000000 -64.8485592 -334.7572465
v 0.0000000 -384.3889188 -43.5278321
v 0.0000000 -383.7712443 -43.5278321
v 0.0000000 -383.7712443 -42.9101575
v 0.0000000 -384.3889188 -42.9101575
v 0.0000000 -609.6642805 -107.6243971
v 0.0000000 -608.6940241 -107.6243971
v 0.0000000 -608.6940241 -106.6541407
v 0.0000000 -609.6642805 -106.6541407
v 0.0000000 286.9645914 303.2567868
v 0.0000000 287.2083513 303.2567868
v 0.0000000 287.2083513 303.5005467
v 0.0000000 286.9645914 303.5005467
v 0.0000000 260.7479721 214.8810629
v 0.0000000 262.4362391 214.8810629
v 0.0000000 262.4362391 216.5693299
v 0.0000000 260.7479721 216.5693299
v 0.0000000 -503.4256454 227.0590030
v 0.0000000 -503.1125111 227.0590030
v 0.0000000 -503.1125111 227.3721373
v 0.0000000 -503.4256454 227.3721373
v 0.0000000 -167.0652536 -116.4030081
v 0.0000000 -166.7897179 -116.4030081
v 0.0000000 -166.7897179 -116.1274724
v 0.0000000 -167.0652536 -116.1274724
v 0.0000000 153.0266441 193.0404122
v 0.0000000 153.2668709 193.0404122
v 0.0000000 153.2668709 193.2806390
v 0.0000000 153.0266441 193.2806390
v 0.0000000 392.3331283 13.6239865
v 0.0000000 392.6167181 13.6239865
v 0.0000000 392.6167181 13.9075763
v 0.0000000 392.3331283 13.9075763
v 0.0000000 -286.8040535 155.2434869
v 0.0000000 -286.5638932 155.2434869
v 0.0000000 -286.5638932 155.4836472
v 0.0000000 -286.8040535 155.4836472
v 0.0000000 -18.8768747 -100.0899429
v 0.0000000 -18.6220050 -100.0899429
v 0.0000000 -18.6220050 -99.8350732
v 0.0000000 -18.8768747 -99.8350732
v 0.0000000 523.5326337 293.0271978
v 0.0000000 524.2959751 293.0271978
v 0.0000000 524.2959751 293.7905392
v 0.0000000 523.5326337 293.7905392
v 0.0000000 -514.4764845 -298.9284330
v 0.0000000 -514.1648777 -298.9284330
v 0.0000000 -514.1648777 -298.6168262
v 0.0000000 -514.4764845 -298.6168262
v 0.0000000 -234.3011663 285.6095293
v 0.0000000 -234.0588139 285.6095293
v 0.0000000 -234.0588139 285.8518818
v 0.0000000 -234.3011663 285.8518818
v 0.0000000 386.1649764 -290.4549257
v 0.0000000 387.1466216 -290.4549257
v 0.0000000 387.1466216 -289.4732805
v 0.0000000 386.1649764 -289.4732805
v 0.0000000 -229.5457559 113.0344206
v 0.0000000 -229.3055193 113.0344206
v 0.0000000 -229.3055193 113.2746573
v 0.0000000 -229.5457559 113.2746573
v 0.0000000 -220.6599168 -118.0464390
v 0.0000000 -220.4196819 -118.0464390
v 0.0000000 -220.4196819 -117.8062041
v 0.0000000 -220.6599168 -117.8062041
v 0.0000000 -568.8278278 303.1738017
v 0.0000000 -568.5855345 303.1738017
v 0.0000000 -568.5855345 303.4160951
v 0.0000000 -568.8278278 303.4160951
v 0.0000000 -55.9473605 88.2374097
v 0.0000000 -55.7066261 88.2374097
v 0.0000000 -55.7066261 88.4781441
v 0.0000000 -55.9473605 88.4781441
v 0.0000000 -332.1744359 221.1459560
v 0.0000000 -331.9344271 221.1459560
v 0.0000000 -331.9344271 221.3859649
v 0.0000000 -332.1744359 221.3859649
v 0.0000000 161.9821659 -185.1009622
v 0.0000000 162.2291296 -185.1009622
v 0.0000000 162.2291296 -184.8539985
v 0.0000000 161.9821659 -184.8539985
v 0.0000000 -153.6955164 -107.9762280
v 0.0000000 -153.3261143 -107.9762280
v 0.0000000 -153.3261143 -107.6068259
v 0.0000000 -153.6955164 -107.6068259
v 0.0000000 -122.5949553 190.7230423
v 0.0000000 -122.3153573 190.7230423
v 0.0000000 -122.3153573 191.0026404
v 0.0000000 -122.5949553 191.0026404
v 0.0000000 126.2906471 245.1329778
v 0.0000000 126.5315067 245.1329778
v 0.0000000 126.5315067 245.3738373
v 0.0000000 126.2906471 245.3738373
v 0.0000000 556.5148505 -133.5218481
v 0.0000000 556.7548505 -133.5218481
v 0.0000000 556.7548505 -133.2818481
v 0.0000000 556.5148505 -133.2818481
v 0.0000000 284.1642703 -194.2295378
v 0.0000000 284.4083035 -194.2295378
v 0.0000000 284.4083035 -193.9855046
v 0.0000000 284.1642703 -193.9855046
v 0.0000000 579.6181127 -221.4445206
v 0.0000000 579.8581166 -221.4445206
v 0.0000000 579.8581166 -221.2045167
v 0.0000000 579.6181127 -221.2045167
v 0.0000000 36.0924664 -35.1750611
v 0.0000000 36.3498786 -35.1750611
v 0.0000000 36.3498786 -34.9176489
v 0.0000000 36.0924664 -34.9176489
v 0.0000000 212.1598922 181.8905172
v 0.0000000 212.7996254 181.8905172
v 0.0000000 212.7996254 182.5302503
v 0.0000000 212.1598922 182.5302503
v 0.0000000 -498.3276320 224.4200578
v 0.0000000 -497.9817475 224.4200578
v 0.0000000 -497.9817475 224.7659423
v 0.0000000 -498.3276320 224.7659423
v 0.0000000 -419.4949705 126.8468510
v 0.0000000 -418.9309115 126.8468510
v 0.0000000 -418.9309115 127.4109099
v 0.0000000 -419.4949705 127.4109099
v 0.0000000 319.1730180 -107.0480458
v 0.0000000 319.4168291 -107.0480458
v 0.0000000 319.4168291 -106.8042347
v 0.0000000 319.1730180 -106.8042347
v 0.0000000 -484.1894161 -31.7108626
v 0.0000000 -483.9483153 -31.7108626
v 0.0000000 -483.9483153 -31.4697617
v 0.0000000 -484.1894161 -31.4697617
v 0.0000000 595.8220607 -359.7346587
v 0.0000000 596.1378011 -359.7346587
v 0.0000000 596.1378011 -359.4189183
v 0.0000000 595.8220607 -359.4189183
v 0.0000000 -184.8134034 220.2891706
v 0.0000000 -184.3802357 220.2891706
v 0.0000000 -184.3802357 220.7223383
v 0.0000000 -184.8134034 220.7223383
v 0.0000000 -359.7005540 353.1908387
v 0.0000000 -359.3753128 353.1908387
v 0.0000000 -359.3753128 353.5160800
v 0.0000000 -359.7005540 353.5160800
v 0.0000000 -383.8171209 57.8208395
v 0.0000000 -382.9930438 57.8208395
v 0.0000000 -382.9930438 58.6449166
v 0.0000000 -383.8171209 58.6449166
v 0.0000000 607.1219928 184.8284057
v 0.0000000 607.8892351 184.8284057
v 0.0000000 607.8892351 185.5956481
v 0.0000000 607.1219928 185.5956481
v 0.0000000 -39.2627521 -51.3317710
v 0.0000000 -38.9958544 -51.3317710
v 0.0000000 -38.9958544 -51.0648733
v 0.0000000 -39.2627521 -51.0648733
v 0.0000000 -241.0372985 296.1062840
v 0.0000000 -240.5968978 296.1062840
v 0.0000000 -240.5968978 296.5466847
v 0.0000000 -241.0372985 296.5466847
v 0.0000000 245.1939499 147.1159156
v 0.0000000 246.1234484 147.1159156
v 0.0000000 246.1234484 148.0454140
v 0.0000000 245.1939499 148.0454140
v 0.0000000 -354.3897168 -332.5584417
v 0.0000000 -354.1486391 -332.5584417
v 0.0000000 -354.1486391 -332.3173640
v 0.0000000 -354.3897168 -332.3173640
v 0.0000000 17.5766465 -297.7237308
v 0.0000000 18.4323218 -297.7237308
v 0.0000000 18.4323218 -296.8680555
v 0.0000000 17.5766465 -296.8680555
v 0.0000000 -476.1794136 -279.5033918
v 0.0000000 -475.6490148 -279.5033918
v 0.0000000 -475.6490148 -278.9729930
v 0.0000000 -476.1794136 -278.9729930
v 0.0000000 248.4757516 107.6306591
v 0.0000000 248.7159883 107.6306591
v 0.0000000 248.7159883 107.8708958
v 0.0000000 248.4757516 107.8708958
v 0.0000000 -86.1889680 -138.4326478
v 0.0000000 -85.9458712 -138.4326478
v 0.0000000 -85.9458712 -138.1895510
v 0.0000000 -86.1889680 -138.1895510
v 0.0000000 44.5725099 38.2668473
v 0.0000000 45.8525706 38.2668473
v 0.0000000 45.8525706 39.5469080
v 0.0000000 44.5725099 39.5469080
v 0.0000000 -494.7499008 -290.7174062
v 0.0000000 -494.3023772 -290.7174062
v 0.0000000 -494.3023772 -290.2698826
v 0.0000000 -494.7499008 -290.2698826
v 0.0000000 346.5181933 314.5008711
v 0.0000000 346.7581982 314.5008711
v 0.0000000 346.7581982 314.7408759
v 0.0000000 346.5181933 314.7408759
v 0.0000000 199.8635182 166.3487878
v 0.0000000 200.1035187 166.3487878
v 0.0000000 200.1035187 166.5887883
v 0.0000000 199.8635182 166.5887883
v 0.0000000 347.5200947 134.2003482
v 0.0000000 347.7812359 134.2003482
v 0.0000000 347.7812359 134.4614893
v 0.0000000 347.5200947 134.4614893
v 0.0000000 -601.7409696 -150.8968966
v 0.0000000 -601.5008548 -150.8968966
v 0.0000000 -601.5008548 -150.6567818
v 0.0000000 -601.7409696 -150.6567818
v 0.0000000 -105.0026281 348.5735124
v 0.0000000 -104.7557476 348.5735124
v 0.0000000 -104.7557476 348.8203929
v 0.0000000 -105.0026281 348.8203929
v 0.0000000 103.1930027 -43.0114535
v 0.0000000 103.5930192 -43.0114535
v 0.0000000 103.5930192 -42.6114370
v 0.0000000 103.1930027 -42.6114370
v 0.0000000 318.4003435 234.5811367
v 0.0000000 318.6786296 234.5811367
v 0.0000000 318.6786296 234.8594228
v 0.0000000 318.4003435 234.8594228
v 0.0000000 -146.4869325 197.8171712
v 0.0000000 -145.9128553 197.8171712
v 0.0000000 -145.9128553 198.3912483
v 0.0000000 -146.4869325 198.3912483
v 0.0000000 -338.9098237 -350.5506916
v 0.0000000 -338.1812291 -350.5506916
v 0.0000000 -338.1812291 -349.8220970
v 0.0000000 -338.9098237 -349.8220970
v 0.0000000 25.5152015 19.1415421
v 0.0000000 25.7622796 19.1415421
v 0.0000000 25.7622796 19.3886202
v 0.0000000 25.5152015 19.3886202
v 0.0000000 214.1171845 77.9893447
v 0.0000000 214.4419680 77.9893447
v 0.0000000 214.4419680 78.3141282
v 0.0000000 214.1171845 78.3141282
v 0.0000000 -118.8049393 -218.7428464
v 0.0000000 -117.1593662 -218.7428464
v 0.0000000 -117.1593662 -217.0972734
v 0.0000000 -118.8049393 -217.0972734
v 0.0000000 -438.2882869 4.8541758
v 0.0000000 -436.7234687 4.8541758
v 0.0000000 -436.7234687 6.4189940
v 0.0000000 -438.2882869 6.4189940
v 0.0000000 109.3398534 -118.3190738
v 0.0000000 109.6890970 -118.3190738
v 0.0000000 109.6890970 -117.9698302
v 0.0000000 109.3398534 -117.9698302
v 0.0000000 -68.4501182 -59.4914937
v 0.0000000 -67.6907803 -59.4914937
v 0.0000000 -67.6907803 -58.7321558
v 0.0000000 -68.4501182 -58.7321558
v 0.0000000 -258.6998054 332.6547623
v 0.0000000 -258.4532825 332.6547623
v 0.0000000 -258.4532825 332.9012852
v 0.0000000 -258.6998054 332.9012852
v 0.0000000 -53.0914883 153.5452153
v 0.0000000 -52.8489177 153.5452153
v 0.0000000 -52.8489177 153.7877859
v 0.0000000 -53.0914883 153.7877859
v 0.0000000 -597.5138689 -297.2480098
v 0.0000000 -597.0731830 -297.2480098
v 0.0000000 -597.0731830 -296.8073239
v 0.0000000 -597.5138689 -296.8073239
v 0.0000000 471.9473496 -242.0968468
v 0.0000000 472.7004922 -242.0968468
v 0.0000000 472.7004922 -241.3437042
v 0.0000000 471.9473496 -241.3437042
v 0.0000000 -344.4688263 -302.5182335
v 0.0000000 -342.7442696 -302.5182335
v 0.0000000 -342.7442696 -300.7936769
v 0.0000000 -344.4688263 -300.7936769
v 0.0000000 -563.5507396 -4.9162315
v 0.0000000 -563.3103773 -4.9162315
v 0.0000000 -563.3103773 -4.6758691
v 0.0000000 -563.5507396 -4.6758691
v 0.0000000 254.7531407 -52.9723623
v 0.0000000 255.1135163 -52.9723623
v 0.0000000 255.1135163 -52.6119866
v 0.0000000 254.7531407 -52.6119866
v 0.0000000 254.6550124 -303.3280095
v 0.0000000 254.8950835 -303.3280095
v 0.0000000 254.8950835 -303.0879384
v 0.0000000 254.6550124 -303.0879384
v 0.0000000 -554.1840205 302.5246903
v 0.0000000 -553.9438207 302.5246903
v 0.0000000 -553.9438207 302.7648901
v 0.0000000 -554.1840205 302.7648901
v 0.0000000 -155.4231842 241.3300347
v 0.0000000 -154.4470644 241.3300347
v 0.0000000 -154.4470644 242.3061545
v 0.0000000 -155.4231842 242.3061545
v 0.0000000 549.3554156 -206.6147177
v 0.0000000 550.1409924 -206.6147177
v 0.0000000 550.1409924 -205.8291409
v 0.0000000 549.3554156 -205.8291409
v 0.0000000 -559.7740671 -186.5352685
v 0.0000000 -559.5218818 -186.5352685
v 0.0000000 -559.5218818 -186.2830832
v 0.0000000 -559.7740671 -186.2830832
v 0.0000000 -504.9829455 52.1671691
v 0.0000000 -504.7425983 52.1671691
v 0.0000000 -504.7425983 52.4075163
v 0.0000000 -504.9829455 52.4075163
v 0.0000000 627.8805360 -269.2558790
v 0.0000000 628.1247229 -269.2558790
v 0.0000000 628.1247229 -269.0116921
v 0.0000000 627.8805360 -269.0116921
v 0.0000000 365.0807652 310.2364768
v 0.0000000 365.4994515 310.2364768
v 0.0000000 365.4994515 310.6551630
v 0.0000000 365.0807652 310.6551630
v 0.0000000 -377.8220917 -245.9368144
v 0.0000000 -377.4551312 -245.9368144
v 0.0000000 -377.4551312 -245.5698539
v 0.0000000 -377.8220917 -245.5698539
v 0.0000000 -602.3359860 -215.7665264
v 0.0000000 -601.6123831 -215.7665264
v 0.0000000 -601.6123831 -215.0429235
v 0.0000000 -602.3359860 -215.0429235
v 0.0000000 585.0531344 348.0606267
v 0.0000000 585.2931345 348.0606267
v 0.0000000 585.2931345 348.3006267
v 0.0000000 585.0531344 348.3006267
v 0.0000000 490.7525458 194.9071736
v 0.0000000 491.4261602 194.9071736
v 0.0000000 491.4261602 195.5807880
v 0.0000000 490.7525458 195.5807880
v 0.0000000 366.7526612 -281.0861459
v 0.0000000 367.0183518 -281.0861459
v 0.0000000 367.0183518 -280.8204552
v 0.0000000 366.7526612 -280.8204552
v 0.0000000 230.1345365 -85.9026557
v 0.0000000 231.1326336 -85.9026557
v 0.0000000 231.1326336 -84.9045586
v 0.0000000 230.1345365 -84.9045586
v 0.0000000 -75.1425884 122.0087166
v 0.0000000 -74.5777522 122.0087166
v 0.0000000 -74.5777522 122.5735527
v 0.0000000 -75.1425884 122.5735527
v 0.0000000 -525.0969275 -182.8163294
v 0.0000000 -524.5216342 -182.8163294
v 0.0000000 -524.5216342 -182.2410361
v 0.0000000 -525.0969275 -182.2410361
v 0.0000000 -262.8984158 140.0625187
v 0.0000000 -262.4913867 140.0625187
v 0.0000000 -262.4913867 140.4695478
v 0.0000000 -262.8984158 140.4695478
v 0.0000000 -132.9066930 86.7875862
v 0.0000000 -132.6578083 86.7875862
v 0.0000000 -132.6578083 87.0364709
v 0.0000000 -132.9066930 87.0364709
v 0.0000000 357.8501313 -111.3800321
v 0.0000000 358.8029726 -111.3800321
v 0.0000000 358.8029726 -110.4271909
v 0.0000000 357.8501313 -110.4271909
v 0.0000000 -327.2708117 327.0295346
v 0.0000000 -327.0304771 327.0295346
v 0.0000000 -327.0304771 327.2698692
v 0.0000000 -327.2708117 327.2698692
v 0.0000000 -316.2449664 -128.8441978
v 0.0000000 -314.8297972 -128.8441978
v 0.0000000 -314.8297972 -127.4290285
v 0.0000000 -316.2449664 -127.4290285
v 0.0000000 604.7158378 207.0871748
v 0.0000000 604.9877292 207.0871748
v 0.0000000 604.9877292 207.3590661
v 0.0000000 604.7158378 207.3590661
v 0.0000000 -133.5749861 -256.1947817
v 0.0000000 -133.3349829 -256.1947817
v 0.0000000 -133.3349829 -255.9547785
v 0.0000000 -133.5749861 -255.9547785
v 0.0000000 -270.4737204 -326.8913110
v 0.0000000 -270.1333743 -326.8913110
v 0.0000000 -270.1333743 -326.5509649
v 0.0000000 -270.4737204 -326.5509649
v 0.0000000 181.2027170 -64.8888581
v 0.0000000 181.4430021 -64.8888581
v 0.0000000 181.4430021 -64.6485730
v 0.0000000 181.2027170 -64.6485730
v 0.0000000 -77.0838960 224.3414798
v 0.0000000 -76.3498807 224.3414798
v 0.0000000 -76.3498807 225.0754951
v 0.0000000 -77.0838960 225.0754951
v 0.0000000 -373.6438118 345.2137139
v 0.0000000 -373.0735904 345.2137139
v 0.0000000 -373.0735904 345.7839353
v 0.0000000 -373.6438118 345.7839353
v 0.0000000 -13.0648992 -55.8654608
v 0.0000000 -12.8248991 -55.8654608
v 0.0000000 -12.8248991 -55.6254607
v 0.0000000 -13.0648992 -55.6254607
v 0.0000000 -418.4881812 -236.3937633
v 0.0000000 -417.6443992 -236.3937633
v 0.0000000 -417.6443992 -235.5499813
v 0.0000000 -418.4881812 -235.5499813
v 0.0000000 484.0966805 132.8509663
v 0.0000000 485.0009906 132.8509663
v 0.0000000 485.0009906 133.7552764
v 0.0000000 484.0966805 133.7552764
v 0.0000000 -84.0558760 -75.9873919
v 0.0000000 -82.6761165 -75.9873919
v 0.0000000 -82.6761165 -74.6076324
v 0.0000000 -84.0558760 -74.6076324
v 0.0000000 -20.7691322 -291.8698488
v 0.0000000 -20.5279413 -291.8698488
v 0.0000000 -20.5279413 -291.6286580
v 0.0000000 -20.7691322 -291.6286580
v 0.0000000 -614.8058702 15.4935212
v 0.0000000 -614.4575482 15.4935212
v 0.0000000 -614.4575482 15.8418433
v 0.0000000 -614.8058702 15.8418433
v 0.0000000 -223.7151776 159.0415950
v 0.0000000 -223.4720146 159.0415950
v 0.0000000 -223.4720146 159.2847580
v 0.0000000 -223.7151776 159.2847580
v 0.0000000 581.2140546 272.6486975
v 0.0000000 581.4780427 272.6486975
v 0.0000000 581.4780427 272.9126856
v 0.0000000 581.2140546 272.9126856
v 0.0000000 -521.7065949 300.4031588
v 0.0000000 -521.4665209 300.4031588
v 0.0000000 -521.4665209 300.6432329
v 0.0000000 -521.7065949 300.6432329
v 0.0000000 224.9567052 31.3901687
v 0.0000000 225.2132811 31.3901687
v 0.0000000 225.2132811 31.6467446
v 0.0000000 224.9567052 31.6467446
v 0.0000000 78.4769809 217.3419483
v 0.0000000 80.0060136 217.3419483
v 0.0000000 80.0060136 218.8709810
v 0.0000000 78.4769809 218.8709810
v 0.0000000 592.2082004 140.1478130
v 0.0000000 592.4482008 140.1478130
v 0.0000000 592.4482008 140.3878135
v 0.0000000 592.2082004 140.3878135
v 0.0000000 322.7257791 136.5500604
v 0.0000000 322.9657813 136.5500604
v 0.0000000 322.9657813 136.7900626
v 0.0000000 322.7257791 136.7900626
v 0.0000000 490.8727815 75.9595940
v 0.0000000 491.4282792 75.9595940
v 0.0000000 491.4282792 76.5150917
v 0.0000000 490.8727815 76.5150917
v 0.0000000 130.9037284 -7.8156244
v 0.0000000 132.2428203 -7.8156244
v 0.0000000 132.2428203 -6.4765324
v 0.0000000 130.9037284 -6.4765324
v 0.0000000 473.6692305 203.7019469
v 0.0000000 473.9406082 203.7019469
v 0.0000000 473.9406082 203.9733246
v 0.0000000 473.6692305 203.9733246
v 0.0000000 -522.4113085 320.4319847
v 0.0000000 -522.1709965 320.4319847
v 0.0000000 -522.1709965 320.6722968
v 0.0000000 -522.4113085 320.6722968
v 0.0000000 624.9302707 -138.1347564
v 0.0000000 625.1703597 -138.1347564
v 0.0000000 625.1703597 -137.8946674
v 0.0000000 624.9302707 -137.8946674
v 0.0000000 610.6034453 199.2543107
v 0.0000000 610.8475396 199.2543107
v 0.0000000 610.8475396 199.4984051
v 0.0000000 610.6034453 199.4984051
v 0.0000000 -543.2916759 215.6372542
v 0.0000000 -542.8154065 215.6372542
v 0.0000000 -542.8154065 216.1135236
v 0.0000000 -543.2916759 216.1135236
v 0.0000000 -343.1038543 320.9129787
v 0.0000000 -342.1908176 320.9129787
v 0.0000000 -342.1908176 321.8260154
v 0.0000000 -343.1038543 321.8260154
v 0.0000000 307.7101383 -93.3942505
v 0.0000000 307.9626182 -93.3942505
v 0.0000000 307.9626182 -93.1417706
v 0.0000000 307.7101383 -93.1417706
v 0.0000000 -144.9791248 23.6077281
v 0.0000000 -143.6610756 23.6077281
v 0.0000000 -143.6610756 24.9257773
v 0.0000000 -144.9791248 24.9257773
v 0.0000000 -504.4439828 252.0547883
v 0.0000000 -503.9096717 252.0547883
v 0.0000000 -503.9096717 252.5890994
v 0.0000000 -504.4439828 252.5890994
v 0.0000000 -339.4385146 38.2057158
v 0.0000000 -338.7098272 38.2057158
v 0.0000000 -338.7098272 38.9344032
v 0.0000000 -339.4385146 38.9344032
v 0.0000000 -440.0326749 -338.8775023
v 0.0000000 -439.7538208 -338.8775023
v 0.0000000 -439.7538208 -338.5986482
v 0.0000000 -440.0326749 -338.5986482
v 0.0000000 483.9241758 178.4181176
v 0.0000000 484.4266790 178.4181176
v 0.0000000 484.4266790 178.9206208
v 0.0000000 483.9241758 178.9206208
v 0.0000000 -448.6690846 -37.1451472
v 0.0000000 -448.4165944 -37.1451472
v 0.0000000 -448.4165944 -36.8926570
v 0.0000000 -448.6690846 -36.8926570
v 0.0000000 478.5694218 -72.0938633
v 0.0000000 478.9025097 -72.0938633
v 0.0000000 478.9025097 -71.7607755
v 0.0000000 478.5694218 -71.7607755
v 0.0000000 394.7846380 -354.8303317
v 0.0000000 395.8202323 -354.8303317
v 0.0000000 395.8202323 -353.7947374
v 0.0000000 394.7846380 -353.7947374
v 0.0000000 618.0602414 54.5608213
v 0.0000000 618.4609299 54.5608213
v 0.0000000 618.4609299 54.9615098
v 0.0000000 618.0602414 54.9615098
v 0.0000000 -179.9722147 -103.9480369
v 0.0000000 -179.7149382 -103.9480369
v 0.0000000 -179.7149382 -103.6907604
v 0.0000000 -179.9722147 -103.6907604
v 0.0000000 552.3805488 -54.7891119
v 0.0000000 552.6230355 -54.7891119
v 0.0000000 552.6230355 -54.5466251
v 0.0000000 552.3805488 -54.5466251
v 0.0000000 290.5413157 -227.7913466
v 0.0000000 291.9548152 -227.7913466
v 0.0000000 291.9548152 -226.3778471
v 0.0000000 290.5413157 -226.3778471
v 0.0000000 -202.8858635 -99.1547734
v 0.0000000 -202.5099315 -99.1547734
v 0.0000000 -202.5099315 -98.7788414
v 0.0000000 -202.8858635 -98.7788414
v 0.0000000 347.7086087 58.3412446
v 0.0000000 347.9486540 58.3412446
v 0.0000000 347.9486540 58.5812899
v 0.0000000 347.7086087 58.5812899
v 0.0000000 489.4836426 -93.9044198
v 0.0000000 490.5218692 -93.9044198
v 0.0000000 490.5218692 -92.8661932
v 0.0000000 489.4836426 -92.8661932
v 0.0000000 -107.9383161 -4.5209973
v 0.0000000 -107.6981316 -4.5209973
v 0.0000000 -107.6981316 -4.2808128
v 0.0000000 -107.9383161 -4.2808128
v 0.0000000 180.2622164 153.7790831
v 0.0000000 180.5092786 153.7790831
v 0.0000000 180.5092786 154.0261452
v 0.0000000 180.2622164 154.0261452
v 0.0000000 -234.0393379 -67.0967628
v 0.0000000 -233.7991591 -67.0967628
v 0.0000000 -233.7991591 -66.8565840
v 0.0000000 -234.0393379 -66.8565840
v 0.0000000 -528.9475919 23.0272755
v 0.0000000 -528.2654352 23.0272755
v 0.0000000 -528.2654352 23.7094322
v 0.0000000 -528.9475919 23.7094322
v 0.0000000 -590.0222912 -227.5200740
v 0.0000000 -589.4677864 -227.5200740
v 0.0000000 -589.4677864 -226.9655692
v 0.0000000 -590.0222912 -226.9655692
v 0.0000000 -143.7722884 -290.9153946
v 0.0000000 -143.5159393 -290.9153946
v 0.0000000 -143.5159393 -290.6590455
v 0.0000000 -143.7722884 -290.6590455
v 0.0000000 -246.6442353 146.3237239
v 0.0000000 -246.3527085 146.3237239
v 0.0000000 -246.3527085 146.6152506
v 0.0000000 -246.6442353 146.6152506
v 0.0000000 113.0146528 165.0386815
v 0.0000000 113.6614182 165.0386815
v 0.0000000 113.6614182 165.6854469
v 0.0000000 113.0146528 165.6854469
v 0.0000000 208.2801005 -235.6011409
v 0.0000000 208.7196979 -235.6011409
v 0.0000000 208.7196979 -235.1615435
v 0.0000000 208.2801005 -235.1615435
v 0.0000000 -374.4899545 -350.0880731
v 0.0000000 -374.1390088 -350.0880731
v 0.0000000 -374.1390088 -349.7371273
v 0.0000000 -374.4899545 -349.7371273
v 0.0000000 135.2885639 -295.9836993
v 0.0000000 135.5677452 -295.9836993
v 0.0000000 135.5677452 -295.7045180
v 0.0000000 135.2885639 -295.7045180
v 0.0000000 -361.6201633 -249.0000711
v 0.0000000 -361.3765488 -249.0000711
v 0.0000000 -361.3765488 -248.7564565
v 0.0000000 -361.6201633 -248.7564565
v 0.0000000 325.5974764 94.0331840
v 0.0000000 326.0194220 94.0331840
v 0.0000000 326.0194220 94.4551297
v 0.0000000 325.5974764 94.4551297
v 0.0000000 81.4924197 214.2391154
v 0.0000000 82.0763974 214.2391154
v 0.0000000 82.0763974 214.8230930
v 0.0000000 81.4924197 214.8230930
v 0.0000000 294.2960910 -194.8886500
v 0.0000000 294.5442414 -194.8886500
v 0.0000000 294.5442414 -194.6404996
v 0.0000000 294.2960910 -194.6404996
v 0.0000000 -35.8067146 -286.5268995
v 0.0000000 -35.4273355 -286.5268995
v 0.0000000 -35.4273355 -286.1475204
v 0.0000000 -35.8067146 -286.1475204
v 0.0000000 -612.9134327 148.9462737
v 0.0000000 -612.6731778 148.9462737
v 0.0000000 -612.6731778 149.1865287
v 0.0000000 -612.9134327 149.1865287
v 0.0000000 500.1920372 2.9144962
v 0.0000000 500.4320575 2.9144962
v 0.0000000 500.4320575 3.1545165
v 0.0000000 500.1920372 3.1545165
v 0.0000000 303.5130451 308.1727174
v 0.0000000 303.7530555 308.1727174
v 0.0000000 303.7530555 308.4127277
v 0.0000000 303.5130451 308.4127277
v 0.0000000 -237.8918653 -358.5200273
v 0.0000000 -236.6694622 -358.5200273
v 0.0000000 -236.6694622 -357.2976242
v 0.0000000 -237.8918653 -357.2976242
v 0.0000000 541.4462819 97.6821944
v 0.0000000 541.6862819 97.6821944
v 0.0000000 541.6862819 97.9221944
v 0.0000000 541.4462819 97.9221944
v 0.0000000 -462.1167052 291.2293573
v 0.0000000 -461.8512822 291.2293573
v 0.0000000 -461.8512822 291.4947803
v 0.0000000 -462.1167052 291.4947803
v 0.0000000 620.4820816 -114.1007724
v 0.0000000 620.9076998 -114.1007724
v 0.0000000 620.9076998 -113.6751542
v 0.0000000 620.4820816 -113.6751542
v 0.0000000 -565.9206429 85.8684796
v 0.0000000 -565.6795983 85.8684796
v 0.0000000 -565.6795983 86.1095243
v 0.0000000 -565.9206429 86.1095243
v 0.0000000 555.2478400 316.5605233
v 0.0000000 555.8030455 316.5605233
v 0.0000000 555.8030455 317.1157287
v 0.0000000 555.2478400 317.1157287
v 0.0000000 325.4537301 -32.3432346
v 0.0000000 325.8798484 -32.3432346
v 0.0000000 325.8798484 -31.9171163
v 0.0000000 325.4537301 -31.9171163
v 0.0000000 55.6195758 -204.4851160
v 0.0000000 55.9073196 -204.4851160
v 0.0000000 55.9073196 -204.1973722
v 0.0000000 55.6195758 -204.1973722
v 0.0000000 74.1535534 139.8851541
v 0.0000000 75.4316491 139.8851541
v 0.0000000 75.4316491 141.1632498
v 0.0000000 74.1535534 141.1632498
v 0.0000000 49.3608739 -111.0863599
v 0.0000000 49.8440996 -111.0863599
v 0.0000000 49.8440996 -110.6031342
v 0.0000000 49.3608739 -110.6031342
v 0.0000000 104.0453752 -301.5628801
v 0.0000000 104.2906397 -301.5628801
v 0.0000000 104.2906397 -301.3176156
v 0.0000000 104.0453752 -301.3176156
v 0.0000000 -482.5296234 341.8100625
v 0.0000000 -482.2822003 341.8100625
v 0.0000000 -482.2822003 342.0574857
v 0.0000000 -482.5296234 342.0574857
v 0.0000000 -606.0666017 110.5976936
v 0.0000000 -605.6283965 110.5976936
v 0.0000000 -605.6283965 111.0358988
v 0.0000000 -606.0666017 111.0358988
v 0.0000000 -48.8963344 -322.2191630
v 0.0000000 -48.6563342 -322.2191630
v 0.0000000 -48.6563342 -321.9791629
v 0.0000000 -48.8963344 -321.9791629
v 0.0000000 381.1406117 160.1466343
v 0.0000000 381.3806241 160.1466343
v 0.0000000 381.3806241 160.3866466
v 0.0000000 381.1406117 160.3866466
v 0.0000000 558.0284415 -209.8450507
v 0.0000000 558.9189221 -209.8450507
v 0.0000000 558.9189221 -208.9545701
v 0.0000000 558.0284415 -208.9545701
v 0.0000000 515.5168119 -141.2570660
v 0.0000000 515.7622964 -141.2570660
v 0.0000000 515.7622964 -141.0115815
v 0.0000000 515.5168119 -141.0115815
v 0.0000000 447.7026689 275.2520238
v 0.0000000 448.6370765 275.2520238
v 0.0000000 448.6370765 276.1864313
v 0.0000000 447.7026689 276.1864313
v 0.0000000 32.3052258 230.3870405
v 0.0000000 33.1750996 230.3870405
v 0.0000000 33.1750996 231.2569143
v 0.0000000 32.3052258 231.2569143
v 0.0000000 -576.0866234 -247.4065041
v 0.0000000 -575.8459741 -247.4065041
v 0.0000000 -575.8459741 -247.1658547
v 0.0000000 -576.0866234 -247.1658547
v 0.0000000 301.8058002 -252.7299508
v 0.0000000 303.0130364 -252.7299508
v 0.0000000 303.0130364 -251.5227146
v 0.0000000 301.8058002 -251.5227146
v 0.0000000 -184.0874279 176.2913489
v 0.0000000 -183.8281983 176.2913489
v 0.0000000 -183.8281983 176.5505785
v 0.0000000 -184.0874279 176.5505785
v 0.0000000 -187.9877940 -107.0461312
v 0.0000000 -187.5848982 -107.0461312
v 0.0000000 -187.5848982 -106.6432354
v 0.0000000 -187.9877940 -106.6432354
v 0.0000000 -362.2804220 -55.2533289
v 0.0000000 -362.0359554 -55.2533289
v 0.0000000 -362.0359554 -55.0088623
v 0.0000000 -362.2804220 -55.0088623
v 0.0000000 -450.4221297 -98.6583203
v 0.0000000 -450.1821256 -98.6583203
v 0.0000000 -450.1821256 -98.4183163
v 0.0000000 -450.4221297 -98.4183163
v 0.0000000 -464.3783603 308.3922143
v 0.0000000 -464.1294902 308.3922143
v 0.0000000 -464.1294902 308.6410843
v 0.0000000 -464.3783603 308.6410843
v 0.0000000 496.6735714 278.1747980
v 0.0000000 496.9481267 278.1747980
v 0.0000000 496.9481267 278.4493533
v 0.0000000 496.6735714 278.4493533
v 0.0000000 -459.4616413 246.4308438
v 0.0000000 -458.8159661 246.4308438
v 0.0000000 -458.8159661 247.0765190
v 0.0000000 -459.4616413 247.0765190
v 0.0000000 -481.2781760 18.9338968
v 0.0000000 -480.9962313 18.9338968
v 0.0000000 -480.9962313 19.2158415
v 0.0000000 -481.2781760 19.2158415
v 0.0000000 474.6429384 200.0602713
v 0.0000000 474.8930150 200.0602713
v 0.0000000 474.8930150 200.3103479
v 0.0000000 474.6429384 200.3103479
v 0.0000000 -531.7166484 -262.3000154
v 0.0000000 -530.9861979 -262.3000154
v 0.0000000 -530.9861979 -261.5695648
v 0.0000000 -531.7166484 -261.5695648
v 0.0000000 479.5649052 45.0919083
v 0.0000000 479.8086509 45.0919083
v 0.0000000 479.8086509 45.3356540
v 0.0000000 479.5649052 45.3356540
v 0.0000000 -594.2981427 39.6250930
v 0.0000000 -593.9477090 39.6250930
v 0.0000000 -593.9477090 39.9755267
v 0.0000000 -594.2981427 39.9755267
v 0.0000000 304.1665013 -320.6078494
v 0.0000000 304.4065013 -320.6078494
v 0.0000000 304.4065013 -320.3678494
v 0.0000000 304.1665013 -320.3678494
v 0.0000000 624.3652626 -232.5370251
v 0.0000000 625.3471773 -232.5370251
v 0.0000000 625.3471773 -231.5551103
v 0.0000000 624.3652626 -231.5551103
v 0.0000000 553.4499304 283.5725168
v 0.0000000 553.6899545 283.5725168
v 0.0000000 553.6899545 283.8125409
v 0.0000000 553.4499304 283.8125409
v 0.0000000 -454.5212007 -45.2368379
v 0.0000000 -453.7993432 -45.2368379
v 0.0000000 -453.7993432 -44.5149804
v 0.0000000 -454.5212007 -44.5149804
v 0.0000000 85.8987195 243.5268077
v 0.0000000 86.3079340 243.5268077
v 0.0000000 86.3079340 243.9360222
v 0.0000000 85.8987195 243.9360222
v 0.0000000 4.3054116 89.4851237
v 0.0000000 5.8748622 89.4851237
v 0.0000000 5.8748622 91.0545743
v 0.0000000 4.3054116 91.0545743
v 0.0000000 -497.8059245 -163.6295936
v 0.0000000 -497.5615985 -163.6295936
v 0.0000000 -497.5615985 -163.3852676
v 0.0000000 -497.8059245 -163.3852676
v 0.0000000 -467.5986639 -106.2532961
v 0.0000000 -466.2053879 -106.2532961
v 0.0000000 -466.2053879 -104.8600201
v 0.0000000 -467.5986639 -104.8600201
v 0.0000000 -619.7900761 -223.3597600
v 0.0000000 -619.5482987 -223.3597600
v 0.0000000 -619.5482987 -223.1179826
v 0.0000000 -619.7900761 -223.1179826
v 0.0000000 -67.7980105 93.5322055
v 0.0000000 -67.5580055 93.5322055
v 0.0000000 -67.5580055 93.7722105
v 0.0000000 -67.7980105 93.7722105
v 0.0000000 5.4225250 -7.9890671
v 0.0000000 5.7806146 -7.9890671
v 0.0000000 5.7806146 -7.6309776
v 0.0000000 5.4225250 -7.6309776
v 0.0000000 -286.0627079 342.8406624
v 0.0000000 -285.8226890 342.8406624
v 0.0000000 -285.8226890 343.0806813
v 0.0000000 -286.0627079 343.0806813
v 0.0000000 575.4032151 -225.8409588
v 0.0000000 575.6451174 -225.8409588
v 0.0000000 575.6451174 -225.5990564
v 0.0000000 575.4032151 -225.5990564
v 0.0000000 -614.2608316 -123.9940099
v 0.0000000 -613.4410681 -123.9940099
v 0.0000000 -613.4410681 -123.1742465
v 0.0000000 -614.2608316 -123.1742465
v 0.0000000 -569.2549966 218.8244231
v 0.0000000 -568.6022923 218.8244231
v 0.0000000 -568.6022923 219.4771274
v 0.0000000 -569.2549966 219.4771274
v 0.0000000 -117.6881083 289.6556312
v 0.0000000 -117.4481083 289.6556312
v 0.0000000 -117.4481083 289.8956312
v 0.0000000 -117.6881083 289.8956312
v 0.0000000 393.6515740 -291.3224978
v 0.0000000 394.0744586 -291.3224978
v 0.0000000 394.0744586 -290.8996133
v 0.0000000 393.6515740 -290.8996133
v 0.0000000 352.2651600 50.6460892
v 0.0000000 352.7258293 50.6460892
v 0.0000000 352.7258293 51.1067584
v 0.0000000 352.2651600 51.1067584
v 0.0000000 -564.4949738 264.5772358
v 0.0000000 -564.1519962 264.5772358
v 0.0000000 -564.1519962 264.9202135
v 0.0000000 -564.4949738 264.9202135
v 0.0000000 -538.0110806 -2.9669880
v 0.0000000 -537.7553215 -2.9669880
v 0.0000000 -537.7553215 -2.7112289
v 0.0000000 -538.0110806 -2.7112289
v 0.0000000 585.2219213 87.5717015
v 0.0000000 585.4619662 87.5717015
v 0.0000000 585.4619662 87.8117464
v 0.0000000 585.2219213 87.8117464
v 0.0000000 -413.2293612 -157.8467703
v 0.0000000 -412.9636218 -157.8467703
v 0.0000000 -412.9636218 -157.5810309
v 0.0000000 -413.2293612 -157.5810309
v 0.0000000 -548.4027394 261.8191750
v 0.0000000 -547.6146504 261.8191750
v 0.0000000 -547.6146504 262.6072639
v 0.0000000 -548.4027394 262.6072639
v 0.0000000 -109.1894237 -351.3569535
v 0.0000000 -108.7911634 -351.3569535
v 0.0000000 -108.7911634 -350.9586932
v 0.0000000 -109.1894237 -350.9586932
v 0.0000000 -312.8024680 -186.2066149
v 0.0000000 -312.5595760 -186.2066149
v 0.0000000 -312.5595760 -185.9637229
v 0.0000000 -312.8024680 -185.9637229
v 0.0000000 81.3126734 98.7597157
v 0.0000000 81.5528285 98.7597157
v 0.0000000 81.5528285 98.9998708
v 0.0000000 81.3126734 98.9998708
v 0.0000000 175.0402193 222.1463282
v 0.0000000 175.3121228 222.1463282
v 0.0000000 175.3121228 222.4182317
v 0.0000000 175.0402193 222.4182317
v 0.0000000 -485.4720539 -272.6185898
v 0.0000000 -484.8169908 -272.6185898
v 0.0000000 -484.8169908 -271.9635267
v 0.0000000 -485.4720539 -271.9635267
v 0.0000000 -103.5346826 104.3221256
v 0.0000000 -103.2946826 104.3221256
v 0.0000000 -103.2946826 104.5621256
v 0.0000000 -103.5346826 104.5621256
v 0.0000000 -144.0480061 -53.7074261
v 0.0000000 -142.2336920 -53.7074261
v 0.0000000 -142.2336920 -51.8931121
v 0.0000000 -144.0480061 -51.8931121
v 0.0000000 371.9823414 -237.9503875
v 0.0000000 372.8369496 -237.9503875
v 0.0000000 372.8369496 -237.0957793
v 0.0000000 371.9823414 -237.0957793
v 0.0000000 -500.9976170 124.7557019
v 0.0000000 -500.7565162 124.7557019
v 0.0000000 -500.7565162 124.9968026
v 0.0000000 -500.9976170 124.9968026
v 0.0000000 562.5282412 312.8655943
v 0.0000000 562.7728485 312.8655943
v 0.0000000 562.7728485 313.1102016
v 0.0000000 562.5282412 313.1102016
v 0.0000000 -506.4670674 166.2317145
v 0.0000000 -506.2233351 166.2317145
v 0.0000000 -506.2233351 166.4754467
v 0.0000000 -506.4670674 166.4754467
v 0.0000000 -391.2757938 -26.9500868
v 0.0000000 -391.0329616 -26.9500868
v 0.0000000 -391.0329616 -26.7072547
v 0.0000000 -391.2757938 -26.7072547
v 0.0000000 539.6340251 103.7714226
v 0.0000000 541.1737159 103.7714226
v 0.0000000 541.1737159 105.3111134
v 0.0000000 539.6340251 105.3111134
v 0.0000000 353.8317632 215.8476527
v 0.0000000 354.0717939 215.8476527
v 0.0000000 354.0717939 216.0876834
v 0.0000000 353.8317632 216.0876834
v 0.0000000 251.4519636 258.6999765
v 0.0000000 251.9021661 258.6999765
v 0.0000000 251.9021661 259.1501790
v 0.0000000 251.4519636 259.1501790
v 0.0000000 222.5053439 239.3970077
v 0.0000000 224.1602606 239.3970077
v 0.0000000 224.1602606 241.0519244
v 0.0000000 222.5053439 241.0519244
v 0.0000000 100.0320175 -153.7514745
v 0.0000000 100.2721557 -153.7514745
v 0.0000000 100.2721557 -153.5113364
v 0.0000000 100.0320175 -153.5113364
v 0.0000000 -278.0988498 295.7121415
v 0.0000000 -277.6673403 295.7121415
v 0.0000000 -277.6673403 296.1436511
v 0.0000000 -278.0988498 296.1436511
v 0.0000000 -534.9922454 174.1174947
v 0.0000000 -534.7522361 174.1174947
v 0.0000000 -534.7522361 174.3575040
v 0.0000000 -534.9922454 174.3575040
v 0.0000000 -585.0000501 213.3710115
v 0.0000000 -584.6191078 213.3710115
v 0.0000000 -584.6191078 213.7519538
v 0.0000000 -585.0000501 213.7519538
v 0.0000000 -506.5870701 -338.7535796
v 0.0000000 -505.8424466 -338.7535796
v 0.0000000 -505.8424466 -338.0089561
v 0.0000000 -506.5870701 -338.0089561
v 0.0000000 -327.1961748 220.5996859
v 0.0000000 -326.7141585 220.5996859
v 0.0000000 -326.7141585 221.0817022
v 0.0000000 -327.1961748 221.0817022
v 0.0000000 557.2172033 -83.4349182
v 0.0000000 557.4576983 -83.4349182
v 0.0000000 557.4576983 -83.1944232
v 0.0000000 557.2172033 -83.1944232
v 0.0000000 -539.3575195 -130.7051422
v 0.0000000 -538.4880276 -130.7051422
v 0.0000000 -538.4880276 -129.8356504
v 0.0000000 -539.3575195 -129.8356504
v 0.0000000 -605.0447942 -216.9926814
v 0.0000000 -603.6799274 -216.9926814
v 0.0000000 -603.6799274 -215.6278146
v 0.0000000 -605.0447942 -215.6278146
v 0.0000000 429.5721761 -273.6700728
v 0.0000000 430.5122858 -273.6700728
v 0.0000000 430.5122858 -272.7299631
v 0.0000000 429.5721761 -272.7299631
v 0.0000000 594.5670688 243.6674545
v 0.0000000 594.8078010 243.6674545
v 0.0000000 594.8078010 243.9081867
v 0.0000000 594.5670688 243.9081867
v 0.0000000 502.8721087 286.2409205
v 0.0000000 503.5290440 286.2409205
v 0.0000000 503.5290440 286.8978558
v 0.0000000 502.8721087 286.8978558
v 0.0000000 418.6433144 177.4328746
v 0.0000000 419.0992542 177.4328746
v 0.0000000 419.0992542 177.8888144
v 0.0000000 418.6433144 177.8888144
v 0.0000000 -47.0498459 -159.2128211
v 0.0000000 -46.8071386 -159.2128211
v 0.0000000 -46.8071386 -158.9701137
v 0.0000000 -47.0498459 -158.9701137
v 0.0000000 9.9211248 229.3756911
v 0.0000000 11.6420607 229.3756911
v 0.0000000 11.6420607 231.0966270
v 0.0000000 9.9211248 231.0966270
v 0.0000000 -169.4788813 -300.2840172
v 0.0000000 -168.7553894 -300.2840172
v 0.0000000 -168.7553894 -299.5605254
v 0.0000000 -169.4788813 -299.5605254
v 0.0000000 -83.6082146 140.2470977
v 0.0000000 -82.6838334 140.2470977
v 0.0000000 -82.6838334 141.1714789
v 0.0000000 -83.6082146 141.1714789
v 0.0000000 -26.2112374 -306.8986514
v 0.0000000 -24.4693390 -306.8986514
v 0.0000000 -24.4693390 -305.1567531
v 0.0000000 -26.2112374 -305.1567531
v 0.0000000 -195.5011669 -105.5863235
v 0.0000000 -195.2611497 -105.5863235
v 0.0000000 -195.2611497 -105.3463064
v 0.0000000 -195.5011669 -105.3463064
v 0.0000000 -411.9628186 91.1592059
v 0.0000000 -411.7225123 91.1592059
v 0.0000000 -411.7225123 91.3995123
v 0.0000000 -411.9628186 91.3995123
v 0.0000000 199.5605540 -297.1047235
v 0.0000000 199.8074594 -297.1047235
v 0.0000000 199.8074594 -296.8578181
v 0.0000000 199.5605540 -296.8578181
v 0.0000000 -65.2882941 -107.3403034
v 0.0000000 -64.4378651 -107.3403034
v 0.0000000 -64.4378651 -106.4898745
v 0.0000000 -65.2882941 -106.4898745
v 0.0000000 322.8078643 249.2689847
v 0.0000000 323.2606607 249.2689847
v 0.0000000 323.2606607 249.7217811
v 0.0000000 322.8078643 249.7217811
v 0.0000000 -98.3705469 76.2621701
v 0.0000000 -98.1298642 76.2621701
v 0.0000000 -98.1298642 76.5028528
v 0.0000000 -98.3705469 76.5028528
v 0.0000000 298.5114755 108.1774610
v 0.0000000 298.7526372 108.1774610
v 0.0000000 298.7526372 108.4186228
v 0.0000000 298.5114755 108.4186228
v 0.0000000 -200.4103603 175.2267995
v 0.0000000 -200.1605834 175.2267995
v 0.0000000 -200.1605834 175.4765764
v 0.0000000 -200.4103603 175.4765764
v 0.0000000 270.0084961 53.2924817
v 0.0000000 271.1376313 53.2924817
v 0.0000000 271.1376313 54.4216168
v 0.0000000 270.0084961 54.4216168
v 0.0000000 80.0626036 329.6347681
v 0.0000000 80.3026532 329.6347681
v 0.0000000 80.3026532 329.8748177
v 0.0000000 80.0626036 329.8748177
v 0.0000000 -500.9186785 295.5396621
v 0.0000000 -500.0209783 295.5396621
v 0.0000000 -500.0209783 296.4373623
v 0.0000000 -500.9186785 296.4373623
v 0.0000000 -126.9269063 184.0469688
v 0.0000000 -125.9679715 184.0469688
v 0.0000000 -125.9679715 185.0059035
v 0.0000000 -126.9269063 185.0059035
v 0.0000000 -520.7032882 174.6477578
v 0.0000000 -520.4632487 174.6477578
v 0.0000000 -520.4632487 174.8877972
v 0.0000000 -520.7032882 174.8877972
v 0.0000000 357.7939927 34.6777781
v 0.0000000 358.0340184 34.6777781
v 0.0000000 358.0340184 34.9178037
v 0.0000000 357.7939927 34.9178037
v 0.0000000 -306.7037441 99.3724409
v 0.0000000 -306.4627031 99.3724409
v 0.0000000 -306.4627031 99.6134819
v 0.0000000 -306.7037441 99.6134819
v 0.0000000 610.0026410 -152.6373933
v 0.0000000 610.7986169 -152.6373933
v 0.0000000 610.7986169 -151.8414174
v 0.0000000 610.0026410 -151.8414174
v 0.0000000 239.7415451 124.3295618
v 0.0000000 240.1353614 124.3295618
v 0.0000000 240.1353614 124.7233781
v 0.0000000 239.7415451 124.7233781
v 0.0000000 -313.9681633 13.9150051
v 0.0000000 -312.2531446 13.9150051
v 0.0000000 -312.2531446 15.6300238
v 0.0000000 -313.9681633 15.6300238
v 0.0000000 -149.5254485 81.0024152
v 0.0000000 -149.2847996 81.0024152
v 0.0000000 -149.2847996 81.2430642
v 0.0000000 -149.5254485 81.2430642
v 0.0000000 -28.2899461 -327.8942074
v 0.0000000 -28.0499402 -327.8942074
v 0.0000000 -28.0499402 -327.6542015
v 0.0000000 -28.2899461 -327.6542015
v 0.0000000 578.6841462 -7.7541068
v 0.0000000 579.3080699 -7.7541068
v 0.0000000 579.3080699 -7.1301830
v 0.0000000 578.6841462 -7.1301830
v 0.0000000 -605.6466444 268.5196412
v 0.0000000 -605.3473125 268.5196412
v 0.0000000 -605.3473125 268.8189731
v 0.0000000 -605.6466444 268.8189731
v 0.0000000 389.1343708 10.7558879
v 0.0000000 389.4963636 10.7558879
v 0.0000000 389.4963636 11.1178808
v 0.0000000 389.1343708 11.1178808
v 0.0000000 -7.8110422 -234.6181163
v 0.0000000 -7.5233449 -234.6181163
v 0.0000000 -7.5233449 -234.3304189
v 0.0000000 -7.8110422 -234.3304189
v 0.0000000 -485.2677425 302.0310923
v 0.0000000 -484.7941668 302.0310923
v 0.0000000 -484.7941668 302.5046681
v 0.0000000 -485.2677425 302.5046681
v 0.0000000 75.1041907 -61.2450198
v 0.0000000 75.3442237 -61.2450198
v 0.0000000 75.3442237 -61.0049867
v 0.0000000 75.1041907 -61.0049867
v 0.0000000 -580.9756205 -249.4266497
v 0.0000000 -580.7356205 -249.4266497
v 0.0000000 -580.7356205 -249.1866497
v 0.0000000 -580.9756205 -249.1866497
v 0.0000000 -608.7790837 -239.6620479
v 0.0000000 -608.5390749 -239.6620479
v 0.0000000 -608.5390749 -239.4220391
v 0.0000000 -608.7790837 -239.4220391
v 0.0000000 -589.9703148 -245.2495140
v 0.0000000 -589.7302928 -245.2495140
v 0.0000000 -589.7302928 -245.0094920
v 0.0000000 -589.9703148 -245.0094920
v 0.0000000 541.5527598 32.7316174
v 0.0000000 541.7938189 32.7316174
v 0.0000000 541.7938189 32.9726765
v 0.0000000 541.5527598 32.9726765
v 0.0000000 -135.3402215 -219.6585386
v 0.0000000 -135.1001079 -219.6585386
v 0.0000000 -135.1001079 -219.4184251
v 0.0000000 -135.3402215 -219.4184251
v 0.0000000 454.1998832 -291.2789113
v 0.0000000 455.6101487 -291.2789113
v 0.0000000 455.6101487 -289.8686458
v 0.0000000 454.1998832 -289.8686458
v 0.0000000 365.0220076 -229.1987562
v 0.0000000 365.3865656 -229.1987562
v 0.0000000 365.3865656 -228.8341982
v 0.0000000 365.0220076 -228.8341982
v 0.0000000 -8.3664634 233.8768829
v 0.0000000 -7.8361885 233.8768829
v 0.0000000 -7.8361885 234.4071578
v 0.0000000 -8.3664634 234.4071578
v 0.0000000 416.3492327 317.2520508
v 0.0000000 417.4249958 317.2520508
v 0.0000000 417.4249958 318.3278139
v 0.0000000 416.3492327 318.3278139
v 0.0000000 -417.9232563 111.5289025
v 0.0000000 -417.6832222 111.5289025
v 0.0000000 -417.6832222 111.7689366
v 0.0000000 -417.9232563 111.7689366
v 0.0000000 -623.7914262 356.2316855
v 0.0000000 -623.3646204 356.2316855
v 0.0000000 -623.3646204 356.6584914
v 0.0000000 -623.7914262 356.6584914
v 0.0000000 553.2535967 -66.7257168
v 0.0000000 555.0017440 -66.7257168
v 0.0000000 555.0017440 -64.9775696
v 0.0000000 553.2535967 -64.9775696
v 0.0000000 -568.5009572 -197.3310838
v 0.0000000 -567.9971297 -197.3310838
v 0.0000000 -567.9971297 -196.8272563
v 0.0000000 -568.5009572 -196.8272563
v 0.0000000 -408.4164228 10.5370038
v 0.0000000 -407.9233457 10.5370038
v 0.0000000 -407.9233457 11.0300809
v 0.0000000 -408.4164228 11.0300809
v 0.0000000 -429.0613456 -353.4945296
v 0.0000000 -427.8213265 -353.4945296
v 0.0000000 -427.8213265 -352.2545105
v 0.0000000 -429.0613456 -352.2545105
v 0.0000000 -378.2960789 85.1115209
v 0.0000000 -377.4951340 85.1115209
v 0.0000000 -377.4951340 85.9124657
v 0.0000000 -378.2960789 85.9124657
v 0.0000000 365.3069083 22.2337568
v 0.0000000 365.7696179 22.2337568
v 0.0000000 365.7696179 22.6964665
v 0.0000000 365.3069083 22.6964665
v 0.0000000 -258.2986620 -0.7960810
v 0.0000000 -258.0582972 -0.7960810
v 0.0000000 -258.0582972 -0.5557163
v 0.0000000 -258.2986620 -0.5557163
v 0.0000000 85.9522542 -344.5274182
v 0.0000000 86.1922610 -344.5274182
v 0.0000000 86.1922610 -344.2874115
v 0.0000000 85.9522542 -344.2874115
v 0.0000000 -113.3273452 311.1589985
v 0.0000000 -113.0861418 311.1589985
v 0.0000000 -113.0861418 311.4002019
v 0.0000000 -113.3273452 311.4002019
v 0.0000000 353.4699030 20.8701185
v 0.0000000 353.8748318 20.8701185
v 0.0000000 353.8748318 21.2750473
v 0.0000000 353.4699030 21.2750473
v 0.0000000 536.8803093 -210.2273969
v 0.0000000 537.1213092 -210.2273969
v 0.0000000 537.1213092 -209.9863971
v 0.0000000 536.8803093 -209.9863971
v 0.0000000 -438.3357103 -31.0592761
v 0.0000000 -436.8234229 -31.0592761
v 0.0000000 -436.8234229 -29.5469888
v 0.0000000 -438.3357103 -29.5469888
v 0.0000000 498.8565004 -53.4720986
v 0.0000000 499.1268006 -53.4720986
v 0.0000000 499.1268006 -53.2017984
v 0.0000000 498.8565004 -53.2017984
v 0.0000000 -303.8035094 21.7281757
v 0.0000000 -303.5635082 21.7281757
v 0.0000000 -303.5635082 21.9681770
v 0.0000000 -303.8035094 21.9681770
v 0.0000000 377.5484927 336.5026926
v 0.0000000 377.7884953 336.5026926
v 0.0000000 377.7884953 336.7426951
v 0.0000000 377.5484927 336.7426951
v 0.0000000 -302.2592038 -285.4210293
v 0.0000000 -302.0151401 -285.4210293
v 0.0000000 -302.0151401 -285.1769655
v 0.0000000 -302.2592038 -285.1769655
v 0.0000000 160.4382720 -189.2907895
v 0.0000000 160.7071209 -189.2907895
v 0.0000000 160.7071209 -189.0219406
v 0.0000000 160.4382720 -189.0219406
v 0.0000000 444.5261075 -263.4096734
v 0.0000000 445.5734652 -263.4096734
v 0.0000000 445.5734652 -262.3623158
v 0.0000000 444.5261075 -262.3623158
v 0.0000000 -144.7847379 -30.3762512
v 0.0000000 -144.4867311 -30.3762512
v 0.0000000 -144.4867311 -30.0782444
v 0.0000000 -144.7847379 -30.0782444
v 0.0000000 -347.6613329 192.4808155
v 0.0000000 -347.4213328 192.4808155
v 0.0000000 -347.4213328 192.7208155
v 0.0000000 -347.6613329 192.7208155
v 0.0000000 -112.6674604 -254.0688283
v 0.0000000 -112.3219801 -254.0688283
v 0.0000000 -112.3219801 -253.7233481
v 0.0000000 -112.6674604 -253.7233481
v 0.0000000 -602.5977234 -92.0053488
v 0.0000000 -602.2540657 -92.0053488
v 0.0000000 -602.2540657 -91.6616911
v 0.0000000 -602.5977234 -91.6616911
v 0.0000000 -468.3243017 -351.3574717
v 0.0000000 -467.3001664 -351.3574717
v 0.0000000 -467.3001664 -350.3333364
v 0.0000000 -468.3243017 -350.3333364
v 0.0000000 131.8809533 14.2097144
v 0.0000000 132.1213135 14.2097144
v 0.0000000 132.1213135 14.4500746
v 0.0000000 131.8809533 14.4500746
v 0.0000000 297.5631876 338.2249048
v 0.0000000 297.8031876 338.2249048
v 0.0000000 297.8031876 338.4649048
v 0.0000000 297.5631876 338.4649048
v 0.0000000 -399.9320280 -178.3567145
v 0.0000000 -399.6919764 -178.3567145
v 0.0000000 -399.6919764 -178.1166630
v 0.0000000 -399.9320280 -178.1166630
v 0.0000000 158.1088425 -333.5136567
v 0.0000000 158.3491842 -333.5136567
v 0.0000000 158.3491842 -333.2733151
v 0.0000000 158.1088425 -333.2733151
v 0.0000000 -415.1234867 -185.3496265
v 0.0000000 -414.8486101 -185.3496265
v 0.0000000 -414.8486101 -185.0747499
v 0.0000000 -415.1234867 -185.0747499
v 0.0000000 -66.7484458 63.1171270
v 0.0000000 -66.5084451 63.1171270
v 0.0000000 -66.5084451 63.3571277
v 0.0000000 -66.7484458 63.3571277
v 0.0000000 -163.4850654 46.4746295
v 0.0000000 -163.2444931 46.4746295
v 0.0000000 -163.2444931 46.7152018
v 0.0000000 -163.4850654 46.7152018
v 0.0000000 536.8024483 106.4740944
v 0.0000000 537.0435897 106.4740944
v 0.0000000 537.0435897 106.7152358
v 0.0000000 536.8024483 106.7152358
v 0.0000000 -147.2862008 316.5348755
v 0.0000000 -147.0462008 316.5348755
v 0.0000000 -147.0462008 316.7748756
v 0.0000000 -147.2862008 316.7748756
v 0.0000000 546.8332343 -197.9813434
v 0.0000000 547.2418020 -197.9813434
v 0.0000000 547.2418020 -197.5727756
v 0.0000000 546.8332343 -197.5727756
v 0.0000000 532.6103438 354.2398266
v 0.0000000 532.8535988 354.2398266
v 0.0000000 532.8535988 354.4830816
v 0.0000000 532.6103438 354.4830816
v 0.0000000 -554.0643745 -10.2130168
v 0.0000000 -553.8240263 -10.2130168
v 0.0000000 -553.8240263 -9.9726685
v 0.0000000 -554.0643745 -9.9726685
v 0.0000000 -624.6603644 -88.2287863
v 0.0000000 -623.2922442 -88.2287863
v 0.0000000 -623.2922442 -86.8606661
v 0.0000000 -624.6603644 -86.8606661
v 0.0000000 370.8179552 258.7135182
v 0.0000000 371.0602542 258.7135182
v 0.0000000 371.0602542 258.9558172
v 0.0000000 370.8179552 258.9558172
v 0.0000000 -192.6593659 -271.1527804
v 0.0000000 -192.3515450 -271.1527804
v 0.0000000 -192.3515450 -270.8449596
v 0.0000000 -192.6593659 -270.8449596
v 0.0000000 357.3633427 276.6916703
v 0.0000000 358.1470239 276.6916703
v 0.0000000 358.1470239 277.4753515
v 0.0000000 357.3633427 277.4753515
v 0.0000000 -526.7586062 173.3338489
v 0.0000000 -526.5185940 173.3338489
v 0.0000000 -526.5185940 173.5738611
v 0.0000000 -526.7586062 173.5738611
v 0.0000000 -594.1751993 -171.8531142
v 0.0000000 -592.5085196 -171.8531142
v 0.0000000 -592.5085196 -170.1864345
v 0.0000000 -594.1751993 -170.1864345
v 0.0000000 258.6137863 213.0231964
v 0.0000000 258.8539055 213.0231964
v 0.0000000 258.8539055 213.2633156
v 0.0000000 258.6137863 213.2633156
v 0.0000000 -166.3987096 -152.5984960
v 0.0000000 -166.1013494 -152.5984960
v 0.0000000 -166.1013494 -152.3011359
v 0.0000000 -166.3987096 -152.3011359
v 0.0000000 136.8212555 -284.0848901
v 0.0000000 137.1077252 -284.0848901
v 0.0000000 137.1077252 -283.7984204
v 0.0000000 136.8212555 -283.7984204
v 0.0000000 230.2291174 217.9127751
v 0.0000000 231.6400777 217.9127751
v 0.0000000 231.6400777 219.3237354
v 0.0000000 230.2291174 219.3237354
v 0.0000000 -260.2017201 -237.1122168
v 0.0000000 -259.9596891 -237.1122168
v 0.0000000 -259.9596891 -236.8701858
v 0.0000000 -260.2017201 -236.8701858
v 0.0000000 -461.2440573 -90.4416448
v 0.0000000 -461.0024603 -90.4416448
v 0.0000000 -461.0024603 -90.2000478
v 0.0000000 -461.2440573 -90.2000478
v 0.0000000 -523.4848978 12.9474846
v 0.0000000 -523.2129582 12.9474846
v 0.0000000 -523.2129582 13.2194242
v 0.0000000 -523.4848978 13.2194242
v 0.0000000 395.2093353 60.0769887
v 0.0000000 395.4493365 60.0769887
v 0.0000000 395.4493365 60.3169899
v 0.0000000 395.2093353 60.3169899
v 0.0000000 -306.3820485 -87.1438766
v 0.0000000 -306.1307647 -87.1438766
v 0.0000000 -306.1307647 -86.8925928
v 0.0000000 -306.3820485 -86.8925928
v 0.0000000 285.4570028 121.7688059
v 0.0000000 285.7113773 121.7688059
v 0.0000000 285.7113773 122.0231804
v 0.0000000 285.4570028 122.0231804
v 0.0000000 512.7239293 -37.0278769
v 0.0000000 512.9639294 -37.0278769
v 0.0000000 512.9639294 -36.7878767
v 0.0000000 512.7239293 -36.7878767
v 0.0000000 358.2492236 -254.2337572
v 0.0000000 358.4892787 -254.2337572
v 0.0000000 358.4892787 -253.9937021
v 0.0000000 358.2492236 -253.9937021
v 0.0000000 581.9825825 150.6314064
v 0.0000000 582.9253750 150.6314064
v 0.0000000 582.9253750 151.5741989
v 0.0000000 581.9825825 151.5741989
v 0.0000000 -515.2035209 163.4972668
v 0.0000000 -513.3918179 163.4972668
v 0.0000000 -513.3918179 165.3089697
v 0.0000000 -515.2035209 165.3089697
v 0.0000000 89.5681407 92.9834435
v 0.0000000 89.8093669 92.9834435
v 0.0000000 89.8093669 93.2246697
v 0.0000000 89.5681407 93.2246697
v 0.0000000 548.5725625 -342.1947043
v 0.0000000 548.8125656 -342.1947043
v 0.0000000 548.8125656 -341.9547011
v 0.0000000 548.5725625 -341.9547011
v 0.0000000 184.1850366 255.3084034
v 0.0000000 184.4809560 255.3084034
v 0.0000000 184.4809560 255.6043228
v 0.0000000 184.1850366 255.6043228
v 0.0000000 -446.8427905 -16.5485877
v 0.0000000 -445.4103667 -16.5485877
v 0.0000000 -445.4103667 -15.1161640
v 0.0000000 -446.8427905 -15.1161640
v 0.0000000 -533.3559451 90.5906217
v 0.0000000 -533.0590221 90.5906217
v 0.0000000 -533.0590221 90.8875447
v 0.0000000 -533.3559451 90.8875447
v 0.0000000 -272.0912373 -292.5690868
v 0.0000000 -271.7542903 -292.5690868
v 0.0000000 -271.7542903 -292.2321398
v 0.0000000 -272.0912373 -292.2321398
v 0.0000000 518.4028789 154.5823098
v 0.0000000 518.6547958 154.5823098
v 0.0000000 518.6547958 154.8342267
v 0.0000000 518.4028789 154.8342267
v 0.0000000 517.8304608 151.1443644
v 0.0000000 518.0704609 151.1443644
v 0.0000000 518.0704609 151.3843644
v 0.0000000 517.8304608 151.3843644
v 0.0000000 388.7891687 -310.8194061
v 0.0000000 389.0291949 -310.8194061
v 0.0000000 389.0291949 -310.5793798
v 0.0000000 388.7891687 -310.5793798
v 0.0000000 -470.7267923 -201.7596049
v 0.0000000 -470.4867923 -201.7596049
v 0.0000000 -470.4867923 -201.5196049
v 0.0000000 -470.7267923 -201.5196049
v 0.0000000 382.5518355 -49.1144286
v 0.0000000 382.8343340 -49.1144286
v 0.0000000 382.8343340 -48.8319301
v 0.0000000 382.5518355 -48.8319301
v 0.0000000 -69.8955926 -315.0760064
v 0.0000000 -69.4769184 -315.0760064
v 0.0000000 -69.4769184 -314.6573322
v 0.0000000 -69.8955926 -314.6573322
v 0.0000000 166.6300336 -189.0293653
v 0.0000000 166.9623351 -189.0293653
v 0.0000000 166.9623351 -188.6970638
v 0.0000000 166.6300336 -188.6970638
v 0.0000000 -290.8491630 192.9336552
v 0.0000000 -290.5953085 192.9336552
v 0.0000000 -290.5953085 193.1875097
v 0.0000000 -290.8491630 193.1875097
v 0.0000000 -371.0643877 -169.0545921
v 0.0000000 -370.8125604 -169.0545921
v 0.0000000 -370.8125604 -168.8027648
v 0.0000000 -371.0643877 -168.8027648
v 0.0000000 -624.4652841 -24.9317630
v 0.0000000 -624.2069042 -24.9317630
v 0.0000000 -624.2069042 -24.6733831
v 0.0000000 -624.4652841 -24.6733831
v 0.0000000 305.9531595 206.6468748
v 0.0000000 306.2164007 206.6468748
v 0.0000000 306.2164007 206.9101160
v 0.0000000 305.9531595 206.9101160
v 0.0000000 390.0498268 -358.0587431
v 0.0000000 390.7347222 -358.0587431
v 0.0000000 390.7347222 -357.3738478
v 0.0000000 390.0498268 -357.3738478
v 0.0000000 -449.8444538 94.3273560
v 0.0000000 -449.6033458 94.3273560
v 0.0000000 -449.6033458 94.5684640
v 0.0000000 -449.8444538 94.5684640
v 0.0000000 290.0695611 -267.6464932
v 0.0000000 290.3095611 -267.6464932
v 0.0000000 290.3095611 -267.4064932
v 0.0000000 290.0695611 -267.4064932
v 0.0000000 289.9648165 -16.3267061
v 0.0000000 290.2193043 -16.3267061
v 0.0000000 290.2193043 -16.0722183
v 0.0000000 289.9648165 -16.0722183
v 0.0000000 410.1815185 -315.5875943
v 0.0000000 411.5649630 -315.5875943
v 0.0000000 411.5649630 -314.2041498
v 0.0000000 410.1815185 -314.2041498
v 0.0000000 523.9085070 -312.2287657
v 0.0000000 524.7760113 -312.2287657
v 0.0000000 524.7760113 -311.3612613
v 0.0000000 523.9085070 -311.3612613
v 0.0000000 -113.4060505 78.9872023
v 0.0000000 -113.1549204 78.9872023
v 0.0000000 -113.1549204 79.2383324
v 0.0000000 -113.4060505 79.2383324
v 0.0000000 103.8962380 86.6734439
v 0.0000000 104.2236255 86.6734439
v 0.0000000 104.2236255 87.0008314
v 0.0000000 103.8962380 87.0008314
v 0.0000000 -425.0455966 148.3510560
v 0.0000000 -423.3221699 148.3510560
v 0.0000000 -423.3221699 150.0744827
v 0.0000000 -425.0455966 150.0744827
v 0.0000000 -381.2266322 319.0479022
v 0.0000000 -380.9856671 319.0479022
v 0.0000000 -380.9856671 319.2888673
v 0.0000000 -381.2266322 319.2888673
v 0.0000000 -595.0277836 -121.3864414
v 0.0000000 -594.7625919 -121.3864414
v 0.0000000 -594.7625919 -121.1212498
v 0.0000000 -595.0277836 -121.1212498
v 0.0000000 199.4933406 -2.9205682
v 0.0000000 199.7335027 -2.9205682
v 0.0000000 199.7335027 -2.6804061
v 0.0000000 199.4933406 -2.6804061
v 0.0000000 19.3351781 -211.4485224
v 0.0000000 19.6240591 -211.4485224
v 0.0000000 19.6240591 -211.1596414
v 0.0000000 19.3351781 -211.1596414
v 0.0000000 -563.5446536 110.5205101
v 0.0000000 -561.9080062 110.5205101
v 0.0000000 -561.9080062 112.1571575
v 0.0000000 -563.5446536 112.1571575
v 0.0000000 538.9292108 322.0371999
v 0.0000000 539.1693504 322.0371999
v 0.0000000 539.1693504 322.2773395
v 0.0000000 538.9292108 322.2773395
v 0.0000000 -30.4775009 144.1982007
v 0.0000000 -29.9039713 144.1982007
v 0.0000000 -29.9039713 144.7717303
v 0.0000000 -30.4775009 144.7717303
v 0.0000000 -544.3356448 -268.7570707
v 0.0000000 -544.0938688 -268.7570707
v 0.0000000 -544.0938688 -268.5152947
v 0.0000000 -544.3356448 -268.5152947
v 0.0000000 106.2090185 -303.8088583
v 0.0000000 106.4530216 -303.8088583
v 0.0000000 106.4530216 -303.5648552
v 0.0000000 106.2090185 -303.5648552
v 0.0000000 -172.2037879 -77.1145060
v 0.0000000 -171.9541291 -77.1145060
v 0.0000000 -171.9541291 -76.8648472
v 0.0000000 -172.2037879 -76.8648472
v 0.0000000 317.2557027 -110.1911455
v 0.0000000 317.5039715 -110.1911455
v 0.0000000 317.5039715 -109.9428766
v 0.0000000 317.2557027 -109.9428766
v 0.0000000 -315.6750040 -35.1816541
v 0.0000000 -315.4238085 -35.1816541
v 0.0000000 -315.4238085 -34.9304586
v 0.0000000 -315.6750040 -34.9304586
v 0.0000000 196.1181871 254.2271806
v 0.0000000 196.3931179 254.2271806
v 0.0000000 196.3931179 254.5021114
v 0.0000000 196.1181871 254.5021114
v 0.0000000 -316.0166479 168.3756059
v 0.0000000 -315.7595761 168.3756059
v 0.0000000 -315.7595761 168.6326777
v 0.0000000 -316.0166479 168.6326777
v 0.0000000 -528.5600994 282.3486609
v 0.0000000 -528.3200483 282.3486609
v 0.0000000 -528.3200483 282.5887121
v 0.0000000 -528.5600994 282.5887121
v 0.0000000 207.5686948 170.4175472
v 0.0000000 208.0896874 170.4175472
v 0.0000000 208.0896874 170.9385397
v 0.0000000 207.5686948 170.9385397
v 0.0000000 -259.8487231 23.5046332
v 0.0000000 -259.5182773 23.5046332
v 0.0000000 -259.5182773 23.8350791
v 0.0000000 -259.8487231 23.8350791
v 0.0000000 493.1539822 216.4081868
v 0.0000000 493.4130856 216.4081868
v 0.0000000 493.4130856 216.6672902
v 0.0000000 493.1539822 216.6672902
v 0.0000000 254.4468659 91.3563823
v 0.0000000 254.7155603 91.3563823
v 0.0000000 254.7155603 91.6250767
v 0.0000000 254.4468659 91.6250767
v 0.0000000 390.7657292 -327.7395467
v 0.0000000 391.2408708 -327.7395467
v 0.0000000 391.2408708 -327.2644050
v 0.0000000 390.7657292 -327.2644050
v 0.0000000 345.3998921 154.6244342
v 0.0000000 345.6527444 154.6244342
v 0.0000000 345.6527444 154.8772865
v 0.0000000 345.3998921 154.8772865
v 0.0000000 382.0558278 253.6967184
v 0.0000000 382.5072936 253.6967184
v 0.0000000 382.5072936 254.1481841
v 0.0000000 382.0558278 254.1481841
v 0.0000000 -390.3728388 262.3504214
v 0.0000000 -390.1328387 262.3504214
v 0.0000000 -390.1328387 262.5904215
v 0.0000000 -390.3728388 262.5904215
v 0.0000000 -183.0940531 -349.1176764
v 0.0000000 -182.8372360 -349.1176764
v 0.0000000 -182.8372360 -348.8608594
v 0.0000000 -183.0940531 -348.8608594
v 0.0000000 -371.8011999 -290.5699496
v 0.0000000 -370.4613014 -290.5699496
v 0.0000000 -370.4613014 -289.2300511
v 0.0000000 -371.8011999 -289.2300511
v 0.0000000 -183.4645493 17.5981479
v 0.0000000 -183.2089219 17.5981479
v 0.0000000 -183.2089219 17.8537753
v 0.0000000 -183.4645493 17.8537753
v 0.0000000 494.5065111 84.5633084
v 0.0000000 494.8424068 84.5633084
v 0.0000000 494.8424068 84.8992040
v 0.0000000 494.5065111 84.8992040
v 0.0000000 -452.4882441 -138.0866823
v 0.0000000 -451.1889742 -138.0866823
v 0.0000000 -451.1889742 -136.7874124
v 0.0000000 -452.4882441 -136.7874124
v 0.0000000 -373.3584598 204.8406564
v 0.0000000 -373.1056749 204.8406564
v 0.0000000 -373.1056749 205.0934413
v 0.0000000 -373.3584598 205.0934413
v 0.0000000 582.8938807 -221.7091371
v 0.0000000 583.1338840 -221.7091371
v 0.0000000 583.1338840 -221.4691338
v 0.0000000 582.8938807 -221.4691338
v 0.0000000 559.7650813 329.7480938
v 0.0000000 560.0303414 329.7480938
v 0.0000000 560.0303414 330.0133539
v 0.0000000 559.7650813 330.0133539
v 0.0000000 -228.5153151 -217.7149411
v 0.0000000 -228.0527948 -217.7149411
v 0.0000000 -228.0527948 -217.2524208
v 0.0000000 -228.5153151 -217.2524208
v 0.0000000 87.6104961 -346.4212760
v 0.0000000 87.8685075 -346.4212760
v 0.0000000 87.8685075 -346.1632647
v 0.0000000 87.6104961 -346.1632647
v 0.0000000 -448.6567297 -115.8945858
v 0.0000000 -448.2221103 -115.8945858
v 0.0000000 -448.2221103 -115.4599664
v 0.0000000 -448.6567297 -115.4599664
v 0.0000000 106.5649410 -136.0800366
v 0.0000000 106.8777303 -136.0800366
v 0.0000000 106.8777303 -135.7672473
v 0.0000000 106.5649410 -135.7672473
v 0.0000000 2.5714428 89.6680291
v 0.0000000 4.0454611 89.6680291
v 0.0000000 4.0454611 91.1420474
v 0.0000000 2.5714428 91.1420474
v 0.0000000 417.7028481 -101.8677024
v 0.0000000 417.9428862 -101.8677024
v 0.0000000 417.9428862 -101.6276643
v 0.0000000 417.7028481 -101.6276643
v 0.0000000 504.2923323 24.1024901
v 0.0000000 504.5528574 24.1024901
v 0.0000000 504.5528574 24.3630152
v 0.0000000 504.2923323 24.3630152
v 0.0000000 485.5971328 208.5324387
v 0.0000000 485.8385790 208.5324387
v 0.0000000 485.8385790 208.7738850
v 0.0000000 485.5971328 208.7738850
v 0.0000000 -623.1226466 8.5863165
v 0.0000000 -621.9405439 8.5863165
v 0.0000000 -621.9405439 9.7684191
v 0.0000000 -623.1226466 9.7684191
v 0.0000000 -538.4560336 -102.2435928
v 0.0000000 -537.9061551 -102.2435928
v 0.0000000 -537.9061551 -101.6937143
v 0.0000000 -538.4560336 -101.6937143
v 0.0000000 430.0103431 -93.9479589
v 0.0000000 431.4860333 -93.9479589
v 0.0000000 431.4860333 -92.4722687
v 0.0000000 430.0103431 -92.4722687
v 0.0000000 -433.6945788 -174.9973100
v 0.0000000 -432.2476806 -174.9973100
v 0.0000000 -432.2476806 -173.5504118
v 0.0000000 -433.6945788 -173.5504118
v 0.0000000 360.7068850 124.0408485
v 0.0000000 360.9471308 124.0408485
v 0.0000000 360.9471308 124.2810943
v 0.0000000 360.7068850 124.2810943
v 0.0000000 196.9052116 149.4872805
v 0.0000000 197.1459974 149.4872805
v 0.0000000 197.1459974 149.7280663
v 0.0000000 196.9052116 149.7280663
v 0.0000000 -616.2949431 -236.6514710
v 0.0000000 -615.8062921 -236.6514710
v 0.0000000 -615.8062921 -236.1628200
v 0.0000000 -616.2949431 -236.1628200
v 0.0000000 195.0292940 310.7911949
v 0.0000000 195.2695639 310.7911949
v 0.0000000 195.2695639 311.0314648
v 0.0000000 195.0292940 311.0314648
v 0.0000000 -474.7207060 164.3568322
v 0.0000000 -474.4806995 164.3568322
v 0.0000000 -474.4806995 164.5968387
v 0.0000000 -474.7207060 164.5968387
v 0.0000000 -68.4758831 20.0338485
v 0.0000000 -67.8518630 20.0338485
v 0.0000000 -67.8518630 20.6578685
v 0.0000000 -68.4758831 20.6578685
v 0.0000000 -474.0632173 257.2446926
v 0.0000000 -473.7956647 257.2446926
v 0.0000000 -473.7956647 257.5122453
v 0.0000000 -474.0632173 257.5122453
v 0.0000000 198.8877730 -305.6636069
v 0.0000000 199.1287056 -305.6636069
v 0.0000000 199.1287056 -305.4226744
v 0.0000000 198.8877730 -305.4226744
v 0.0000000 -48.8485316 115.6154691
v 0.0000000 -48.5591763 115.6154691
v 0.0000000 -48.5591763 115.9048244
v 0.0000000 -48.8485316 115.9048244
v 0.0000000 -560.4777465 110.4361538
v 0.0000000 -560.1342186 110.4361538
v 0.0000000 -560.1342186 110.7796818
v 0.0000000 -560.4777465 110.7796818
v 0.0000000 2.5642940 278.7099928
v 0.0000000 2.8074493 278.7099928
v 0.0000000 2.8074493 278.9531481
v 0.0000000 2.5642940 278.9531481
v 0.0000000 172.6544450 347.5999820
v 0.0000000 173.2595503 347.5999820
v 0.0000000 173.2595503 348.2050873
v 0.0000000 172.6544450 348.2050873
v 0.0000000 -524.5634875 -259.9976562
v 0.0000000 -524.3218969 -259.9976562
v 0.0000000 -524.3218969 -259.7560656
v 0.0000000 -524.5634875 -259.7560656
v 0.0000000 513.4720707 197.5300247
v 0.0000000 513.7121717 197.5300247
v 0.0000000 513.7121717 197.7701257
v 0.0000000 513.4720707 197.7701257
v 0.0000000 324.5873828 288.6130218
v 0.0000000 325.0881920 288.6130218
v 0.0000000 325.0881920 289.1138310
v 0.0000000 324.5873828 289.1138310
v 0.0000000 -106.9623893 85.9098909
v 0.0000000 -106.7207817 85.9098909
v 0.0000000 -106.7207817 86.1514985
v 0.0000000 -106.9623893 86.1514985
v 0.0000000 -529.5414125 -181.9315450
v 0.0000000 -528.8479381 -181.9315450
v 0.0000000 -528.8479381 -181.2380706
v 0.0000000 -529.5414125 -181.2380706
v 0.0000000 -100.0360209 204.6450026
v 0.0000000 -99.3750748 204.6450026
v 0.0000000 -99.3750748 205.3059487
v 0.0000000 -100.0360209 205.3059487
v 0.0000000 -186.0694438 204.4942105
v 0.0000000 -185.4337257 204.4942105
v 0.0000000 -185.4337257 205.1299286
v 0.0000000 -186.0694438 205.1299286
v 0.0000000 506.7085670 339.7616557
v 0.0000000 507.0591984 339.7616557
v 0.0000000 507.0591984 340.1122872
v 0.0000000 506.7085670 340.1122872
v 0.0000000 616.4158137 231.5523571
v 0.0000000 618.1698399 231.5523571
v 0.0000000 618.1698399 233.3063834
v 0.0000000 616.4158137 233.3063834
v 0.0000000 -458.8392420 -155.3128896
v 0.0000000 -458.2727867 -155.3128896
v 0.0000000 -458.2727867 -154.7464344
v 0.0000000 -458.8392420 -154.7464344
v 0.0000000 -21.7134097 105.6169501
v 0.0000000 -20.1022132 105.6169501
v 0.0000000 -20.1022132 107.2281467
v 0.0000000 -21.7134097 107.2281467
v 0.0000000 235.7634420 261.6262166
v 0.0000000 236.1713608 261.6262166
v 0.0000000 236.1713608 262.0341354
v 0.0000000 235.7634420 262.0341354
v 0.0000000 -90.4320347 -279.6802453
v 0.0000000 -88.9411098 -279.6802453
v 0.0000000 -88.9411098 -278.1893205
v 0.0000000 -90.4320347 -278.1893205
v 0.0000000 -59.5418142 -154.0562262
v 0.0000000 -59.3018100 -154.0562262
v 0.0000000 -59.3018100 -153.8162220
v 0.0000000 -59.5418142 -153.8162220
v 0.0000000 -159.0859349 295.4392525
v 0.0000000 -158.7401135 295.4392525
v 0.0000000 -158.7401135 295.7850740
v 0.0000000 -159.0859349 295.7850740
v 0.0000000 259.7921633 296.7453438
v 0.0000000 260.0321633 296.7453438
v 0.0000000 260.0321633 296.9853438
v 0.0000000 259.7921633 296.9853438
v 0.0000000 -523.4435566 160.2389933
v 0.0000000 -523.2035564 160.2389933
v 0.0000000 -523.2035564 160.4789935
v 0.0000000 -523.4435566 160.4789935
v 0.0000000 -300.9141271 -148.7329858
v 0.0000000 -300.6741226 -148.7329858
v 0.0000000 -300.6741226 -148.4929813
v 0.0000000 -300.9141271 -148.4929813
v 0.0000000 34.4083617 230.1289095
v 0.0000000 34.8097081 230.1289095
v 0.0000000 34.8097081 230.5302559
v 0.0000000 34.4083617 230.5302559
v 0.0000000 479.2073883 -163.1933984
v 0.0000000 479.4473980 -163.1933984
v 0.0000000 479.4473980 -162.9533887
v 0.0000000 479.2073883 -162.9533887
v 0.0000000 -43.2216613 358.8840563
v 0.0000000 -42.2999052 358.8840563
v 0.0000000 -42.2999052 359.8058124
v 0.0000000 -43.2216613 359.8058124
v 0.0000000 -1.8255378 -117.5647021
v 0.0000000 -0.5804355 -117.5647021
v 0.0000000 -0.5804355 -116.3195998
v 0.0000000 -1.8255378 -116.3195998
v 0.0000000 24.7838502 -112.2296696
v 0.0000000 25.0254814 -112.2296696
v 0.0000000 25.0254814 -111.9880385
v 0.0000000 24.7838502 -111.9880385
v 0.0000000 -192.8425605 -17.5110194
v 0.0000000 -192.5934663 -17.5110194
v 0.0000000 -192.5934663 -17.2619252
v 0.0000000 -192.8425605 -17.2619252
v 0.0000000 -376.8912635 -319.0404639
v 0.0000000 -376.4644924 -319.0404639
v 0.0000000 -376.4644924 -318.6136928
v 0.0000000 -376.8912635 -318.6136928
v 0.0000000 47.2453208 287.2700506
v 0.0000000 47.4869443 287.2700506
v 0.0000000 47.4869443 287.5116741
v 0.0000000 47.2453208 287.5116741
v 0.0000000 -168.1479475 -206.5279409
v 0.0000000 -167.9079474 -206.5279409
v 0.0000000 -167.9079474 -206.2879408
v 0.0000000 -168.1479475 -206.2879408
v 0.0000000 94.8813308 184.9149948
v 0.0000000 95.4590322 184.9149948
v 0.0000000 95.4590322 185.4926961
v 0.0000000 94.8813308 185.4926961
v 0.0000000 453.1692065 -39.1448310
v 0.0000000 453.4174001 -39.1448310
v 0.0000000 453.4174001 -38.8966375
v 0.0000000 453.1692065 -38.8966375
v 0.0000000 -182.8345167 306.8835196
v 0.0000000 -182.5810115 306.8835196
v 0.0000000 -182.5810115 307.1370248
v 0.0000000 -182.8345167 307.1370248
v 0.0000000 -467.4520191 255.5223366
v 0.0000000 -467.1756155 255.5223366
v 0.0000000 -467.1756155 255.7987403
v 0.0000000 -467.4520191 255.7987403
v 0.0000000 200.8801246 -323.2264346
v 0.0000000 201.1453867 -323.2264346
v 0.0000000 201.1453867 -322.9611725
v 0.0000000 200.8801246 -322.9611725
v 0.0000000 465.0795423 -291.5177255
v 0.0000000 466.1310267 -291.5177255
v 0.0000000 466.1310267 -290.4662412
v 0.0000000 465.0795423 -290.4662412
v 0.0000000 -258.3299963 -38.7752578
v 0.0000000 -258.0409484 -38.7752578
v 0.0000000 -258.0409484 -38.4862099
v 0.0000000 -258.3299963 -38.4862099
v 0.0000000 277.9574522 179.0852290
v 0.0000000 278.2803189 179.0852290
v 0.0000000 278.2803189 179.4080957
v 0.0000000 277.9574522 179.4080957
v 0.0000000 484.7501346 191.8722159
v 0.0000000 484.9901353 191.8722159
v 0.0000000 484.9901353 192.1122166
v 0.0000000 484.7501346 192.1122166
v 0.0000000 -212.1231938 233.5904339
v 0.0000000 -211.8742281 233.5904339
v 0.0000000 -211.8742281 233.8393996
v 0.0000000 -212.1231938 233.8393996
v 0.0000000 400.2854516 -326.2993013
v 0.0000000 400.5254521 -326.2993013
v 0.0000000 400.5254521 -326.0593008
v 0.0000000 400.2854516 -326.0593008
v 0.0000000 590.9020239 56.2421979
v 0.0000000 591.1448392 56.2421979
v 0.0000000 591.1448392 56.4850132
v 0.0000000 590.9020239 56.4850132
v 0.0000000 426.4467868 53.2436794
v 0.0000000 426.6939174 53.2436794
v 0.0000000 426.6939174 53.4908101
v 0.0000000 426.4467868 53.4908101
v 0.0000000 203.6049769 -204.5481440
v 0.0000000 203.8453590 -204.5481440
v 0.0000000 203.8453590 -204.3077619
v 0.0000000 203.6049769 -204.3077619
v 0.0000000 67.6871623 -212.8784899
v 0.0000000 67.9322343 -212.8784899
v 0.0000000 67.9322343 -212.6334180
v 0.0000000 67.6871623 -212.6334180
v 0.0000000 198.4508978 -140.9877923
v 0.0000000 198.6909541 -140.9877923
v 0.0000000 198.6909541 -140.7477360
v 0.0000000 198.4508978 -140.7477360
v 0.0000000 -234.4584293 -24.5150409
v 0.0000000 -232.7447142 -24.5150409
v 0.0000000 -232.7447142 -22.8013258
v 0.0000000 -234.4584293 -22.8013258
v 0.0000000 558.2388094 -236.9195468
v 0.0000000 558.4814935 -236.9195468
v 0.0000000 558.4814935 -236.6768628
v 0.0000000 558.2388094 -236.6768628
v 0.0000000 243.1321952 330.2809464
v 0.0000000 243.3722350 330.2809464
v 0.0000000 243.3722350 330.5209861
v 0.0000000 243.1321952 330.5209861
v 0.0000000 453.5365693 190.3441825
v 0.0000000 454.0194182 190.3441825
v 0.0000000 454.0194182 190.8270314
v 0.0000000 453.5365693 190.8270314
v 0.0000000 -34.1884947 298.6710262
v 0.0000000 -32.6343580 298.6710262
v 0.0000000 -32.6343580 300.2251629
v 0.0000000 -34.1884947 300.2251629
v 0.0000000 -599.4759164 -258.7475512
v 0.0000000 -599.2132995 -258.7475512
v 0.0000000 -599.2132995 -258.4849343
v 0.0000000 -599.4759164 -258.4849343
v 0.0000000 186.4464859 184.8065371
v 0.0000000 186.6968637 184.8065371
v 0.0000000 186.6968637 185.0569149
v 0.0000000 186.4464859 185.0569149
v 0.0000000 623.8699671 -258.0650173
v 0.0000000 625.0933910 -258.0650173
v 0.0000000 625.0933910 -256.8415934
v 0.0000000 623.8699671 -256.8415934
v 0.0000000 595.6441489 40.2940758
v 0.0000000 595.8841489 40.2940758
v 0.0000000 595.8841489 40.5340758
v 0.0000000 595.6441489 40.5340758
v 0.0000000 541.0263789 270.7443411
v 0.0000000 541.7375688 270.7443411
v 0.0000000 541.7375688 271.4555309
v 0.0000000 541.0263789 271.4555309
v 0.0000000 55.2890225 99.3199060
v 0.0000000 55.6234915 99.3199060
v 0.0000000 55.6234915 99.6543750
v 0.0000000 55.2890225 99.6543750
v 0.0000000 594.2723608 -34.0323199
v 0.0000000 594.6155971 -34.0323199
v 0.0000000 594.6155971 -33.6890836
v 0.0000000 594.2723608 -33.6890836
v 0.0000000 -245.9117628 -184.1383258
v 0.0000000 -245.5708931 -184.1383258
v 0.0000000 -245.5708931 -183.7974560
v 0.0000000 -245.9117628 -183.7974560
v 0.0000000 -615.3764236 16.0212520
v 0.0000000 -613.5539217 16.0212520
v 0.0000000 -613.5539217 17.8437539
v 0.0000000 -615.3764236 17.8437539
v 0.0000000 198.1457572 -243.2650714
v 0.0000000 199.9803237 -243.2650714
v 0.0000000 199.9803237 -241.4305048
v 0.0000000 198.1457572 -241.4305048
v 0.0000000 524.8443979 132.5731090
v 0.0000000 525.0845928 132.5731090
v 0.0000000 525.0845928 132.8133039
v 0.0000000 524.8443979 132.8133039
v 0.0000000 -582.2510543 -359.5741102
v 0.0000000 -581.3498589 -359.5741102
v 0.0000000 -581.3498589 -358.6729148
v 0.0000000 -582.2510543 -358.6729148
v 0.0000000 -193.9410351 -37.3616818
v 0.0000000 -193.4399463 -37.3616818
v 0.0000000 -193.4399463 -36.8605930
v 0.0000000 -193.9410351 -36.8605930
v 0.0000000 368.4378406 -132.5945489
v 0.0000000 368.7293291 -132.5945489
v 0.0000000 368.7293291 -132.3030603
v 0.0000000 368.4378406 -132.3030603
v 0.0000000 -5.3535160 57.3816540
v 0.0000000 -5.1134614 57.3816540
v 0.0000000 -5.1134614 57.6217086
v 0.0000000 -5.3535160 57.6217086
v 0.0000000 -236.0250523 -313.1790886
v 0.0000000 -235.6446386 -313.1790886
v 0.0000000 -235.6446386 -312.7986750
v 0.0000000 -236.0250523 -312.7986750
v 0.0000000 -163.6956242 345.8924167
v 0.0000000 -163.4531557 345.8924167
v 0.0000000 -163.4531557 346.1348853
v 0.0000000 -163.6956242 346.1348853
v 0.0000000 385.1667304 114.3991912
v 0.0000000 385.8707596 114.3991912
v 0.0000000 385.8707596 115.1032204
v 0.0000000 385.1667304 115.1032204
v 0.0000000 -462.5711689 27.3403838
v 0.0000000 -462.2158804 27.3403838
v 0.0000000 -462.2158804 27.6956723
v 0.0000000 -462.5711689 27.6956723
v 0.0000000 -134.1205771 -146.2860786
v 0.0000000 -133.7894197 -146.2860786
v 0.0000000 -133.7894197 -145.9549212
v 0.0000000 -134.1205771 -145.9549212
v 0.0000000 -344.8585793 -69.9727616
v 0.0000000 -344.4635406 -69.9727616
v 0.0000000 -344.4635406 -69.5777230
v 0.0000000 -344.8585793 -69.5777230
v 0.0000000 241.3797242 203.9013841
v 0.0000000 242.4184294 203.9013841
v 0.0000000 242.4184294 204.9400894
v 0.0000000 241.3797242 204.9400894
v 0.0000000 -48.1508859 172.1655195
v 0.0000000 -47.7586156 172.1655195
v 0.0000000 -47.7586156 172.5577899
v 0.0000000 -48.1508859 172.5577899
v 0.0000000 -555.1137720 51.8710756
v 0.0000000 -554.1309582 51.8710756
v 0.0000000 -554.1309582 52.8538894
v 0.0000000 -555.1137720 52.8538894
v 0.0000000 211.8516145 144.0291594
v 0.0000000 212.0916190 144.0291594
v 0.0000000 212.0916190 144.2691639
v 0.0000000 211.8516145 144.2691639
v 0.0000000 256.6364549 -310.2877842
v 0.0000000 256.8825838 -310.2877842
v 0.0000000 256.8825838 -310.0416553
v 0.0000000 256.6364549 -310.0416553
v 0.0000000 95.3228325 214.6381618
v 0.0000000 95.5628325 214.6381618
v 0.0000000 95.5628325 214.8781618
v 0.0000000 95.3228325 214.8781618
v 0.0000000 -71.4439256 -160.4580172
v 0.0000000 -70.9410091 -160.4580172
v 0.0000000 -70.9410091 -159.9551006
v 0.0000000 -71.4439256 -159.9551006
v 0.0000000 215.8343539 146.1241876
v 0.0000000 217.4160022 146.1241876
v 0.0000000 217.4160022 147.7058359
v 0.0000000 215.8343539 147.7058359
v 0.0000000 -154.2389797 358.5107731
v 0.0000000 -153.9989079 358.5107731
v 0.0000000 -153.9989079 358.7508448
v 0.0000000 -154.2389797 358.7508448
v 0.0000000 -279.1847588 2.4104336
v 0.0000000 -278.9095479 2.4104336
v 0.0000000 -278.9095479 2.6856444
v 0.0000000 -279.1847588 2.6856444
v 0.0000000 611.3395447 84.8919315
v 0.0000000 611.7444943 84.8919315
v 0.0000000 611.7444943 85.2968811
v 0.0000000 611.3395447 85.2968811
v 0.0000000 -427.0227197 -281.8635170
v 0.0000000 -426.0141455 -281.8635170
v 0.0000000 -426.0141455 -280.8549428
v 0.0000000 -427.0227197 -280.8549428
v 0.0000000 -425.6382180 -269.1851807
v 0.0000000 -425.3962661 -269.1851807
v 0.0000000 -425.3962661 -268.9432289
v 0.0000000 -425.6382180 -268.9432289
v 0.0000000 -357.2920465 -51.3985022
v 0.0000000 -356.5568097 -51.3985022
v 0.0000000 -356.5568097 -50.6632655
v 0.0000000 -357.2920465 -50.6632655
v 0.0000000 -8.7635536 337.3392700
v 0.0000000 -8.1549551 337.3392700
v 0.0000000 -8.1549551 337.9478685
v 0.0000000 -8.7635536 337.9478685
v 0.0000000 270.9068234 -340.7774637
v 0.0000000 271.5183747 -340.7774637
v 0.0000000 271.5183747 -340.1659124
v 0.0000000 270.9068234 -340.1659124
v 0.0000000 -413.2763781 -242.3253615
v 0.0000000 -413.0358536 -242.3253615
v 0.0000000 -413.0358536 -242.0848370
v 0.0000000 -413.2763781 -242.0848370
v 0.0000000 -140.7572585 73.6157207
v 0.0000000 -140.5147133 73.6157207
v 0.0000000 -140.5147133 73.8582659
v 0.0000000 -140.7572585 73.8582659
v 0.0000000 -132.3813266 -299.7924697
v 0.0000000 -132.1413266 -299.7924697
v 0.0000000 -132.1413266 -299.5524697
v 0.0000000 -132.3813266 -299.5524697
v 0.0000000 -75.9374593 105.4314568
v 0.0000000 -75.5599460 105.4314568
v 0.0000000 -75.5599460 105.8089701
v 0.0000000 -75.9374593 105.8089701
v 0.0000000 428.1415729 -350.7627367
v 0.0000000 429.6553995 -350.7627367
v 0.0000000 429.6553995 -349.2489101
v 0.0000000 428.1415729 -349.2489101
v 0.0000000 -143.6679632 120.9475062
v 0.0000000 -142.2670402 120.9475062
v 0.0000000 -142.2670402 122.3484292
v 0.0000000 -143.6679632 122.3484292
v 0.0000000 584.5742181 256.0959548
v 0.0000000 585.4370206 256.0959548
v 0.0000000 585.4370206 256.9587574
v 0.0000000 584.5742181 256.9587574
v 0.0000000 169.2857699 -313.0168361
v 0.0000000 169.5275136 -313.0168361
v 0.0000000 169.5275136 -312.7750924
v 0.0000000 169.2857699 -312.7750924
v 0.0000000 -539.2788544 80.9435712
v 0.0000000 -539.0383614 80.9435712
v 0.0000000 -539.0383614 81.1840642
v 0.0000000 -539.2788544 81.1840642
v 0.0000000 -272.9591159 251.4570458
v 0.0000000 -272.6694009 251.4570458
v 0.0000000 -272.6694009 251.7467608
v 0.0000000 -272.9591159 251.7467608
v 0.0000000 -32.2876203 -225.4151640
v 0.0000000 -32.0475383 -225.4151640
v 0.0000000 -32.0475383 -225.1750820
v 0.0000000 -32.2876203 -225.1750820
v 0.0000000 288.8960643 -193.1751424
v 0.0000000 289.3639558 -193.1751424
v 0.0000000 289.3639558 -192.7072509
v 0.0000000 288.8960643 -192.7072509
v 0.0000000 -15.5334157 105.4827482
v 0.0000000 -15.2929621 105.4827482
v 0.0000000 -15.2929621 105.7232018
v 0.0000000 -15.5334157 105.7232018
v 0.0000000 67.8207453 23.3275810
v 0.0000000 69.0219578 23.3275810
v 0.0000000 69.0219578 24.5287935
v 0.0000000 67.8207453 24.5287935
v 0.0000000 210.3762933 -13.9671274
v 0.0000000 210.6162956 -13.9671274
v 0.0000000 210.6162956 -13.7271252
v 0.0000000 210.3762933 -13.7271252
v 0.0000000 389.4909144 -309.9833249
v 0.0000000 389.8735916 -309.9833249
v 0.0000000 389.8735916 -309.6006477
v 0.0000000 389.4909144 -309.6006477
v 0.0000000 -400.8506163 307.2211068
v 0.0000000 -400.3370131 307.2211068
v 0.0000000 -400.3370131 307.7347099
v 0.0000000 -400.8506163 307.7347099
v 0.0000000 -82.8225027 -115.3362752
v 0.0000000 -82.5779614 -115.3362752
v 0.0000000 -82.5779614 -115.0917338
v 0.0000000 -82.8225027 -115.0917338
v 0.0000000 393.6044556 -60.8246120
v 0.0000000 393.8798249 -60.8246120
v 0.0000000 393.8798249 -60.5492428
v 0.0000000 393.6044556 -60.5492428
v 0.0000000 174.9813450 -260.5415925
v 0.0000000 175.2213971 -260.5415925
v 0.0000000 175.2213971 -260.3015404
v 0.0000000 174.9813450 -260.3015404
v 0.0000000 62.4389315 245.7623800
v 0.0000000 62.7285837 245.7623800
v 0.0000000 62.7285837 246.0520322
v 0.0000000 62.4389315 246.0520322
v 0.0000000 135.0781241 65.3210719
v 0.0000000 135.3182382 65.3210719
v 0.0000000 135.3182382 65.5611860
v 0.0000000 135.0781241 65.5611860
v 0.0000000 395.7784562 184.1009572
v 0.0000000 396.2651116 184.1009572
v 0.0000000 396.2651116 184.5876126
v 0.0000000 395.7784562 184.5876126
v 0.0000000 171.7679270 -44.1456484
v 0.0000000 172.1707429 -44.1456484
v 0.0000000 172.1707429 -43.7428325
v 0.0000000 171.7679270 -43.7428325
v 0.0000000 -241.2514352 -229.6491583
v 0.0000000 -240.3530562 -229.6491583
v 0.0000000 -240.3530562 -228.7507793
v 0.0000000 -241.2514352 -228.7507793
v 0.0000000 249.1433342 288.1049949
v 0.0000000 250.2857534 288.1049949
v 0.0000000 250.2857534 289.2474141
v 0.0000000 249.1433342 289.2474141
v 0.0000000 -223.5086810 173.9612241
v 0.0000000 -223.2686734 173.9612241
v 0.0000000 -223.2686734 174.2012317
v 0.0000000 -223.5086810 174.2012317
v 0.0000000 515.1249852 183.8082494
v 0.0000000 515.3759500 183.8082494
v 0.0000000 515.3759500 184.0592142
v 0.0000000 515.1249852 184.0592142
v 0.0000000 489.8264647 307.7328458
v 0.0000000 490.3541578 307.7328458
v 0.0000000 490.3541578 308.2605389
v 0.0000000 489.8264647 308.2605389
v 0.0000000 97.2867683 -195.4462161
v 0.0000000 97.5268057 -195.4462161
v 0.0000000 97.5268057 -195.2061787
v 0.0000000 97.2867683 -195.2061787
v 0.0000000 -550.2913020 72.1480564
v 0.0000000 -549.9547423 72.1480564
v 0.0000000 -549.9547423 72.4846162
v 0.0000000 -550.2913020 72.4846162
v 0.0000000 -256.3972591 -68.0059451
v 0.0000000 -256.1572340 -68.0059451
v 0.0000000 -256.1572340 -67.7659199
v 0.0000000 -256.3972591 -67.7659199
v 0.0000000 489.4286921 29.8186738
v 0.0000000 490.3176308 29.8186738
v 0.0000000 490.3176308 30.7076125
v 0.0000000 489.4286921 30.7076125
v 0.0000000 -382.3778739 73.3094573
v 0.0000000 -382.1157501 73.3094573
v 0.0000000 -382.1157501 73.5715811
v 0.0000000 -382.3778739 73.5715811
v 0.0000000 544.3542022 -222.8651429
v 0.0000000 544.9896146 -222.8651429
v 0.0000000 544.9896146 -222.2297304
v 0.0000000 544.3542022 -222.2297304
v 0.0000000 546.7096755 -137.8719208
v 0.0000000 547.6556564 -137.8719208
v 0.0000000 547.6556564 -136.9259400
v 0.0000000 546.7096755 -136.9259400
v 0.0000000 -567.8413161 298.3632482
v 0.0000000 -567.0479834 298.3632482
v 0.0000000 -567.0479834 299.1565809
v 0.0000000 -567.8413161 299.1565809
v 0.0000000 29.9261913 -225.4140673
v 0.0000000 30.1662657 -225.4140673
v 0.0000000 30.1662657 -225.1739929
v 0.0000000 29.9261913 -225.1739929
v 0.0000000 -63.0669799 227.1034881
v 0.0000000 -62.6352223 227.1034881
v 0.0000000 -62.6352223 227.5352457
v 0.0000000 -63.0669799 227.5352457
v 0.0000000 -603.3576246 198.3406460
v 0.0000000 -603.1074874 198.3406460
v 0.0000000 -603.1074874 198.5907832
v 0.0000000 -603.3576246 198.5907832
v 0.0000000 449.7316647 -158.3167685
v 0.0000000 449.9727209 -158.3167685
v 0.0000000 449.9727209 -158.0757124
v 0.0000000 449.7316647 -158.0757124
v 0.0000000 -90.6643904 339.3357149
v 0.0000000 -90.4235146 339.3357149
v 0.0000000 -90.4235146 339.5765907
v 0.0000000 -90.6643904 339.5765907
v 0.0000000 515.5193335 32.9413410
v 0.0000000 516.1321420 32.9413410
v 0.0000000 516.1321420 33.5541495
v 0.0000000 515.5193335 33.5541495
v 0.0000000 307.3146368 269.6624656
v 0.0000000 307.6681566 269.6624656
v 0.0000000 307.6681566 270.0159854
v 0.0000000 307.3146368 270.0159854
v 0.0000000 -420.2805266 -216.4579845
v 0.0000000 -419.9694050 -216.4579845
v 0.0000000 -419.9694050 -216.1468629
v 0.0000000 -420.2805266 -216.1468629
v 0.0000000 204.6631463 -236.1160728
v 0.0000000 204.9640544 -236.1160728
v 0.0000000 204.9640544 -235.8151646
v 0.0000000 204.6631463 -235.8151646
v 0.0000000 196.7432356 -9.4101409
v 0.0000000 196.9856872 -9.4101409
v 0.0000000 196.9856872 -9.1676893
v 0.0000000 196.7432356 -9.1676893
v 0.0000000 326.7598786 217.3767766
v 0.0000000 327.0089637 217.3767766
v 0.0000000 327.0089637 217.6258617
v 0.0000000 326.7598786 217.6258617
v 0.0000000 575.2146092 -347.7444736
v 0.0000000 575.9734353 -347.7444736
v 0.0000000 575.9734353 -346.9856475
v 0.0000000 575.2146092 -346.9856475
v 0.0000000 -26.0553858 90.9578276
v 0.0000000 -25.7018259 90.9578276
v 0.0000000 -25.7018259 91.3113876
v 0.0000000 -26.0553858 91.3113876
v 0.0000000 -344.5001212 -275.0004702
v 0.0000000 -343.7126053 -275.0004702
v 0.0000000 -343.7126053 -274.2129542
v 0.0000000 -344.5001212 -274.2129542
v 0.0000000 -168.5006814 110.6541319
v 0.0000000 -168.2605920 110.6541319
v 0.0000000 -168.2605920 110.8942214
v 0.0000000 -168.5006814 110.8942214
v 0.0000000 499.0856479 229.9921492
v 0.0000000 500.8557012 229.9921492
v 0.0000000 500.8557012 231.7622025
v 0.0000000 499.0856479 231.7622025
v 0.0000000 -503.8209972 -96.9758616
v 0.0000000 -503.4222616 -96.9758616
v 0.0000000 -503.4222616 -96.5771260
v 0.0000000 -503.8209972 -96.5771260
v 0.0000000 543.0728543 -358.6606689
v 0.0000000 543.3237048 -358.6606689
v 0.0000000 543.3237048 -358.4098184
v 0.0000000 543.0728543 -358.4098184
v 0.0000000 328.6124369 189.8839082
v 0.0000000 329.1223635 189.8839082
v 0.0000000 329.1223635 190.3938348
v 0.0000000 328.6124369 190.3938348
v 0.0000000 -508.0532361 71.0107112
v 0.0000000 -507.7301101 71.0107112
v 0.0000000 -507.7301101 71.3338373
v 0.0000000 -508.0532361 71.3338373
v 0.0000000 412.7982836 -139.3325183
v 0.0000000 413.2638948 -139.3325183
v 0.0000000 413.2638948 -138.8669070
v 0.0000000 412.7982836 -138.8669070
v 0.0000000 419.9391946 -28.3379799
v 0.0000000 421.1800396 -28.3379799
v 0.0000000 421.1800396 -27.0971348
v 0.0000000 419.9391946 -27.0971348
v 0.0000000 -103.8087005 345.2986873
v 0.0000000 -103.5515706 345.2986873
v 0.0000000 -103.5515706 345.5558172
v 0.0000000 -103.8087005 345.5558172
v 0.0000000 152.9225158 59.8099686
v 0.0000000 153.1625202 59.8099686
v 0.0000000 153.1625202 60.0499731
v 0.0000000 152.9225158 60.0499731
v 0.0000000 152.7752881 71.8883424
v 0.0000000 153.1467579 71.8883424
v 0.0000000 153.1467579 72.2598122
v 0.0000000 152.7752881 72.2598122
v 0.0000000 -115.8935065 342.9780287
v 0.0000000 -115.5383133 342.9780287
v 0.0000000 -115.5383133 343.3332220
v 0.0000000 -115.8935065 343.3332220
v 0.0000000 -410.0848386 -320.8324034
v 0.0000000 -409.8336313 -320.8324034
v 0.0000000 -409.8336313 -320.5811961
v 0.0000000 -410.0848386 -320.5811961
v 0.0000000 -175.3088178 -31.2515808
v 0.0000000 -174.9083735 -31.2515808
v 0.0000000 -174.9083735 -30.8511364
v 0.0000000 -175.3088178 -30.8511364
v 0.0000000 -78.1094211 -220.5734255
v 0.0000000 -77.8545856 -220.5734255
v 0.0000000 -77.8545856 -220.3185899
v 0.0000000 -78.1094211 -220.3185899
v 0.0000000 297.2227665 -117.0044296
v 0.0000000 297.9907123 -117.0044296
v 0.0000000 297.9907123 -116.2364838
v 0.0000000 297.2227665 -116.2364838
v 0.0000000 -288.9761171 187.1407394
v 0.0000000 -287.9787762 187.1407394
v 0.0000000 -287.9787762 188.1380804
v 0.0000000 -288.9761171 188.1380804
v 0.0000000 61.1359106 172.7364395
v 0.0000000 61.3759106 172.7364395
v 0.0000000 61.3759106 172.9764395
v 0.0000000 61.1359106 172.9764395
v 0.0000000 216.1317714 -302.8289617
v 0.0000000 216.6619849 -302.8289617
v 0.0000000 216.6619849 -302.2987482
v 0.0000000 216.1317714 -302.2987482
v 0.0000000 476.7807137 16.6118012
v 0.0000000 477.0207708 16.6118012
v 0.0000000 477.0207708 16.8518583
v 0.0000000 476.7807137 16.8518583
v 0.0000000 533.4842770 -256.5142553
v 0.0000000 533.7589900 -256.5142553
v 0.0000000 533.7589900 -256.2395422
v 0.0000000 533.4842770 -256.2395422
v 0.0000000 -403.3154137 -288.7072998
v 0.0000000 -403.0566602 -288.7072998
v 0.0000000 -403.0566602 -288.4485463
v 0.0000000 -403.3154137 -288.4485463
v 0.0000000 -381.9427557 30.1914933
v 0.0000000 -380.3278689 30.1914933
v 0.0000000 -380.3278689 31.8063801
v 0.0000000 -381.9427557 31.8063801
vt 0.0000000 1.0000000
vt 1.0000000 1.0000000
vt 1.0000000 0.0000000
vt 0.0000000 0.0000000
vt 0.0000000 1.0000000
vt 1.0000000 1.0000000
vt 1.0000000 0.0000000
vt 0.0000000 0.0000000
vt 0.0000000 1.0000000
vt 1.0000000 1.0000000
vt 1.0000000 0.0000000
vt 0.0000000 0.0000000
vt 0.0000000 1.0000000
vt 1.0000000 1.0000000
vt 1.0000000 0.0000000
vt 0.0000000 0.0000000
vt 0.0000000 1.0000000
vt 1.0000000 1.0000000
vt 1.0000000 0.0000000
vt 0.0000000 0.0000000
vt 0.0000000 1.0000000
vt 1.0000000 1.0000000
vt 1.0000000 0.0000000
vt 0.0000000 0.0000000
vt 0.0000000 1.0000000
vt 1.0000000 1.0000000
vt 1.0000000 0.0000000
vt 0.0000000 0.0000000
vt 0.0000000 1.0000000
vt 1.0000000 1.0000000
vt 1.0000000 0.0000000
vt 0.0000000 0.0000000
vt 0.0000000 1.0000000
vt 1.0000000 1.0000000
vt 1.0000000 0.0000000
vt 0.0000000 0.0000000
vt 0.0000000 1.0000000
vt 1.0000000 1.0000000
vt 1.0000000 0.0000000
vt 0.0000000 0.0000000
vt 0.0000000 1.0000000
vt 1.0000000 1.0000000
vt 1.0000000 0.0000000
vt 0.0000000 0.0000000
vt 0.0000000 1.0000000
vt 1.0000000 1.0000000
vt 1.0000000 0.0000000
vt 0.0000000 0.0000000
vt 0.0000000 1.0000000
vt 1.0000000 1.0000000
vt 1.0000000 0.0000000
vt 0.0000000 0.0000000
vt 0.0000000 1.0000000
vt 1.0000000 1.0000000
vt 1.0000000 0.0000000
vt 0.0000000 0.0000000
vt 0.0000000 1.0000000
vt 1.0000000 1.0000000
vt 1.0000000 0.0000000
vt 0.0000000 0.0000000
vt 0.0000000 1.0000000
vt 1.0000000 1.0000000
vt 1.0000000 0.0000000
vt 0.0000000 0.0000000
vt 0.0000000 1.0000000
vt 1.0000000 1.0000000
vt 1.0000000 0.0000000
vt 0.0000000 0.0000000
vt 0.0000000 1.0000000
vt 1.0000000 1.0000000
vt 1.0000000 0.0000000
vt 0.0000000 0.0000000
vt 0.0000000 1.0000000
vt 1.0000000 1.0000000
vt 1.0000000 0.0000000
vt 0.0000000 0.0000000
vt 0.0000000 1.0000000
vt 1.0000000 1.0000000
vt 1.0000000 0.0000000
vt 0.0000000 0.0000000
vt 0.0000000 1.0000000
vt 1.0000000 1.0000000
vt 1.0000000 0.0000000
vt 0.0000000 0.0000000
vt 0.0000000 1.0000000
vt 1.0000000 1.0000000
vt 1.0000000 0.0000000
vt 0.0000000 0.0000000
vt 0.0000000 1.0000000
vt 1.0000000 1.0000000
vt 1.0000000 0.0000000
vt 0.0000000 0.0000000
vt 0.0000000 1.0000000
vt 1.0000000 1.0000000
vt 1.0000000 0.0000000
vt 0.0000000 0.0000000
vt 0.0000000 1.0000000
vt 1.0000000 1.0000000
vt 1.0000000 0.0000000
vt 0.0000000 0.0000000
vt 0.0000000 1.0000000
vt 1.0000000 1.0000000
vt 1.0000000 0.0000000
vt 0.0000000 0.0000000
vt 0.0000000 1.0000000
vt 1.0000000 1.0000000
vt 1.0000000 0.0000000
vt 0.0000000 0.0000000
vt 0.0000000 1.0000000
vt 1.0000000 1.0000000
vt 1.0000000 0.0000000
vt 0.0000000 0.0000000
vt 0.0000000 1.0000000
vt 1.0000000 1.0000000
vt 1.0000000 0.0000000
vt 0.0000000 0.0000000
vt 0.0000000 1.0000000
vt 1.0000000 1.0000000
vt 1.0000000 0.0000000
vt 0.0000000 0.0000000
vt 0.0000000 1.0000000
vt 1.0000000 1.0000000
vt 1.0000000 0.0000000
vt 0.0000000 0.0000000
vt 0.0000000 1.0000000
vt 1.0000000 1.0000000
vt 1.0000000 0.0000000
vt 0.0000000 0.0000000
vt 0.0000000 1.0000000
vt 1.0000000 1.0000000
vt 1.0000000 0.0000000
vt 0.0000000 0.0000000
vt 0.0000000 1.0000000
vt 1.0000000 1.0000000
vt 1.0000000 0.0000000
vt 0.0000000 0.0000000
vt 0.0000000 1.0000000
vt 1.0000000 1.0000000
vt 1.0000000 0.0000000
vt 0.0000000 0.0000000
vt 0.0000000 1.0000000
vt 1.0000000 1.0000000
vt 1.0000000 0.0000000
vt 0.0000000 0.0000000
vt 0.0000000 1.0000000
vt 1.0000000 1.0000000
vt 1.0000000 0.0000000
vt 0.0000000 0.0000000
vt 0.0000000 1.0000000
vt 1.0000000 1.0000000
vt 1.0000000 0.0000000
vt 0.0000000 0.0000000
vt 0.0000000 1.0000000
vt 1.0000000 1.0000000
vt 1.0000000 0.0000000
vt 0.0000000 0.0000000
vt 0.0000000 1.0000000
vt 1.0000000 1.0000000
vt 1.0000000 0.0000000
vt 0.0000000 0.0000000
vt 0.0000000 1.0000000
vt 1.0000000 1.0000000
vt 1.0000000 0.0000000
vt 0.0000000 0.0000000
vt 0.0000000 1.0000000
vt 1.0000000 1.0000000
vt 1.0000000 0.0000000
vt 0.0000000 0.0000000
vt 0.0000000 1.0000000
vt 1.0000000 1.0000000
vt 1.0000000 0.0000000
vt 0.0000000 0.0000000
vt 0.0000000 1.0000000
vt 1.0000000 1.0000000
vt 1.0000000 0.0000000
vt 0.0000000 0.0000000
vt 0.0000000 1.0000000
vt 1.0000000 1.0000000
vt 1.0000000 0.0000000
vt 0.0000000 0.0000000
vt 0.0000000 1.0000000
vt 1.0000000 1.0000000
vt 1.0000000 0.0000000
vt 0.0000000 0.0000000
vt 0.0000000 1.0000000
vt 1.0000000 1.0000000
vt 1.0000000 0.0000000
vt 0.0000000 0.0000000
vt 0.0000000 1.0000000
vt 1.0000000 1.0000000
vt 1.0000000 0.0000000
vt 0.0000000 0.0000000
vt 0.0000000 1.0000000
vt 1.0000000 1.0000000
vt 1.0000000 0.0000000
vt 0.0000000 0.0000000
vt 0.0000000 1.0000000
vt 1.0000000 1.0000000
vt 1.0000000 0.0000000
vt 0.0000000 0.0000000
vt 0.0000000 1.0000000
vt 1.0000000 1.0000000
vt 1.0000000 0.0000000
vt 0.0000000 0.0000000
vt 0.0000000 1.0000000
vt 1.0000000 1.0000000
vt 1.0000000 0.0000000
vt 0.0000000 0.0000000
vt 0.0000000 1.0000000
vt 1.0000000 1.0000000
vt 1.0000000 0.0000000
vt 0.0000000 0.0000000
vt 0.0000000 1.0000000
vt 1.0000000 1.0000000
vt 1.0000000 0.0000000
vt 0.0000000 0.0000000
vt 0.0000000 1.0000000
vt 1.0000000 1.0000000
vt 1.0000000 0.0000000
vt 0.0000000 0.0000000
vt 0.0000000 1.0000000
vt 1.0000000 1.0000000
vt 1.0000000 0.0000000
vt 0.0000000 0.0000000
vt 0.0000000 1.0000000
vt 1.0000000 1.0000000
vt 1.0000000 0.0000000
vt 0.0000000 0.0000000
vt 0.0000000 1.0000000
vt 1.0000000 1.0000000
vt 1.0000000 0.0000000
vt 0.0000000 0.0000000
vt 0.0000000 1.0000000
vt 1.0000000 1.0000000
vt 1.0000000 0.0000000
vt 0.0000000 0.0000000
vt 0.0000000 1.0000000
vt 1.0000000 1.0000000
vt 1.0000000 0.0000000
vt 0.0000000 0.0000000
vt 0.0000000 1.0000000
vt 1.0000000 1.0000000
vt 1.0000000 0.0000000
vt 0.0000000 0.0000000
vt 0.0000000 1.0000000
vt 1.0000000 1.0000000
vt 1.0000000 0.0000000
vt 0.0000000 0.0000000
vt 0.0000000 1.0000000
vt 1.0000000 1.0000000
vt 1.0000000 0.0000000
vt 0.0000000 0.0000000
vt 0.0000000 1.0000000
vt 1.0000000 1.0000000
vt 1.0000000 0.0000000
vt 0.0000000 0.0000000
vt 0.0000000 1.0000000
vt 1.0000000 1.0000000
vt 1.0000000 0.0000000
vt 0.0000000 0.0000000
vt 0.0000000 1.0000000
vt 1.0000000 1.0000000
vt 1.0000000 0.0000000
vt 0.0000000 0.0000000
vt 0.0000000 1.0000000
vt 1.0000000 1.0000000
vt 1.0000000 0.0000000
vt 0.0000000 0.0000000
vt 0.0000000 1.0000000
vt 1.0000000 1.0000000
vt 1.0000000 0.0000000
vt 0.0000000 0.0000000
vt 0.0000000 1.0000000
vt 1.0000000 1.0000000
vt 1.0000000 0.0000000
vt 0.0000000 0.0000000
vt 0.0000000 1.0000000
vt 1.0000000 1.0000000
vt 1.0000000 0.0000000
vt 0.0000000 0.0000000
vt 0.0000000 1.0000000
vt 1.0000000 1.0000000
vt 1.0000000 0.0000000
vt 0.0000000 0.0000000
vt 0.0000000 1.0000000
vt 1.0000000 1.0000000
vt 1.0000000 0.0000000
vt 0.0000000 0.0000000
vt 0.0000000 1.0000000
vt 1.0000000 1.0000000
vt 1.0000000 0.0000000
vt 0.0000000 0.0000000
vt 0.0000000 1.0000000
vt 1.0000000 1.0000000
vt 1.0000000 0.0000000
vt 0.0000000 0.0000000
vt 0.0000000 1.0000000
vt 1.0000000 1.0000000
vt 1.0000000 0.0000000
vt 0.0000000 0.0000000
vt 0.0000000 1.0000000
vt 1.0000000 1.0000000
vt 1.0000000 0.0000000
vt 0.0000000 0.0000000
vt 0.0000000 1.0000000
vt 1.0000000 1.0000000
vt 1.0000000 0.0000000
vt 0.0000000 0.0000000
vt 0.0000000 1.0000000
vt 1.0000000 1.0000000
vt 1.0000000 0.0000000
vt 0.0000000 0.0000000
vt 0.0000000 1.0000000
vt 1.0000000 1.0000000
vt 1.0000000 0.0000000
vt 0.0000000 0.0000000
vt 0.0000000 1.0000000
vt 1.0000000 1.0000000
vt 1.0000000 0.0000000
vt 0.0000000 0.0000000
vt 0.0000000 1.0000000
vt 1.0000000 1.0000000
vt 1.0000000 0.0000000
vt 0.0000000 0.0000000
vt 0.0000000 1.0000000
vt 1.0000000 1.0000000
vt 1.0000000 0.0000000
vt 0.0000000 0.0000000
vt 0.0000000 1.0000000
vt 1.0000000 1.0000000
vt 1.0000000 0.0000000
vt 0.0000000 0.0000000
vt 0.0000000 1.0000000
vt 1.0000000 1.0000000
vt 1.0000000 0.0000000
vt 0.0000000 0.0000000
vt 0.0000000 1.0000000
vt 1.0000000 1.0000000
vt 1.0000000 0.0000000
vt 0.0000000 0.0000000
vt 0.0000000 1.0000000
vt 1.0000000 1.0000000
vt 1.0000000 0.0000000
vt 0.0000000 0.0000000
vt 0.0000000 1.0000000
vt 1.0000000 1.0000000
vt 1.0000000 0.0000000
vt 0.0000000 0.0000000
vt 0.0000000 1.0000000
vt 1.0000000 1.0000000
vt 1.0000000 0.0000000
vt 0.0000000 0.0000000
vt 0.0000000 1.0000000
vt 1.0000000 1.0000000
vt 1.0000000 0.0000000
vt 0.0000000 0.0000000
vt 0.0000000 1.0000000
vt 1.0000000 1.0000000
vt 1.0000000 0.0000000
vt 0.0000000 0.0000000
vt 0.0000000 1.0000000
vt 1.0000000 1.0000000
vt 1.0000000 0.0000000
vt 0.0000000 0.0000000
vt 0.0000000 1.0000000
vt 1.0000000 1.0000000
vt 1.0000000 0.0000000
vt 0.0000000 0.0000000
vt 0.0000000 1.0000000
vt 1.0000000 1.0000000
vt 1.0000000 0.0000000
vt 0.0000000 0.0000000
vt 0.0000000 1.0000000
vt 1.0000000 1.0000000
vt 1.0000000 0.0000000
vt 0.0000000 0.0000000
vt 0.0000000 1.0000000
vt 1.0000000 1.0000000
vt 1.0000000 0.0000000
vt 0.0000000 0.0000000
vt 0.0000000 1.0000000
vt 1.0000000 1.0000000
vt 1.0000000 0.0000000
vt 0.0000000 0.0000000
vt 0.0000000 1.0000000
vt 1.0000000 1.0000000
vt 1.0000000 0.0000000
vt 0.0000000 0.0000000
vt 0.0000000 1.0000000
vt 1.0000000 1.0000000
vt 1.0000000 0.0000000
vt 0.0000000 0.0000000
vt 0.0000000 1.0000000
vt 1.0000000 1.0000000
vt 1.0000000 0.0000000
vt 0.0000000 0.0000000
vt 0.0000000 1.0000000
vt 1.0000000 1.0000000
vt 1.0000000 0.0000000
vt 0.0000000 0.0000000
vt 0.0000000 1.0000000
vt 1.0000000 1.0000000
vt 1.0000000 0.0000000
vt 0.0000000 0.0000000
vt 0.0000000 1.0000000
vt 1.0000000 1.0000000
vt 1.0000000 0.0000000
vt 0.0000000 0.0000000
vt 0.0000000 1.0000000
vt 1.0000000 1.0000000
vt 1.0000000 0.0000000
vt 0.0000000 0.0000000
vt 0.0000000 1.0000000
vt 1.0000000 1.0000000
vt 1.0000000 0.0000000
vt 0.0000000 0.0000000
vt 0.0000000 1.0000000
vt 1.0000000 1.0000000
vt 1.0000000 0.0000000
vt 0.0000000 0.0000000
vt 0.0000000 1.0000000
vt 1.0000000 1.0000000
vt 1.0000000 0.0000000
vt 0.0000000 0.0000000
vt 0.0000000 1.0000000
vt 1.0000000 1.0000000
vt 1.0000000 0.0000000
vt 0.0000000 0.0000000
vt 0.0000000 1.0000000
vt 1.0000000 1.0000000
vt 1.0000000 0.0000000
vt 0.0000000 0.0000000
vt 0.0000000 1.0000000
vt 1.0000000 1.0000000
vt 1.0000000 0.0000000
vt 0.0000000 0.0000000
vt 0.0000000 1.0000000
vt 1.0000000 1.0000000
vt 1.0000000 0.0000000
vt 0.0000000 0.0000000
vt 0.0000000 1.0000000
vt 1.0000000 1.0000000
vt 1.0000000 0.0000000
vt 0.0000000 0.0000000
vt 0.0000000 1.0000000
vt 1.0000000 1.0000000
vt 1.0000000 0.0000000
vt 0.0000000 0.0000000
vt 0.0000000 1.0000000
vt 1.0000000 1.0000000
vt 1.0000000 0.0000000
vt 0.0000000 0.0000000
vt 0.0000000 1.0000000
vt 1.0000000 1.0000000
vt 1.0000000 0.0000000
vt 0.0000000 0.0000000
vt 0.0000000 1.0000000
vt 1.0000000 1.0000000
vt 1.0000000 0.0000000
vt 0.0000000 0.0000000
vt 0.0000000 1.0000000
vt 1.0000000 1.0000000
vt 1.0000000 0.0000000
vt 0.0000000 0.0000000
vt 0.0000000 1.0000000
vt 1.0000000 1.0000000
vt 1.0000000 0.0000000
vt 0.0000000 0.0000000
vt 0.0000000 1.0000000
vt 1.0000000 1.0000000
vt 1.0000000 0.0000000
vt 0.0000000 0.0000000
vt 0.0000000 1.0000000
vt 1.0000000 1.0000000
vt 1.0000000 0.0000000
vt 0.0000000 0.0000000
vt 0.0000000 1.0000000
vt 1.0000000 1.0000000
vt 1.0000000 0.0000000
vt 0.0000000 0.0000000
vt 0.0000000 1.0000000
vt 1.0000000 1.0000000
vt 1.0000000 0.0000000
vt 0.0000000 0.0000000
vt 0.0000000 1.0000000
vt 1.0000000 1.0000000
vt 1.0000000 0.0000000
vt 0.0000000 0.0000000
vt 0.0000000 1.0000000
vt 1.0000000 1.0000000
vt 1.0000000 0.0000000
vt 0.0000000 0.0000000
vt 0.0000000 1.0000000
vt 1.0000000 1.0000000
vt 1.0000000 0.0000000
vt 0.0000000 0.0000000
vt 0.0000000 1.0000000
vt 1.0000000 1.0000000
vt 1.0000000 0.0000000
vt 0.0000000 0.0000000
vt 0.0000000 1.0000000
vt 1.0000000 1.0000000
vt 1.0000000 0.0000000
vt 0.0000000 0.0000000
vt 0.0000000 1.0000000
vt 1.0000000 1.0000000
vt 1.0000000 0.0000000
vt 0.0000000 0.0000000
vt 0.0000000 1.0000000
vt 1.0000000 1.0000000
vt 1.0000000 0.0000000
vt 0.0000000 0.0000000
vt 0.0000000 1.0000000
vt 1.0000000 1.0000000
vt 1.0000000 0.0000000
vt 0.0000000 0.0000000
vt 0.0000000 1.0000000
vt 1.0000000 1.0000000
vt 1.0000000 0.0000000
vt 0.0000000 0.0000000
vt 0.0000000 1.0000000
vt 1.0000000 1.0000000
vt 1.0000000 0.0000000
vt 0.0000000 0.0000000
vt 0.0000000 1.0000000
vt 1.0000000 1.0000000
vt 1.0000000 0.0000000
vt 0.0000000 0.0000000
vt 0.0000000 1.0000000
vt 1.0000000 1.0000000
vt 1.0000000 0.0000000
vt 0.0000000 0.0000000
vt 0.0000000 1.0000000
vt 1.0000000 1.0000000
vt 1.0000000 0.0000000
vt 0.0000000 0.0000000
vt 0.0000000 1.0000000
vt 1.0000000 1.0000000
vt 1.0000000 0.0000000
vt 0.0000000 0.0000000
vt 0.0000000 1.0000000
vt 1.0000000 1.0000000
vt 1.0000000 0.0000000
vt 0.0000000 0.0000000
vt 0.0000000 1.0000000
vt 1.0000000 1.0000000
vt 1.0000000 0.0000000
vt 0.0000000 0.0000000
vt 0.0000000 1.0000000
vt 1.0000000 1.0000000
vt 1.0000000 0.0000000
vt 0.0000000 0.0000000
vt 0.0000000 1.0000000
vt 1.0000000 1.0000000
vt 1.0000000 0.0000000
vt 0.0000000 0.0000000
vt 0.0000000 1.0000000
vt 1.0000000 1.0000000
vt 1.0000000 0.0000000
vt 0.0000000 0.0000000
vt 0.0000000 1.0000000
vt 1.0000000 1.0000000
vt 1.0000000 0.0000000
vt 0.0000000 0.0000000
vt 0.0000000 1.0000000
vt 1.0000000 1.0000000
vt 1.0000000 0.0000000
vt 0.0000000 0.0000000
vt 0.0000000 1.0000000
vt 1.0000000 1.0000000
vt 1.0000000 0.0000000
vt 0.0000000 0.0000000
vt 0.0000000 1.0000000
vt 1.0000000 1.0000000
vt 1.0000000 0.0000000
vt 0.0000000 0.0000000
vt 0.0000000 1.0000000
vt 1.0000000 1.0000000
vt 1.0000000 0.0000000
vt 0.0000000 0.0000000
vt 0.0000000 1.0000000
vt 1.0000000 1.0000000
vt 1.0000000 0.0000000
vt 0.0000000 0.0000000
vt 0.0000000 1.0000000
vt 1.0000000 1.0000000
vt 1.0000000 0.0000000
vt 0.0000000 0.0000000
vt 0.0000000 1.0000000
vt 1.0000000 1.0000000
vt 1.0000000 0.0000000
vt 0.0000000 0.0000000
vt 0.0000000 1.0000000
vt 1.0000000 1.0000000
vt 1.0000000 0.0000000
vt 0.0000000 0.0000000
vt 0.0000000 1.0000000
vt 1.0000000 1.0000000
vt 1.0000000 0.0000000
vt 0.0000000 0.0000000
vt 0.0000000 1.0000000
vt 1.0000000 1.0000000
vt 1.0000000 0.0000000
vt 0.0000000 0.0000000
vt 0.0000000 1.0000000
vt 1.0000000 1.0000000
vt 1.0000000 0.0000000
vt 0.0000000 0.0000000
vt 0.0000000 1.0000000
vt 1.0000000 1.0000000
vt 1.0000000 0.0000000
vt 0.0000000 0.0000000
vt 0.0000000 1.0000000
vt 1.0000000 1.0000000
vt 1.0000000 0.0000000
vt 0.0000000 0.0000000
vt 0.0000000 1.0000000
vt 1.0000000 1.0000000
vt 1.0000000 0.0000000
vt 0.0000000 0.0000000
vt 0.0000000 1.0000000
vt 1.0000000 1.0000000
vt 1.0000000 0.0000000
vt 0.0000000 0.0000000
vt 0.0000000 1.0000000
vt 1.0000000 1.0000000
vt 1.0000000 0.0000000
vt 0.0000000 0.0000000
vt 0.0000000 1.0000000
vt 1.0000000 1.0000000
vt 1.0000000 0.0000000
vt 0.0000000 0.0000000
vt 0.0000000 1.0000000
vt 1.0000000 1.0000000
vt 1.0000000 0.0000000
vt 0.0000000 0.0000000
vt 0.0000000 1.0000000
vt 1.0000000 1.0000000
vt 1.0000000 0.0000000
vt 0.0000000 0.0000000
vt 0.0000000 1.0000000
vt 1.0000000 1.0000000
vt 1.0000000 0.0000000
vt 0.0000000 0.0000000
vt 0.0000000 1.0000000
vt 1.0000000 1.0000000
vt 1.0000000 0.0000000
vt 0.0000000 0.0000000
vt 0.0000000 1.0000000
vt 1.0000000 1.0000000
vt 1.0000000 0.0000000
vt 0.0000000 0.0000000
vt 0.0000000 1.0000000
vt 1.0000000 1.0000000
vt 1.0000000 0.0000000
vt 0.0000000 0.0000000
vt 0.0000000 1.0000000
vt 1.0000000 1.0000000
vt 1.0000000 0.0000000
vt 0.0000000 0.0000000
vt 0.0000000 1.0000000
vt 1.0000000 1.0000000
vt 1.0000000 0.0000000
vt 0.0000000 0.0000000
vt 0.0000000 1.0000000
vt 1.0000000 1.0000000
vt 1.0000000 0.0000000
vt 0.0000000 0.0000000
vt 0.0000000 1.0000000
vt 1.0000000 1.0000000
vt 1.0000000 0.0000000
vt 0.0000000 0.0000000
vt 0.0000000 1.0000000
vt 1.0000000 1.0000000
vt 1.0000000 0.0000000
vt 0.0000000 0.0000000
vt 0.0000000 1.0000000
vt 1.0000000 1.0000000
vt 1.0000000 0.0000000
vt 0.0000000 0.0000000
vt 0.0000000 1.0000000
vt 1.0000000 1.0000000
vt 1.0000000 0.0000000
vt 0.0000000 0.0000000
vt 0.0000000 1.0000000
vt 1.0000000 1.0000000
vt 1.0000000 0.0000000
vt 0.0000000 0.0000000
vt 0.0000000 1.0000000
vt 1.0000000 1.0000000
vt 1.0000000 0.0000000
vt 0.0000000 0.0000000
vt 0.0000000 1.0000000
vt 1.0000000 1.0000000
vt 1.0000000 0.0000000
vt 0.0000000 0.0000000
vt 0.0000000 1.0000000
vt 1.0000000 1.0000000
vt 1.0000000 0.0000000
vt 0.0000000 0.0000000
vt 0.0000000 1.0000000
vt 1.0000000 1.0000000
vt 1.0000000 0.0000000
vt 0.0000000 0.0000000
vt 0.0000000 1.0000000
vt 1.0000000 1.0000000
vt 1.0000000 0.0000000
vt 0.0000000 0.0000000
vt 0.0000000 1.0000000
vt 1.0000000 1.0000000
vt 1.0000000 0.0000000
vt 0.0000000 0.0000000
vt 0.0000000 1.0000000
vt 1.0000000 1.0000000
vt 1.0000000 0.0000000
vt 0.0000000 0.0000000
vt 0.0000000 1.0000000
vt 1.0000000 1.0000000
vt 1.0000000 0.0000000
vt 0.0000000 0.0000000
vt 0.0000000 1.0000000
vt 1.0000000 1.0000000
vt 1.0000000 0.0000000
vt 0.0000000 0.0000000
vt 0.0000000 1.0000000
vt 1.0000000 1.0000000
vt 1.0000000 0.0000000
vt 0.0000000 0.0000000
vt 0.0000000 1.0000000
vt 1.0000000 1.0000000
vt 1.0000000 0.0000000
vt 0.0000000 0.0000000
vt 0.0000000 1.0000000
vt 1.0000000 1.0000000
vt 1.0000000 0.0000000
vt 0.0000000 0.0000000
vt 0.0000000 1.0000000
vt 1.0000000 1.0000000
vt 1.0000000 0.0000000
vt 0.0000000 0.0000000
vt 0.0000000 1.0000000
vt 1.0000000 1.0000000
vt 1.0000000 0.0000000
vt 0.0000000 0.0000000
vt 0.0000000 1.0000000
vt 1.0000000 1.0000000
vt 1.0000000 0.0000000
vt 0.0000000 0.0000000
vt 0.0000000 1.0000000
vt 1.0000000 1.0000000
vt 1.0000000 0.0000000
vt 0.0000000 0.0000000
vt 0.0000000 1.0000000
vt 1.0000000 1.0000000
vt 1.0000000 0.0000000
vt 0.0000000 0.0000000
vt 0.0000000 1.0000000
vt 1.0000000 1.0000000
vt 1.0000000 0.0000000
vt 0.0000000 0.0000000
vt 0.0000000 1.0000000
vt 1.0000000 1.0000000
vt 1.0000000 0.0000000
vt 0.0000000 0.0000000
vt 0.0000000 1.0000000
vt 1.0000000 1.0000000
vt 1.0000000 0.0000000
vt 0.0000000 0.0000000
vt 0.0000000 1.0000000
vt 1.0000000 1.0000000
vt 1.0000000 0.0000000
vt 0.0000000 0.0000000
vt 0.0000000 1.0000000
vt 1.0000000 1.0000000
vt 1.0000000 0.0000000
vt 0.0000000 0.0000000
vt 0.0000000 1.0000000
vt 1.0000000 1.0000000
vt 1.0000000 0.0000000
vt 0.0000000 0.0000000
vt 0.0000000 1.0000000
vt 1.0000000 1.0000000
vt 1.0000000 0.0000000
vt 0.0000000 0.0000000
vt 0.0000000 1.0000000
vt 1.0000000 1.0000000
vt 1.0000000 0.0000000
vt 0.0000000 0.0000000
vt 0.0000000 1.0000000
vt 1.0000000 1.0000000
vt 1.0000000 0.0000000
vt 0.0000000 0.0000000
vt 0.0000000 1.0000000
vt 1.0000000 1.0000000
vt 1.0000000 0.0000000
vt 0.0000000 0.0000000
vt 0.0000000 1.0000000
vt 1.0000000 1.0000000
vt 1.0000000 0.0000000
vt 0.0000000 0.0000000
vt 0.0000000 1.0000000
vt 1.0000000 1.0000000
vt 1.0000000 0.0000000
vt 0.0000000 0.0000000
vt 0.0000000 1.0000000
vt 1.0000000 1.0000000
vt 1.0000000 0.0000000
vt 0.0000000 0.0000000
vt 0.0000000 1.0000000
vt 1.0000000 1.0000000
vt 1.0000000 0.0000000
vt 0.0000000 0.0000000
vt 0.0000000 1.0000000
vt 1.0000000 1.0000000
vt 1.0000000 0.0000000
vt 0.0000000 0.0000000
vt 0.0000000 1.0000000
vt 1.0000000 1.0000000
vt 1.0000000 0.0000000
vt 0.0000000 0.0000000
vt 0.0000000 1.0000000
vt 1.0000000 1.0000000
vt 1.0000000 0.0000000
vt 0.0000000 0.0000000
vt 0.0000000 1.0000000
vt 1.0000000 1.0000000
vt 1.0000000 0.0000000
vt 0.0000000 0.0000000
vt 0.0000000 1.0000000
vt 1.0000000 1.0000000
vt 1.0000000 0.0000000
vt 0.0000000 0.0000000
vt 0.0000000 1.0000000
vt 1.0000000 1.0000000
vt 1.0000000 0.0000000
vt 0.0000000 0.0000000
vt 0.0000000 1.0000000
vt 1.0000000 1.0000000
vt 1.0000000 0.0000000
vt 0.0000000 0.0000000
vt 0.0000000 1.0000000
vt 1.0000000 1.0000000
vt 1.0000000 0.0000000
vt 0.0000000 0.0000000
vt 0.0000000 1.0000000
vt 1.0000000 1.0000000
vt 1.0000000 0.0000000
vt 0.0000000 0.0000000
vt 0.0000000 1.0000000
vt 1.0000000 1.0000000
vt 1.0000000 0.0000000
vt 0.0000000 0.0000000
vt 0.0000000 1.0000000
vt 1.0000000 1.0000000
vt 1.0000000 0.0000000
vt 0.0000000 0.0000000
vt 0.0000000 1.0000000
vt 1.0000000 1.0000000
vt 1.0000000 0.0000000
vt 0.0000000 0.0000000
vt 0.0000000 1.0000000
vt 1.0000000 1.0000000
vt 1.0000000 0.0000000
vt 0.0000000 0.0000000
vt 0.0000000 1.0000000
vt 1.0000000 1.0000000
vt 1.0000000 0.0000000
vt 0.0000000 0.0000000
vt 0.0000000 1.0000000
vt 1.0000000 1.0000000
vt 1.0000000 0.0000000
vt 0.0000000 0.0000000
vt 0.0000000 1.0000000
vt 1.0000000 1.0000000
vt 1.0000000 0.0000000
vt 0.0000000 0.0000000
vt 0.0000000 1.0000000
vt 1.0000000 1.0000000
vt 1.0000000 0.0000000
vt 0.0000000 0.0000000
vt 0.0000000 1.0000000
vt 1.0000000 1.0000000
vt 1.0000000 0.0000000
vt 0.0000000 0.0000000
vt 0.0000000 1.0000000
vt 1.0000000 1.0000000
vt 1.0000000 0.0000000
vt 0.0000000 0.0000000
vt 0.0000000 1.0000000
vt 1.0000000 1.0000000
vt 1.0000000 0.0000000
vt 0.0000000 0.0000000
vt 0.0000000 1.0000000
vt 1.0000000 1.0000000
vt 1.0000000 0.0000000
vt 0.0000000 0.0000000
vt 0.0000000 1.0000000
vt 1.0000000 1.0000000
vt 1.0000000 0.0000000
vt 0.0000000 0.0000000
vt 0.0000000 1.0000000
vt 1.0000000 1.0000000
vt 1.0000000 0.0000000
vt 0.0000000 0.0000000
vt 0.0000000 1.0000000
vt 1.0000000 1.0000000
vt 1.0000000 0.0000000
vt 0.0000000 0.0000000
vt 0.0000000 1.0000000
vt 1.0000000 1.0000000
vt 1.0000000 0.0000000
vt 0.0000000 0.0000000
vt 0.0000000 1.0000000
vt 1.0000000 1.0000000
vt 1.0000000 0.0000000
vt 0.0000000 0.0000000
vt 0.0000000 1.0000000
vt 1.0000000 1.0000000
vt 1.0000000 0.0000000
vt 0.0000000 0.0000000
vt 0.0000000 1.0000000
vt 1.0000000 1.0000000
vt 1.0000000 0.0000000
vt 0.0000000 0.0000000
vt 0.0000000 1.0000000
vt 1.0000000 1.0000000
vt 1.0000000 0.0000000
vt 0.0000000 0.0000000
vt 0.0000000 1.0000000
vt 1.0000000 1.0000000
vt 1.0000000 0.0000000
vt 0.0000000 0.0000000
vt 0.0000000 1.0000000
vt 1.0000000 1.0000000
vt 1.0000000 0.0000000
vt 0.0000000 0.0000000
vt 0.0000000 1.0000000
vt 1.0000000 1.0000000
vt 1.0000000 0.0000000
vt 0.0000000 0.0000000
vt 0.0000000 1.0000000
vt 1.0000000 1.0000000
vt 1.0000000 0.0000000
vt 0.0000000 0.0000000
vt 0.0000000 1.0000000
vt 1.0000000 1.0000000
vt 1.0000000 0.0000000
vt 0.0000000 0.0000000
vt 0.0000000 1.0000000
vt 1.0000000 1.0000000
vt 1.0000000 0.0000000
vt 0.0000000 0.0000000
vt 0.0000000 1.0000000
vt 1.0000000 1.0000000
vt 1.0000000 0.0000000
vt 0.0000000 0.0000000
vt 0.0000000 1.0000000
vt 1.0000000 1.0000000
vt 1.0000000 0.0000000
vt 0.0000000 0.0000000
vt 0.0000000 1.0000000
vt 1.0000000 1.0000000
vt 1.0000000 0.0000000
vt 0.0000000 0.0000000
vt 0.0000000 1.0000000
vt 1.0000000 1.0000000
vt 1.0000000 0.0000000
vt 0.0000000 0.0000000
vt 0.0000000 1.0000000
vt 1.0000000 1.0000000
vt 1.0000000 0.0000000
vt 0.0000000 0.0000000
vt 0.0000000 1.0000000
vt 1.0000000 1.0000000
vt 1.0000000 0.0000000
vt 0.0000000 0.0000000
vt 0.0000000 1.0000000
vt 1.0000000 1.0000000
vt 1.0000000 0.0000000
vt 0.0000000 0.0000000
vt 0.0000000 1.0000000
vt 1.0000000 1.0000000
vt 1.0000000 0.0000000
vt 0.0000000 0.0000000
vt 0.0000000 1.0000000
vt 1.0000000 1.0000000
vt 1.0000000 0.0000000
vt 0.0000000 0.0000000
vt 0.0000000 1.0000000
vt 1.0000000 1.0000000
vt 1.0000000 0.0000000
vt 0.0000000 0.0000000
vt 0.0000000 1.0000000
vt 1.0000000 1.0000000
vt 1.0000000 0.0000000
vt 0.0000000 0.0000000
vt 0.0000000 1.0000000
vt 1.0000000 1.0000000
vt 1.0000000 0.0000000
vt 0.0000000 0.0000000
vt 0.0000000 1.0000000
vt 1.0000000 1.0000000
vt 1.0000000 0.0000000
vt 0.0000000 0.0000000
vt 0.0000000 1.0000000
vt 1.0000000 1.0000000
vt 1.0000000 0.0000000
vt 0.0000000 0.0000000
vt 0.0000000 1.0000000
vt 1.0000000 1.0000000
vt 1.0000000 0.0000000
vt 0.0000000 0.0000000
vt 0.0000000 1.0000000
vt 1.0000000 1.0000000
vt 1.0000000 0.0000000
vt 0.0000000 0.0000000
vt 0.0000000 1.0000000
vt 1.0000000 1.0000000
vt 1.0000000 0.0000000
vt 0.0000000 0.0000000
vt 0.0000000 1.0000000
vt 1.0000000 1.0000000
vt 1.0000000 0.0000000
vt 0.0000000 0.0000000
vt 0.0000000 1.0000000
vt 1.0000000 1.0000000
vt 1.0000000 0.0000000
vt 0.0000000 0.0000000
vt 0.0000000 1.0000000
vt 1.0000000 1.0000000
vt 1.0000000 0.0000000
vt 0.0000000 0.0000000
vt 0.0000000 1.0000000
vt 1.0000000 1.0000000
vt 1.0000000 0.0000000
vt 0.0000000 0.0000000
vt 0.0000000 1.0000000
vt 1.0000000 1.0000000
vt 1.0000000 0.0000000
vt 0.0000000 0.0000000
vt 0.0000000 1.0000000
vt 1.0000000 1.0000000
vt 1.0000000 0.0000000
vt 0.0000000 0.0000000
vt 0.0000000 1.0000000
vt 1.0000000 1.0000000
vt 1.0000000 0.0000000
vt 0.0000000 0.0000000
vt 0.0000000 1.0000000
vt 1.0000000 1.0000000
vt 1.0000000 0.0000000
vt 0.0000000 0.0000000
vt 0.0000000 1.0000000
vt 1.0000000 1.0000000
vt 1.0000000 0.0000000
vt 0.0000000 0.0000000
vt 0.0000000 1.0000000
vt 1.0000000 1.0000000
vt 1.0000000 0.0000000
vt 0.0000000 0.0000000
vt 0.0000000 1.0000000
vt 1.0000000 1.0000000
vt 1.0000000 0.0000000
vt 0.0000000 0.0000000
vt 0.0000000 1.0000000
vt 1.0000000 1.0000000
vt 1.0000000 0.0000000
vt 0.0000000 0.0000000
vt 0.0000000 1.0000000
vt 1.0000000 1.0000000
vt 1.0000000 0.0000000
vt 0.0000000 0.0000000
vt 0.0000000 1.0000000
vt 1.0000000 1.0000000
vt 1.0000000 0.0000000
vt 0.0000000 0.0000000
vt 0.0000000 1.0000000
vt 1.0000000 1.0000000
vt 1.0000000 0.0000000
vt 0.0000000 0.0000000
vt 0.0000000 1.0000000
vt 1.0000000 1.0000000
vt 1.0000000 0.0000000
vt 0.0000000 0.0000000
vt 0.0000000 1.0000000
vt 1.0000000 1.0000000
vt 1.0000000 0.0000000
vt 0.0000000 0.0000000
vt 0.0000000 1.0000000
vt 1.0000000 1.0000000
vt 1.0000000 0.0000000
vt 0.0000000 0.0000000
vt 0.0000000 1.0000000
vt 1.0000000 1.0000000
vt 1.0000000 0.0000000
vt 0.0000000 0.0000000
vt 0.0000000 1.0000000
vt 1.0000000 1.0000000
vt 1.0000000 0.0000000
vt 0.0000000 0.0000000
vt 0.0000000 1.0000000
vt 1.0000000 1.0000000
vt 1.0000000 0.0000000
vt 0.0000000 0.0000000
vt 0.0000000 1.0000000
vt 1.0000000 1.0000000
vt 1.0000000 0.0000000
vt 0.0000000 0.0000000
vt 0.0000000 1.0000000
vt 1.0000000 1.0000000
vt 1.0000000 0.0000000
vt 0.0000000 0.0000000
vt 0.0000000 1.0000000
vt 1.0000000 1.0000000
vt 1.0000000 0.0000000
vt 0.0000000 0.0000000
vt 0.0000000 1.0000000
vt 1.0000000 1.0000000
vt 1.0000000 0.0000000
vt 0.0000000 0.0000000
vt 0.0000000 1.0000000
vt 1.0000000 1.0000000
vt 1.0000000 0.0000000
vt 0.0000000 0.0000000
vt 0.0000000 1.0000000
vt 1.0000000 1.0000000
vt 1.0000000 0.0000000
vt 0.0000000 0.0000000
vt 0.0000000 1.0000000
vt 1.0000000 1.0000000
vt 1.0000000 0.0000000
vt 0.0000000 0.0000000
vt 0.0000000 1.0000000
vt 1.0000000 1.0000000
vt 1.0000000 0.0000000
vt 0.0000000 0.0000000
vt 0.0000000 1.0000000
vt 1.0000000 1.0000000
vt 1.0000000 0.0000000
vt 0.0000000 0.0000000
vt 0.0000000 1.0000000
vt 1.0000000 1.0000000
vt 1.0000000 0.0000000
vt 0.0000000 0.0000000
vt 0.0000000 1.0000000
vt 1.0000000 1.0000000
vt 1.0000000 0.0000000
vt 0.0000000 0.0000000
vt 0.0000000 1.0000000
vt 1.0000000 1.0000000
vt 1.0000000 0.0000000
vt 0.0000000 0.0000000
vt 0.0000000 1.0000000
vt 1.0000000 1.0000000
vt 1.0000000 0.0000000
vt 0.0000000 0.0000000
vt 0.0000000 1.0000000
vt 1.0000000 1.0000000
vt 1.0000000 0.0000000
vt 0.0000000 0.0000000
vt 0.0000000 1.0000000
vt 1.0000000 1.0000000
vt 1.0000000 0.0000000
vt 0.0000000 0.0000000
vt 0.0000000 1.0000000
vt 1.0000000 1.0000000
vt 1.0000000 0.0000000
vt 0.0000000 0.0000000
vt 0.0000000 1.0000000
vt 1.0000000 1.0000000
vt 1.0000000 0.0000000
vt 0.0000000 0.0000000
vt 0.0000000 1.0000000
vt 1.0000000 1.0000000
vt 1.0000000 0.0000000
vt 0.0000000 0.0000000
vt 0.0000000 1.0000000
vt 1.0000000 1.0000000
vt 1.0000000 0.0000000
vt 0.0000000 0.0000000
vt 0.0000000 1.0000000
vt 1.0000000 1.0000000
vt 1.0000000 0.0000000
vt 0.0000000 0.0000000
vt 0.0000000 1.0000000
vt 1.0000000 1.0000000
vt 1.0000000 0.0000000
vt 0.0000000 0.0000000
vt 0.0000000 1.0000000
vt 1.0000000 1.0000000
vt 1.0000000 0.0000000
vt 0.0000000 0.0000000
vt 0.0000000 1.0000000
vt 1.0000000 1.0000000
vt 1.0000000 0.0000000
vt 0.0000000 0.0000000
vt 0.0000000 1.0000000
vt 1.0000000 1.0000000
vt 1.0000000 0.0000000
vt 0.0000000 0.0000000
vt 0.0000000 1.0000000
vt 1.0000000 1.0000000
vt 1.0000000 0.0000000
vt 0.0000000 0.0000000
vt 0.0000000 1.0000000
vt 1.0000000 1.0000000
vt 1.0000000 0.0000000
vt 0.0000000 0.0000000
vt 0.0000000 1.0000000
vt 1.0000000 1.0000000
vt 1.0000000 0.0000000
vt 0.0000000 0.0000000
vt 0.0000000 1.0000000
vt 1.0000000 1.0000000
vt 1.0000000 0.0000000
vt 0.0000000 0.0000000
vt 0.0000000 1.0000000
vt 1.0000000 1.0000000
vt 1.0000000 0.0000000
vt 0.0000000 0.0000000
vt 0.0000000 1.0000000
vt 1.0000000 1.0000000
vt 1.0000000 0.0000000
vt 0.0000000 0.0000000
vt 0.0000000 1.0000000
vt 1.0000000 1.0000000
vt 1.0000000 0.0000000
vt 0.0000000 0.0000000
vt 0.0000000 1.0000000
vt 1.0000000 1.0000000
vt 1.0000000 0.0000000
vt 0.0000000 0.0000000
vt 0.0000000 1.0000000
vt 1.0000000 1.0000000
vt 1.0000000 0.0000000
vt 0.0000000 0.0000000
vt 0.0000000 1.0000000
vt 1.0000000 1.0000000
vt 1.0000000 0.0000000
vt 0.0000000 0.0000000
vt 0.0000000 1.0000000
vt 1.0000000 1.0000000
vt 1.0000000 0.0000000
vt 0.0000000 0.0000000
vt 0.0000000 1.0000000
vt 1.0000000 1.0000000
vt 1.0000000 0.0000000
vt 0.0000000 0.0000000
vt 0.0000000 1.0000000
vt 1.0000000 1.0000000
vt 1.0000000 0.0000000
vt 0.0000000 0.0000000
vt 0.0000000 1.0000000
vt 1.0000000 1.0000000
vt 1.0000000 0.0000000
vt 0.0000000 0.0000000
vt 0.0000000 1.0000000
vt 1.0000000 1.0000000
vt 1.0000000 0.0000000
vt 0.0000000 0.0000000
vt 0.0000000 1.0000000
vt 1.0000000 1.0000000
vt 1.0000000 0.0000000
vt 0.0000000 0.0000000
vt 0.0000000 1.0000000
vt 1.0000000 1.0000000
vt 1.0000000 0.0000000
vt 0.0000000 0.0000000
vt 0.0000000 1.0000000
vt 1.0000000 1.0000000
vt 1.0000000 0.0000000
vt 0.0000000 0.0000000
vt 0.0000000 1.0000000
vt 1.0000000 1.0000000
vt 1.0000000 0.0000000
vt 0.0000000 0.0000000
vt 0.0000000 1.0000000
vt 1.0000000 1.0000000
vt 1.0000000 0.0000000
vt 0.0000000 0.0000000
vt 0.0000000 1.0000000
vt 1.0000000 1.0000000
vt 1.0000000 0.0000000
vt 0.0000000 0.0000000
vt 0.0000000 1.0000000
vt 1.0000000 1.0000000
vt 1.0000000 0.0000000
vt 0.0000000 0.0000000
vt 0.0000000 1.0000000
vt 1.0000000 1.0000000
vt 1.0000000 0.0000000
vt 0.0000000 0.0000000
vt 0.0000000 1.0000000
vt 1.0000000 1.0000000
vt 1.0000000 0.0000000
vt 0.0000000 0.0000000
vt 0.0000000 1.0000000
vt 1.0000000 1.0000000
vt 1.0000000 0.0000000
vt 0.0000000 0.0000000
vt 0.0000000 1.0000000
vt 1.0000000 1.0000000
vt 1.0000000 0.0000000
vt 0.0000000 0.0000000
vt 0.0000000 1.0000000
vt 1.0000000 1.0000000
vt 1.0000000 0.0000000
vt 0.0000000 0.0000000
vt 0.0000000 1.0000000
vt 1.0000000 1.0000000
vt 1.0000000 0.0000000
vt 0.0000000 0.0000000
vt 0.0000000 1.0000000
vt 1.0000000 1.0000000
vt 1.0000000 0.0000000
vt 0.0000000 0.0000000
vt 0.0000000 1.0000000
vt 1.0000000 1.0000000
vt 1.0000000 0.0000000
vt 0.0000000 0.0000000
vt 0.0000000 1.0000000
vt 1.0000000 1.0000000
vt 1.0000000 0.0000000
vt 0.0000000 0.0000000
vt 0.0000000 1.0000000
vt 1.0000000 1.0000000
vt 1.0000000 0.0000000
vt 0.0000000 0.0000000
vt 0.0000000 1.0000000
vt 1.0000000 1.0000000
vt 1.0000000 0.0000000
vt 0.0000000 0.0000000
vt 0.0000000 1.0000000
vt 1.0000000 1.0000000
vt 1.0000000 0.0000000
vt 0.0000000 0.0000000
vt 0.0000000 1.0000000
vt 1.0000000 1.0000000
vt 1.0000000 0.0000000
vt 0.0000000 0.0000000
vt 0.0000000 1.0000000
vt 1.0000000 1.0000000
vt 1.0000000 0.0000000
vt 0.0000000 0.0000000
vt 0.0000000 1.0000000
vt 1.0000000 1.0000000
vt 1.0000000 0.0000000
vt 0.0000000 0.0000000
vt 0.0000000 1.0000000
vt 1.0000000 1.0000000
vt 1.0000000 0.0000000
vt 0.0000000 0.0000000
vt 0.0000000 1.0000000
vt 1.0000000 1.0000000
vt 1.0000000 0.0000000
vt 0.0000000 0.0000000
vt 0.0000000 1.0000000
vt 1.0000000 1.0000000
vt 1.0000000 0.0000000
vt 0.0000000 0.0000000
vt 0.0000000 1.0000000
vt 1.0000000 1.0000000
vt 1.0000000 0.0000000
vt 0.0000000 0.0000000
vt 0.0000000 1.0000000
vt 1.0000000 1.0000000
vt 1.0000000 0.0000000
vt 0.0000000 0.0000000
vt 0.0000000 1.0000000
vt 1.0000000 1.0000000
vt 1.0000000 0.0000000
vt 0.0000000 0.0000000
vt 0.0000000 1.0000000
vt 1.0000000 1.0000000
vt 1.0000000 0.0000000
vt 0.0000000 0.0000000
vt 0.0000000 1.0000000
vt 1.0000000 1.0000000
vt 1.0000000 0.0000000
vt 0.0000000 0.0000000
vt 0.0000000 1.0000000
vt 1.0000000 1.0000000
vt 1.0000000 0.0000000
vt 0.0000000 0.0000000
vt 0.0000000 1.0000000
vt 1.0000000 1.0000000
vt 1.0000000 0.0000000
vt 0.0000000 0.0000000
vt 0.0000000 1.0000000
vt 1.0000000 1.0000000
vt 1.0000000 0.0000000
vt 0.0000000 0.0000000
vt 0.0000000 1.0000000
vt 1.0000000 1.0000000
vt 1.0000000 0.0000000
vt 0.0000000 0.0000000
vt 0.0000000 1.0000000
vt 1.0000000 1.0000000
vt 1.0000000 0.0000000
vt 0.0000000 0.0000000
vt 0.0000000 1.0000000
vt 1.0000000 1.0000000
vt 1.0000000 0.0000000
vt 0.0000000 0.0000000
vt 0.0000000 1.0000000
vt 1.0000000 1.0000000
vt 1.0000000 0.0000000
vt 0.0000000 0.0000000
vt 0.0000000 1.0000000
vt 1.0000000 1.0000000
vt 1.0000000 0.0000000
vt 0.0000000 0.0000000
vt 0.0000000 1.0000000
vt 1.0000000 1.0000000
vt 1.0000000 0.0000000
vt 0.0000000 0.0000000
vt 0.0000000 1.0000000
vt 1.0000000 1.0000000
vt 1.0000000 0.0000000
vt 0.0000000 0.0000000
vt 0.0000000 1.0000000
vt 1.0000000 1.0000000
vt 1.0000000 0.0000000
vt 0.0000000 0.0000000
vt 0.0000000 1.0000000
vt 1.0000000 1.0000000
vt 1.0000000 0.0000000
vt 0.0000000 0.0000000
vt 0.0000000 1.0000000
vt 1.0000000 1.0000000
vt 1.0000000 0.0000000
vt 0.0000000 0.0000000
vt 0.0000000 1.0000000
vt 1.0000000 1.0000000
vt 1.0000000 0.0000000
vt 0.0000000 0.0000000
vt 0.0000000 1.0000000
vt 1.0000000 1.0000000
vt 1.0000000 0.0000000
vt 0.0000000 0.0000000
vt 0.0000000 1.0000000
vt 1.0000000 1.0000000
vt 1.0000000 0.0000000
vt 0.0000000 0.0000000
vt 0.0000000 1.0000000
vt 1.0000000 1.0000000
vt 1.0000000 0.0000000
vt 0.0000000 0.0000000
vt 0.0000000 1.0000000
vt 1.0000000 1.0000000
vt 1.0000000 0.0000000
vt 0.0000000 0.0000000
vt 0.0000000 1.0000000
vt 1.0000000 1.0000000
vt 1.0000000 0.0000000
vt 0.0000000 0.0000000
vt 0.0000000 1.0000000
vt 1.0000000 1.0000000
vt 1.0000000 0.0000000
vt 0.0000000 0.0000000
vt 0.0000000 1.0000000
vt 1.0000000 1.0000000
vt 1.0000000 0.0000000
vt 0.0000000 0.0000000
vt 0.0000000 1.0000000
vt 1.0000000 1.0000000
vt 1.0000000 0.0000000
vt 0.0000000 0.0000000
vt 0.0000000 1.0000000
vt 1.0000000 1.0000000
vt 1.0000000 0.0000000
vt 0.0000000 0.0000000
vt 0.0000000 1.0000000
vt 1.0000000 1.0000000
vt 1.0000000 0.0000000
vt 0.0000000 0.0000000
vt 0.0000000 1.0000000
vt 1.0000000 1.0000000
vt 1.0000000 0.0000000
vt 0.0000000 0.0000000
vt 0.0000000 1.0000000
vt 1.0000000 1.0000000
vt 1.0000000 0.0000000
vt 0.0000000 0.0000000
vt 0.0000000 1.0000000
vt 1.0000000 1.0000000
vt 1.0000000 0.0000000
vt 0.0000000 0.0000000
vt 0.0000000 1.0000000
vt 1.0000000 1.0000000
vt 1.0000000 0.0000000
vt 0.0000000 0.0000000
vt 0.0000000 1.0000000
vt 1.0000000 1.0000000
vt 1.0000000 0.0000000
vt 0.0000000 0.0000000
vt 0.0000000 1.0000000
vt 1.0000000 1.0000000
vt 1.0000000 0.0000000
vt 0.0000000 0.0000000
vt 0.0000000 1.0000000
vt 1.0000000 1.0000000
vt 1.0000000 0.0000000
vt 0.0000000 0.0000000
vt 0.0000000 1.0000000
vt 1.0000000 1.0000000
vt 1.0000000 0.0000000
vt 0.0000000 0.0000000
vt 0.0000000 1.0000000
vt 1.0000000 1.0000000
vt 1.0000000 0.0000000
vt 0.0000000 0.0000000
vt 0.0000000 1.0000000
vt 1.0000000 1.0000000
vt 1.0000000 0.0000000
vt 0.0000000 0.0000000
vt 0.0000000 1.0000000
vt 1.0000000 1.0000000
vt 1.0000000 0.0000000
vt 0.0000000 0.0000000
vt 0.0000000 1.0000000
vt 1.0000000 1.0000000
vt 1.0000000 0.0000000
vt 0.0000000 0.0000000
vt 0.0000000 1.0000000
vt 1.0000000 1.0000000
vt 1.0000000 0.0000000
vt 0.0000000 0.0000000
vt 0.0000000 1.0000000
vt 1.0000000 1.0000000
vt 1.0000000 0.0000000
vt 0.0000000 0.0000000
vt 0.0000000 1.0000000
vt 1.0000000 1.0000000
vt 1.0000000 0.0000000
vt 0.0000000 0.0000000
vt 0.0000000 1.0000000
vt 1.0000000 1.0000000
vt 1.0000000 0.0000000
vt 0.0000000 0.0000000
vt 0.0000000 1.0000000
vt 1.0000000 1.0000000
vt 1.0000000 0.0000000
vt 0.0000000 0.0000000
vt 0.0000000 1.0000000
vt 1.0000000 1.0000000
vt 1.0000000 0.0000000
vt 0.0000000 0.0000000
vt 0.0000000 1.0000000
vt 1.0000000 1.0000000
vt 1.0000000 0.0000000
vt 0.0000000 0.0000000
vt 0.0000000 1.0000000
vt 1.0000000 1.0000000
vt 1.0000000 0.0000000
vt 0.0000000 0.0000000
vt 0.0000000 1.0000000
vt 1.0000000 1.0000000
vt 1.0000000 0.0000000
vt 0.0000000 0.0000000
vt 0.0000000 1.0000000
vt 1.0000000 1.0000000
vt 1.0000000 0.0000000
vt 0.0000000 0.0000000
vt 0.0000000 1.0000000
vt 1.0000000 1.0000000
vt 1.0000000 0.0000000
vt 0.0000000 0.0000000
vt 0.0000000 1.0000000
vt 1.0000000 1.0000000
vt 1.0000000 0.0000000
vt 0.0000000 0.0000000
vt 0.0000000 1.0000000
vt 1.0000000 1.0000000
vt 1.0000000 0.0000000
vt 0.0000000 0.0000000
vt 0.0000000 1.0000000
vt 1.0000000 1.0000000
vt 1.0000000 0.0000000
vt 0.0000000 0.0000000
vt 0.0000000 1.0000000
vt 1.0000000 1.0000000
vt 1.0000000 0.0000000
vt 0.0000000 0.0000000
vt 0.0000000 1.0000000
vt 1.0000000 1.0000000
vt 1.0000000 0.0000000
vt 0.0000000 0.0000000
vt 0.0000000 1.0000000
vt 1.0000000 1.0000000
vt 1.0000000 0.0000000
vt 0.0000000 0.0000000
vt 0.0000000 1.0000000
vt 1.0000000 1.0000000
vt 1.0000000 0.0000000
vt 0.0000000 0.0000000
vt 0.0000000 1.0000000
vt 1.0000000 1.0000000
vt 1.0000000 0.0000000
vt 0.0000000 0.0000000
vt 0.0000000 1.0000000
vt 1.0000000 1.0000000
vt 1.0000000 0.0000000
vt 0.0000000 0.0000000
vt 0.0000000 1.0000000
vt 1.0000000 1.0000000
vt 1.0000000 0.0000000
vt 0.0000000 0.0000000
vt 0.0000000 1.0000000
vt 1.0000000 1.0000000
vt 1.0000000 0.0000000
vt 0.0000000 0.0000000
vt 0.0000000 1.0000000
vt 1.0000000 1.0000000
vt 1.0000000 0.0000000
vt 0.0000000 0.0000000
vt 0.0000000 1.0000000
vt 1.0000000 1.0000000
vt 1.0000000 0.0000000
vt 0.0000000 0.0000000
vt 0.0000000 1.0000000
vt 1.0000000 1.0000000
vt 1.0000000 0.0000000
vt 0.0000000 0.0000000
vt 0.0000000 1.0000000
vt 1.0000000 1.0000000
vt 1.0000000 0.0000000
vt 0.0000000 0.0000000
vt 0.0000000 1.0000000
vt 1.0000000 1.0000000
vt 1.0000000 0.0000000
vt 0.0000000 0.0000000
vt 0.0000000 1.0000000
vt 1.0000000 1.0000000
vt 1.0000000 0.0000000
vt 0.0000000 0.0000000
vt 0.0000000 1.0000000
vt 1.0000000 1.0000000
vt 1.0000000 0.0000000
vt 0.0000000 0.0000000
vt 0.0000000 1.0000000
vt 1.0000000 1.0000000
vt 1.0000000 0.0000000
vt 0.0000000 0.0000000
vt 0.0000000 1.0000000
vt 1.0000000 1.0000000
vt 1.0000000 0.0000000
vt 0.0000000 0.0000000
vt 0.0000000 1.0000000
vt 1.0000000 1.0000000
vt 1.0000000 0.0000000
vt 0.0000000 0.0000000
vt 0.0000000 1.0000000
vt 1.0000000 1.0000000
vt 1.0000000 0.0000000
vt 0.0000000 0.0000000
vt 0.0000000 1.0000000
vt 1.0000000 1.0000000
vt 1.0000000 0.0000000
vt 0.0000000 0.0000000
vt 0.0000000 1.0000000
vt 1.0000000 1.0000000
vt 1.0000000 0.0000000
vt 0.0000000 0.0000000
vt 0.0000000 1.0000000
vt 1.0000000 1.0000000
vt 1.0000000 0.0000000
vt 0.0000000 0.0000000
vt 0.0000000 1.0000000
vt 1.0000000 1.0000000
vt 1.0000000 0.0000000
vt 0.0000000 0.0000000
vt 0.0000000 1.0000000
vt 1.0000000 1.0000000
vt 1.0000000 0.0000000
vt 0.0000000 0.0000000
vt 0.0000000 1.0000000
vt 1.0000000 1.0000000
vt 1.0000000 0.0000000
vt 0.0000000 0.0000000
vt 0.0000000 1.0000000
vt 1.0000000 1.0000000
vt 1.0000000 0.0000000
vt 0.0000000 0.0000000
vt 0.0000000 1.0000000
vt 1.0000000 1.0000000
vt 1.0000000 0.0000000
vt 0.0000000 0.0000000
vt 0.0000000 1.0000000
vt 1.0000000 1.0000000
vt 1.0000000 0.0000000
vt 0.0000000 0.0000000
vt 0.0000000 1.0000000
vt 1.0000000 1.0000000
vt 1.0000000 0.0000000
vt 0.0000000 0.0000000
vt 0.0000000 1.0000000
vt 1.0000000 1.0000000
vt 1.0000000 0.0000000
vt 0.0000000 0.0000000
vt 0.0000000 1.0000000
vt 1.0000000 1.0000000
vt 1.0000000 0.0000000
vt 0.0000000 0.0000000
vt 0.0000000 1.0000000
vt 1.0000000 1.0000000
vt 1.0000000 0.0000000
vt 0.0000000 0.0000000
vt 0.0000000 1.0000000
vt 1.0000000 1.0000000
vt 1.0000000 0.0000000
vt 0.0000000 0.0000000
vt 0.0000000 1.0000000
vt 1.0000000 1.0000000
vt 1.0000000 0.0000000
vt 0.0000000 0.0000000
vt 0.0000000 1.0000000
vt 1.0000000 1.0000000
vt 1.0000000 0.0000000
vt 0.0000000 0.0000000
vt 0.0000000 1.0000000
vt 1.0000000 1.0000000
vt 1.0000000 0.0000000
vt 0.0000000 0.0000000
vt 0.0000000 1.0000000
vt 1.0000000 1.0000000
vt 1.0000000 0.0000000
vt 0.0000000 0.0000000
vt 0.0000000 1.0000000
vt 1.0000000 1.0000000
vt 1.0000000 0.0000000
vt 0.0000000 0.0000000
vt 0.0000000 1.0000000
vt 1.0000000 1.0000000
vt 1.0000000 0.0000000
vt 0.0000000 0.0000000
vt 0.0000000 1.0000000
vt 1.0000000 1.0000000
vt 1.0000000 0.0000000
vt 0.0000000 0.0000000
vt 0.0000000 1.0000000
vt 1.0000000 1.0000000
vt 1.0000000 0.0000000
vt 0.0000000 0.0000000
vt 0.0000000 1.0000000
vt 1.0000000 1.0000000
vt 1.0000000 0.0000000
vt 0.0000000 0.0000000
vt 0.0000000 1.0000000
vt 1.0000000 1.0000000
vt 1.0000000 0.0000000
vt 0.0000000 0.0000000
vt 0.0000000 1.0000000
vt 1.0000000 1.0000000
vt 1.0000000 0.0000000
vt 0.0000000 0.0000000
vt 0.0000000 1.0000000
vt 1.0000000 1.0000000
vt 1.0000000 0.0000000
vt 0.0000000 0.0000000
vt 0.0000000 1.0000000
vt 1.0000000 1.0000000
vt 1.0000000 0.0000000
vt 0.0000000 0.0000000
vt 0.0000000 1.0000000
vt 1.0000000 1.0000000
vt 1.0000000 0.0000000
vt 0.0000000 0.0000000
vt 0.0000000 1.0000000
vt 1.0000000 1.0000000
vt 1.0000000 0.0000000
vt 0.0000000 0.0000000
vt 0.0000000 1.0000000
vt 1.0000000 1.0000000
vt 1.0000000 0.0000000
vt 0.0000000 0.0000000
vt 0.0000000 1.0000000
vt 1.0000000 1.0000000
vt 1.0000000 0.0000000
vt 0.0000000 0.0000000
vt 0.0000000 1.0000000
vt 1.0000000 1.0000000
vt 1.0000000 0.0000000
vt 0.0000000 0.0000000
vt 0.0000000 1.0000000
vt 1.0000000 1.0000000
vt 1.0000000 0.0000000
vt 0.0000000 0.0000000
vt 0.0000000 1.0000000
vt 1.0000000 1.0000000
vt 1.0000000 0.0000000
vt 0.0000000 0.0000000
vt 0.0000000 1.0000000
vt 1.0000000 1.0000000
vt 1.0000000 0.0000000
vt 0.0000000 0.0000000
vt 0.0000000 1.0000000
vt 1.0000000 1.0000000
vt 1.0000000 0.0000000
vt 0.0000000 0.0000000
vt 0.0000000 1.0000000
vt 1.0000000 1.0000000
vt 1.0000000 0.0000000
vt 0.0000000 0.0000000
vt 0.0000000 1.0000000
vt 1.0000000 1.0000000
vt 1.0000000 0.0000000
vt 0.0000000 0.0000000
vt 0.0000000 1.0000000
vt 1.0000000 1.0000000
vt 1.0000000 0.0000000
vt 0.0000000 0.0000000
vt 0.0000000 1.0000000
vt 1.0000000 1.0000000
vt 1.0000000 0.0000000
vt 0.0000000 0.0000000
vt 0.0000000 1.0000000
vt 1.0000000 1.0000000
vt 1.0000000 0.0000000
vt 0.0000000 0.0000000
vt 0.0000000 1.0000000
vt 1.0000000 1.0000000
vt 1.0000000 0.0000000
vt 0.0000000 0.0000000
vt 0.0000000 1.0000000
vt 1.0000000 1.0000000
vt 1.0000000 0.0000000
vt 0.0000000 0.0000000
vt 0.0000000 1.0000000
vt 1.0000000 1.0000000
vt 1.0000000 0.0000000
vt 0.0000000 0.0000000
vt 0.0000000 1.0000000
vt 1.0000000 1.0000000
vt 1.0000000 0.0000000
vt 0.0000000 0.0000000
vt 0.0000000 1.0000000
vt 1.0000000 1.0000000
vt 1.0000000 0.0000000
vt 0.0000000 0.0000000
vt 0.0000000 1.0000000
vt 1.0000000 1.0000000
vt 1.0000000 0.0000000
vt 0.0000000 0.0000000
vt 0.0000000 1.0000000
vt 1.0000000 1.0000000
vt 1.0000000 0.0000000
vt 0.0000000 0.0000000
vt 0.0000000 1.0000000
vt 1.0000000 1.0000000
vt 1.0000000 0.0000000
vt 0.0000000 0.0000000
vt 0.0000000 1.0000000
vt 1.0000000 1.0000000
vt 1.0000000 0.0000000
vt 0.0000000 0.0000000
vt 0.0000000 1.0000000
vt 1.0000000 1.0000000
vt 1.0000000 0.0000000
vt 0.0000000 0.0000000
vt 0.0000000 1.0000000
vt 1.0000000 1.0000000
vt 1.0000000 0.0000000
vt 0.0000000 0.0000000
vt 0.0000000 1.0000000
vt 1.0000000 1.0000000
vt 1.0000000 0.0000000
vt 0.0000000 0.0000000
vt 0.0000000 1.0000000
vt 1.0000000 1.0000000
vt 1.0000000 0.0000000
vt 0.0000000 0.0000000
vt 0.0000000 1.0000000
vt 1.0000000 1.0000000
vt 1.0000000 0.0000000
vt 0.0000000 0.0000000
vt 0.0000000 1.0000000
vt 1.0000000 1.0000000
vt 1.0000000 0.0000000
vt 0.0000000 0.0000000
vt 0.0000000 1.0000000
vt 1.0000000 1.0000000
vt 1.0000000 0.0000000
vt 0.0000000 0.0000000
vt 0.0000000 1.0000000
vt 1.0000000 1.0000000
vt 1.0000000 0.0000000
vt 0.0000000 0.0000000
vt 0.0000000 1.0000000
vt 1.0000000 1.0000000
vt 1.0000000 0.0000000
vt 0.0000000 0.0000000
vt 0.0000000 1.0000000
vt 1.0000000 1.0000000
vt 1.0000000 0.0000000
vt 0.0000000 0.0000000
vt 0.0000000 1.0000000
vt 1.0000000 1.0000000
vt 1.0000000 0.0000000
vt 0.0000000 0.0000000
vt 0.0000000 1.0000000
vt 1.0000000 1.0000000
vt 1.0000000 0.0000000
vt 0.0000000 0.0000000
vt 0.0000000 1.0000000
vt 1.0000000 1.0000000
vt 1.0000000 0.0000000
vt 0.0000000 0.0000000
vt 0.0000000 1.0000000
vt 1.0000000 1.0000000
vt 1.0000000 0.0000000
vt 0.0000000 0.0000000
vt 0.0000000 1.0000000
vt 1.0000000 1.0000000
vt 1.0000000 0.0000000
vt 0.0000000 0.0000000
vt 0.0000000 1.0000000
vt 1.0000000 1.0000000
vt 1.0000000 0.0000000
vt 0.0000000 0.0000000
vt 0.0000000 1.0000000
vt 1.0000000 1.0000000
vt 1.0000000 0.0000000
vt 0.0000000 0.0000000
vt 0.0000000 1.0000000
vt 1.0000000 1.0000000
vt 1.0000000 0.0000000
vt 0.0000000 0.0000000
vt 0.0000000 1.0000000
vt 1.0000000 1.0000000
vt 1.0000000 0.0000000
vt 0.0000000 0.0000000
vt 0.0000000 1.0000000
vt 1.0000000 1.0000000
vt 1.0000000 0.0000000
vt 0.0000000 0.0000000
vt 0.0000000 1.0000000
vt 1.0000000 1.0000000
vt 1.0000000 0.0000000
vt 0.0000000 0.0000000
vt 0.0000000 1.0000000
vt 1.0000000 1.0000000
vt 1.0000000 0.0000000
vt 0.0000000 0.0000000
vt 0.0000000 1.0000000
vt 1.0000000 1.0000000
vt 1.0000000 0.0000000
vt 0.0000000 0.0000000
vt 0.0000000 1.0000000
vt 1.0000000 1.0000000
vt 1.0000000 0.0000000
vt 0.0000000 0.0000000
vt 0.0000000 1.0000000
vt 1.0000000 1.0000000
vt 1.0000000 0.0000000
vt 0.0000000 0.0000000
vt 0.0000000 1.0000000
vt 1.0000000 1.0000000
vt 1.0000000 0.0000000
vt 0.0000000 0.0000000
vt 0.0000000 1.0000000
vt 1.0000000 1.0000000
vt 1.0000000 0.0000000
vt 0.0000000 0.0000000
vt 0.0000000 1.0000000
vt 1.0000000 1.0000000
vt 1.0000000 0.0000000
vt 0.0000000 0.0000000
vt 0.0000000 1.0000000
vt 1.0000000 1.0000000
vt 1.0000000 0.0000000
vt 0.0000000 0.0000000
vt 0.0000000 1.0000000
vt 1.0000000 1.0000000
vt 1.0000000 0.0000000
vt 0.0000000 0.0000000
vt 0.0000000 1.0000000
vt 1.0000000 1.0000000
vt 1.0000000 0.0000000
vt 0.0000000 0.0000000
vt 0.0000000 1.0000000
vt 1.0000000 1.0000000
vt 1.0000000 0.0000000
vt 0.0000000 0.0000000
vt 0.0000000 1.0000000
vt 1.0000000 1.0000000
vt 1.0000000 0.0000000
vt 0.0000000 0.0000000
vt 0.0000000 1.0000000
vt 1.0000000 1.0000000
vt 1.0000000 0.0000000
vt 0.0000000 0.0000000
vt 0.0000000 1.0000000
vt 1.0000000 1.0000000
vt 1.0000000 0.0000000
vt 0.0000000 0.0000000
vt 0.0000000 1.0000000
vt 1.0000000 1.0000000
vt 1.0000000 0.0000000
vt 0.0000000 0.0000000
vt 0.0000000 1.0000000
vt 1.0000000 1.0000000
vt 1.0000000 0.0000000
vt 0.0000000 0.0000000
vt 0.0000000 1.0000000
vt 1.0000000 1.0000000
vt 1.0000000 0.0000000
vt 0.0000000 0.0000000
vt 0.0000000 1.0000000
vt 1.0000000 1.0000000
vt 1.0000000 0.0000000
vt 0.0000000 0.0000000
vt 0.0000000 1.0000000
vt 1.0000000 1.0000000
vt 1.0000000 0.0000000
vt 0.0000000 0.0000000
vt 0.0000000 1.0000000
vt 1.0000000 1.0000000
vt 1.0000000 0.0000000
vt 0.0000000 0.0000000
vt 0.0000000 1.0000000
vt 1.0000000 1.0000000
vt 1.0000000 0.0000000
vt 0.0000000 0.0000000
vt 0.0000000 1.0000000
vt 1.0000000 1.0000000
vt 1.0000000 0.0000000
vt 0.0000000 0.0000000
vt 0.0000000 1.0000000
vt 1.0000000 1.0000000
vt 1.0000000 0.0000000
vt 0.0000000 0.0000000
vt 0.0000000 1.0000000
vt 1.0000000 1.0000000
vt 1.0000000 0.0000000
vt 0.0000000 0.0000000
vt 0.0000000 1.0000000
vt 1.0000000 1.0000000
vt 1.0000000 0.0000000
vt 0.0000000 0.0000000
vt 0.0000000 1.0000000
vt 1.0000000 1.0000000
vt 1.0000000 0.0000000
vt 0.0000000 0.0000000
vt 0.0000000 1.0000000
vt 1.0000000 1.0000000
vt 1.0000000 0.0000000
vt 0.0000000 0.0000000
vt 0.0000000 1.0000000
vt 1.0000000 1.0000000
vt 1.0000000 0.0000000
vt 0.0000000 0.0000000
vt 0.0000000 1.0000000
vt 1.0000000 1.0000000
vt 1.0000000 0.0000000
vt 0.0000000 0.0000000
vt 0.0000000 1.0000000
vt 1.0000000 1.0000000
vt 1.0000000 0.0000000
vt 0.0000000 0.0000000
vt 0.0000000 1.0000000
vt 1.0000000 1.0000000
vt 1.0000000 0.0000000
vt 0.0000000 0.0000000
vt 0.0000000 1.0000000
vt 1.0000000 1.0000000
vt 1.0000000 0.0000000
vt 0.0000000 0.0000000
vt 0.0000000 1.0000000
vt 1.0000000 1.0000000
vt 1.0000000 0.0000000
vt 0.0000000 0.0000000
vt 0.0000000 1.0000000
vt 1.0000000 1.0000000
vt 1.0000000 0.0000000
vt 0.0000000 0.0000000
vt 0.0000000 1.0000000
vt 1.0000000 1.0000000
vt 1.0000000 0.0000000
vt 0.0000000 0.0000000
vt 0.0000000 1.0000000
vt 1.0000000 1.0000000
vt 1.0000000 0.0000000
vt 0.0000000 0.0000000
vt 0.0000000 1.0000000
vt 1.0000000 1.0000000
vt 1.0000000 0.0000000
vt 0.0000000 0.0000000
vt 0.0000000 1.0000000
vt 1.0000000 1.0000000
vt 1.0000000 0.0000000
vt 0.0000000 0.0000000
vt 0.0000000 1.0000000
vt 1.0000000 1.0000000
vt 1.0000000 0.0000000
vt 0.0000000 0.0000000
vt 0.0000000 1.0000000
vt 1.0000000 1.0000000
vt 1.0000000 0.0000000
vt 0.0000000 0.0000000
vt 0.0000000 1.0000000
vt 1.0000000 1.0000000
vt 1.0000000 0.0000000
vt 0.0000000 0.0000000
vt 0.0000000 1.0000000
vt 1.0000000 1.0000000
vt 1.0000000 0.0000000
vt 0.0000000 0.0000000
vt 0.0000000 1.0000000
vt 1.0000000 1.0000000
vt 1.0000000 0.0000000
vt 0.0000000 0.0000000
vt 0.0000000 1.0000000
vt 1.0000000 1.0000000
vt 1.0000000 0.0000000
vt 0.0000000 0.0000000
vt 0.0000000 1.0000000
vt 1.0000000 1.0000000
vt 1.0000000 0.0000000
vt 0.0000000 0.0000000
vt 0.0000000 1.0000000
vt 1.0000000 1.0000000
vt 1.0000000 0.0000000
vt 0.0000000 0.0000000
vt 0.0000000 1.0000000
vt 1.0000000 1.0000000
vt 1.0000000 0.0000000
vt 0.0000000 0.0000000
vt 0.0000000 1.0000000
vt 1.0000000 1.0000000
vt 1.0000000 0.0000000
vt 0.0000000 0.0000000
vt 0.0000000 1.0000000
vt 1.0000000 1.0000000
vt 1.0000000 0.0000000
vt 0.0000000 0.0000000
vt 0.0000000 1.0000000
vt 1.0000000 1.0000000
vt 1.0000000 0.0000000
vt 0.0000000 0.0000000
vt 0.0000000 1.0000000
vt 1.0000000 1.0000000
vt 1.0000000 0.0000000
vt 0.0000000 0.0000000
vt 0.0000000 1.0000000
vt 1.0000000 1.0000000
vt 1.0000000 0.0000000
vt 0.0000000 0.0000000
vt 0.0000000 1.0000000
vt 1.0000000 1.0000000
vt 1.0000000 0.0000000
vt 0.0000000 0.0000000
vt 0.0000000 1.0000000
vt 1.0000000 1.0000000
vt 1.0000000 0.0000000
vt 0.0000000 0.0000000
vt 0.0000000 1.0000000
vt 1.0000000 1.0000000
vt 1.0000000 0.0000000
vt 0.0000000 0.0000000
vt 0.0000000 1.0000000
vt 1.0000000 1.0000000
vt 1.0000000 0.0000000
vt 0.0000000 0.0000000
vt 0.0000000 1.0000000
vt 1.0000000 1.0000000
vt 1.0000000 0.0000000
vt 0.0000000 0.0000000
vt 0.0000000 1.0000000
vt 1.0000000 1.0000000
vt 1.0000000 0.0000000
vt 0.0000000 0.0000000
vt 0.0000000 1.0000000
vt 1.0000000 1.0000000
vt 1.0000000 0.0000000
vt 0.0000000 0.0000000
vt 0.0000000 1.0000000
vt 1.0000000 1.0000000
vt 1.0000000 0.0000000
vt 0.0000000 0.0000000
vt 0.0000000 1.0000000
vt 1.0000000 1.0000000
vt 1.0000000 0.0000000
vt 0.0000000 0.0000000
vt 0.0000000 1.0000000
vt 1.0000000 1.0000000
vt 1.0000000 0.0000000
vt 0.0000000 0.0000000
vt 0.0000000 1.0000000
vt 1.0000000 1.0000000
vt 1.0000000 0.0000000
vt 0.0000000 0.0000000
vt 0.0000000 1.0000000
vt 1.0000000 1.0000000
vt 1.0000000 0.0000000
vt 0.0000000 0.0000000
vt 0.0000000 1.0000000
vt 1.0000000 1.0000000
vt 1.0000000 0.0000000
vt 0.0000000 0.0000000
vt 0.0000000 1.0000000
vt 1.0000000 1.0000000
vt 1.0000000 0.0000000
vt 0.0000000 0.0000000
vt 0.0000000 1.0000000
vt 1.0000000 1.0000000
vt 1.0000000 0.0000000
vt 0.0000000 0.0000000
vt 0.0000000 1.0000000
vt 1.0000000 1.0000000
vt 1.0000000 0.0000000
vt 0.0000000 0.0000000
vt 0.0000000 1.0000000
vt 1.0000000 1.0000000
vt 1.0000000 0.0000000
vt 0.0000000 0.0000000
vt 0.0000000 1.0000000
vt 1.0000000 1.0000000
vt 1.0000000 0.0000000
vt 0.0000000 0.0000000
vt 0.0000000 1.0000000
vt 1.0000000 1.0000000
vt 1.0000000 0.0000000
vt 0.0000000 0.0000000
vt 0.0000000 1.0000000
vt 1.0000000 1.0000000
vt 1.0000000 0.0000000
vt 0.0000000 0.0000000
vt 0.0000000 1.0000000
vt 1.0000000 1.0000000
vt 1.0000000 0.0000000
vt 0.0000000 0.0000000
vt 0.0000000 1.0000000
vt 1.0000000 1.0000000
vt 1.0000000 0.0000000
vt 0.0000000 0.0000000
vt 0.0000000 1.0000000
vt 1.0000000 1.0000000
vt 1.0000000 0.0000000
vt 0.0000000 0.0000000
vt 0.0000000 1.0000000
vt 1.0000000 1.0000000
vt 1.0000000 0.0000000
vt 0.0000000 0.0000000
vt 0.0000000 1.0000000
vt 1.0000000 1.0000000
vt 1.0000000 0.0000000
vt 0.0000000 0.0000000
vt 0.0000000 1.0000000
vt 1.0000000 1.0000000
vt 1.0000000 0.0000000
vt 0.0000000 0.0000000
vt 0.0000000 1.0000000
vt 1.0000000 1.0000000
vt 1.0000000 0.0000000
vt 0.0000000 0.0000000
vt 0.0000000 1.0000000
vt 1.0000000 1.0000000
vt 1.0000000 0.0000000
vt 0.0000000 0.0000000
vt 0.0000000 1.0000000
vt 1.0000000 1.0000000
vt 1.0000000 0.0000000
vt 0.0000000 0.0000000
vt 0.0000000 1.0000000
vt 1.0000000 1.0000000
vt 1.0000000 0.0000000
vt 0.0000000 0.0000000
vt 0.0000000 1.0000000
vt 1.0000000 1.0000000
vt 1.0000000 0.0000000
vt 0.0000000 0.0000000
vt 0.0000000 1.0000000
vt 1.0000000 1.0000000
vt 1.0000000 0.0000000
vt 0.0000000 0.0000000
vt 0.0000000 1.0000000
vt 1.0000000 1.0000000
vt 1.0000000 0.0000000
vt 0.0000000 0.0000000
vt 0.0000000 1.0000000
vt 1.0000000 1.0000000
vt 1.0000000 0.0000000
vt 0.0000000 0.0000000
vt 0.0000000 1.0000000
vt 1.0000000 1.0000000
vt 1.0000000 0.0000000
vt 0.0000000 0.0000000
vt 0.0000000 1.0000000
vt 1.0000000 1.0000000
vt 1.0000000 0.0000000
vt 0.0000000 0.0000000
vt 0.0000000 1.0000000
vt 1.0000000 1.0000000
vt 1.0000000 0.0000000
vt 0.0000000 0.0000000
vt 0.0000000 1.0000000
vt 1.0000000 1.0000000
vt 1.0000000 0.0000000
vt 0.0000000 0.0000000
vt 0.0000000 1.0000000
vt 1.0000000 1.0000000
vt 1.0000000 0.0000000
vt 0.0000000 0.0000000
vt 0.0000000 1.0000000
vt 1.0000000 1.0000000
vt 1.0000000 0.0000000
vt 0.0000000 0.0000000
vt 0.0000000 1.0000000
vt 1.0000000 1.0000000
vt 1.0000000 0.0000000
vt 0.0000000 0.0000000
vt 0.0000000 1.0000000
vt 1.0000000 1.0000000
vt 1.0000000 0.0000000
vt 0.0000000 0.0000000
vt 0.0000000 1.0000000
vt 1.0000000 1.0000000
vt 1.0000000 0.0000000
vt 0.0000000 0.0000000
vt 0.0000000 1.0000000
vt 1.0000000 1.0000000
vt 1.0000000 0.0000000
vt 0.0000000 0.0000000
vt 0.0000000 1.0000000
vt 1.0000000 1.0000000
vt 1.0000000 0.0000000
vt 0.0000000 0.0000000
vt 0.0000000 1.0000000
vt 1.0000000 1.0000000
vt 1.0000000 0.0000000
vt 0.0000000 0.0000000
vt 0.0000000 1.0000000
vt 1.0000000 1.0000000
vt 1.0000000 0.0000000
vt 0.0000000 0.0000000
vt 0.0000000 1.0000000
vt 1.0000000 1.0000000
vt 1.0000000 0.0000000
vt 0.0000000 0.0000000
vt 0.0000000 1.0000000
vt 1.0000000 1.0000000
vt 1.0000000 0.0000000
vt 0.0000000 0.0000000
vt 0.0000000 1.0000000
vt 1.0000000 1.0000000
vt 1.0000000 0.0000000
vt 0.0000000 0.0000000
vt 0.0000000 1.0000000
vt 1.0000000 1.0000000
vt 1.0000000 0.0000000
vt 0.0000000 0.0000000
vt 0.0000000 1.0000000
vt 1.0000000 1.0000000
vt 1.0000000 0.0000000
vt 0.0000000 0.0000000
vt 0.0000000 1.0000000
vt 1.0000000 1.0000000
vt 1.0000000 0.0000000
vt 0.0000000 0.0000000
vt 0.0000000 1.0000000
vt 1.0000000 1.0000000
vt 1.0000000 0.0000000
vt 0.0000000 0.0000000
vt 0.0000000 1.0000000
vt 1.0000000 1.0000000
vt 1.0000000 0.0000000
vt 0.0000000 0.0000000
vt 0.0000000 1.0000000
vt 1.0000000 1.0000000
vt 1.0000000 0.0000000
vt 0.0000000 0.0000000
vt 0.0000000 1.0000000
vt 1.0000000 1.0000000
vt 1.0000000 0.0000000
vt 0.0000000 0.0000000
vt 0.0000000 1.0000000
vt 1.0000000 1.0000000
vt 1.0000000 0.0000000
vt 0.0000000 0.0000000
vt 0.0000000 1.0000000
vt 1.0000000 1.0000000
vt 1.0000000 0.0000000
vt 0.0000000 0.0000000
vt 0.0000000 1.0000000
vt 1.0000000 1.0000000
vt 1.0000000 0.0000000
vt 0.0000000 0.0000000
vt 0.0000000 1.0000000
vt 1.0000000 1.0000000
vt 1.0000000 0.0000000
vt 0.0000000 0.0000000
vt 0.0000000 1.0000000
vt 1.0000000 1.0000000
vt 1.0000000 0.0000000
vt 0.0000000 0.0000000
vt 0.0000000 1.0000000
vt 1.0000000 1.0000000
vt 1.0000000 0.0000000
vt 0.0000000 0.0000000
vt 0.0000000 1.0000000
vt 1.0000000 1.0000000
vt 1.0000000 0.0000000
vt 0.0000000 0.0000000
vt 0.0000000 1.0000000
vt 1.0000000 1.0000000
vt 1.0000000 0.0000000
vt 0.0000000 0.0000000
vt 0.0000000 1.0000000
vt 1.0000000 1.0000000
vt 1.0000000 0.0000000
vt 0.0000000 0.0000000
vt 0.0000000 1.0000000
vt 1.0000000 1.0000000
vt 1.0000000 0.0000000
vt 0.0000000 0.0000000
vt 0.0000000 1.0000000
vt 1.0000000 1.0000000
vt 1.0000000 0.0000000
vt 0.0000000 0.0000000
vt 0.0000000 1.0000000
vt 1.0000000 1.0000000
vt 1.0000000 0.0000000
vt 0.0000000 0.0000000
vt 0.0000000 1.0000000
vt 1.0000000 1.0000000
vt 1.0000000 0.0000000
vt 0.0000000 0.0000000
vt 0.0000000 1.0000000
vt 1.0000000 1.0000000
vt 1.0000000 0.0000000
vt 0.0000000 0.0000000
vt 0.0000000 1.0000000
vt 1.0000000 1.0000000
vt 1.0000000 0.0000000
vt 0.0000000 0.0000000
vt 0.0000000 1.0000000
vt 1.0000000 1.0000000
vt 1.0000000 0.0000000
vt 0.0000000 0.0000000
vt 0.0000000 1.0000000
vt 1.0000000 1.0000000
vt 1.0000000 0.0000000
vt 0.0000000 0.0000000
vt 0.0000000 1.0000000
vt 1.0000000 1.0000000
vt 1.0000000 0.0000000
vt 0.0000000 0.0000000
vt 0.0000000 1.0000000
vt 1.0000000 1.0000000
vt 1.0000000 0.0000000
vt 0.0000000 0.0000000
vt 0.0000000 1.0000000
vt 1.0000000 1.0000000
vt 1.0000000 0.0000000
vt 0.0000000 0.0000000
vt 0.0000000 1.0000000
vt 1.0000000 1.0000000
vt 1.0000000 0.0000000
vt 0.0000000 0.0000000
vt 0.0000000 1.0000000
vt 1.0000000 1.0000000
vt 1.0000000 0.0000000
vt 0.0000000 0.0000000
vt 0.0000000 1.0000000
vt 1.0000000 1.0000000
vt 1.0000000 0.0000000
vt 0.0000000 0.0000000
vt 0.0000000 1.0000000
vt 1.0000000 1.0000000
vt 1.0000000 0.0000000
vt 0.0000000 0.0000000
vt 0.0000000 1.0000000
vt 1.0000000 1.0000000
vt 1.0000000 0.0000000
vt 0.0000000 0.0000000
vt 0.0000000 1.0000000
vt 1.0000000 1.0000000
vt 1.0000000 0.0000000
vt 0.0000000 0.0000000
vt 0.0000000 1.0000000
vt 1.0000000 1.0000000
vt 1.0000000 0.0000000
vt 0.0000000 0.0000000
vt 0.0000000 1.0000000
vt 1.0000000 1.0000000
vt 1.0000000 0.0000000
vt 0.0000000 0.0000000
vt 0.0000000 1.0000000
vt 1.0000000 1.0000000
vt 1.0000000 0.0000000
vt 0.0000000 0.0000000
vt 0.0000000 1.0000000
vt 1.0000000 1.0000000
vt 1.0000000 0.0000000
vt 0.0000000 0.0000000
vt 0.0000000 1.0000000
vt 1.0000000 1.0000000
vt 1.0000000 0.0000000
vt 0.0000000 0.0000000
vt 0.0000000 1.0000000
vt 1.0000000 1.0000000
vt 1.0000000 0.0000000
vt 0.0000000 0.0000000
vt 0.0000000 1.0000000
vt 1.0000000 1.0000000
vt 1.0000000 0.0000000
vt 0.0000000 0.0000000
vt 0.0000000 1.0000000
vt 1.0000000 1.0000000
vt 1.0000000 0.0000000
vt 0.0000000 0.0000000
vt 0.0000000 1.0000000
vt 1.0000000 1.0000000
vt 1.0000000 0.0000000
vt 0.0000000 0.0000000
vt 0.0000000 1.0000000
vt 1.0000000 1.0000000
vt 1.0000000 0.0000000
vt 0.0000000 0.0000000
vt 0.0000000 1.0000000
vt 1.0000000 1.0000000
vt 1.0000000 0.0000000
vt 0.0000000 0.0000000
vt 0.0000000 1.0000000
vt 1.0000000 1.0000000
vt 1.0000000 0.0000000
vt 0.0000000 0.0000000
vt 0.0000000 1.0000000
vt 1.0000000 1.0000000
vt 1.0000000 0.0000000
vt 0.0000000 0.0000000
vt 0.0000000 1.0000000
vt 1.0000000 1.0000000
vt 1.0000000 0.0000000
vt 0.0000000 0.0000000
vt 0.0000000 1.0000000
vt 1.0000000 1.0000000
vt 1.0000000 0.0000000
vt 0.0000000 0.0000000
vt 0.0000000 1.0000000
vt 1.0000000 1.0000000
vt 1.0000000 0.0000000
vt 0.0000000 0.0000000
vt 0.0000000 1.0000000
vt 1.0000000 1.0000000
vt 1.0000000 0.0000000
vt 0.0000000 0.0000000
vt 0.0000000 1.0000000
vt 1.0000000 1.0000000
vt 1.0000000 0.0000000
vt 0.0000000 0.0000000
vt 0.0000000 1.0000000
vt 1.0000000 1.0000000
vt 1.0000000 0.0000000
vt 0.0000000 0.0000000
vt 0.0000000 1.0000000
vt 1.0000000 1.0000000
vt 1.0000000 0.0000000
vt 0.0000000 0.0000000
vt 0.0000000 1.0000000
vt 1.0000000 1.0000000
vt 1.0000000 0.0000000
vt 0.0000000 0.0000000
vt 0.0000000 1.0000000
vt 1.0000000 1.0000000
vt 1.0000000 0.0000000
vt 0.0000000 0.0000000
vt 0.0000000 1.0000000
vt 1.0000000 1.0000000
vt 1.0000000 0.0000000
vt 0.0000000 0.0000000
vt 0.0000000 1.0000000
vt 1.0000000 1.0000000
vt 1.0000000 0.0000000
vt 0.0000000 0.0000000
vt 0.0000000 1.0000000
vt 1.0000000 1.0000000
vt 1.0000000 0.0000000
vt 0.0000000 0.0000000
vt 0.0000000 1.0000000
vt 1.0000000 1.0000000
vt 1.0000000 0.0000000
vt 0.0000000 0.0000000
vt 0.0000000 1.0000000
vt 1.0000000 1.0000000
vt 1.0000000 0.0000000
vt 0.0000000 0.0000000
vt 0.0000000 1.0000000
vt 1.0000000 1.0000000
vt 1.0000000 0.0000000
vt 0.0000000 0.0000000
vt 0.0000000 1.0000000
vt 1.0000000 1.0000000
vt 1.0000000 0.0000000
vt 0.0000000 0.0000000
vt 0.0000000 1.0000000
vt 1.0000000 1.0000000
vt 1.0000000 0.0000000
vt 0.0000000 0.0000000
vt 0.0000000 1.0000000
vt 1.0000000 1.0000000
vt 1.0000000 0.0000000
vt 0.0000000 0.0000000
vt 0.0000000 1.0000000
vt 1.0000000 1.0000000
vt 1.0000000 0.0000000
vt 0.0000000 0.0000000
vt 0.0000000 1.0000000
vt 1.0000000 1.0000000
vt 1.0000000 0.0000000
vt 0.0000000 0.0000000
vt 0.0000000 1.0000000
vt 1.0000000 1.0000000
vt 1.0000000 0.0000000
vt 0.0000000 0.0000000
vt 0.0000000 1.0000000
vt 1.0000000 1.0000000
vt 1.0000000 0.0000000
vt 0.0000000 0.0000000
vt 0.0000000 1.0000000
vt 1.0000000 1.0000000
vt 1.0000000 0.0000000
vt 0.0000000 0.0000000
vt 0.0000000 1.0000000
vt 1.0000000 1.0000000
vt 1.0000000 0.0000000
vt 0.0000000 0.0000000
vt 0.0000000 1.0000000
vt 1.0000000 1.0000000
vt 1.0000000 0.0000000
vt 0.0000000 0.0000000
vt 0.0000000 1.0000000
vt 1.0000000 1.0000000
vt 1.0000000 0.0000000
vt 0.0000000 0.0000000
vt 0.0000000 1.0000000
vt 1.0000000 1.0000000
vt 1.0000000 0.0000000
vt 0.0000000 0.0000000
vt 0.0000000 1.0000000
vt 1.0000000 1.0000000
vt 1.0000000 0.0000000
vt 0.0000000 0.0000000
vt 0.0000000 1.0000000
vt 1.0000000 1.0000000
vt 1.0000000 0.0000000
vt 0.0000000 0.0000000
vt 0.0000000 1.0000000
vt 1.0000000 1.0000000
vt 1.0000000 0.0000000
vt 0.0000000 0.0000000
vt 0.0000000 1.0000000
vt 1.0000000 1.0000000
vt 1.0000000 0.0000000
vt 0.0000000 0.0000000
vt 0.0000000 1.0000000
vt 1.0000000 1.0000000
vt 1.0000000 0.0000000
vt 0.0000000 0.0000000
vt 0.0000000 1.0000000
vt 1.0000000 1.0000000
vt 1.0000000 0.0000000
vt 0.0000000 0.0000000
vt 0.0000000 1.0000000
vt 1.0000000 1.0000000
vt 1.0000000 0.0000000
vt 0.0000000 0.0000000
vt 0.0000000 1.0000000
vt 1.0000000 1.0000000
vt 1.0000000 0.0000000
vt 0.0000000 0.0000000
vt 0.0000000 1.0000000
vt 1.0000000 1.0000000
vt 1.0000000 0.0000000
vt 0.0000000 0.0000000
vt 0.0000000 1.0000000
vt 1.0000000 1.0000000
vt 1.0000000 0.0000000
vt 0.0000000 0.0000000
vt 0.0000000 1.0000000
vt 1.0000000 1.0000000
vt 1.0000000 0.0000000
vt 0.0000000 0.0000000
vt 0.0000000 1.0000000
vt 1.0000000 1.0000000
vt 1.0000000 0.0000000
vt 0.0000000 0.0000000
vt 0.0000000 1.0000000
vt 1.0000000 1.0000000
vt 1.0000000 0.0000000
vt 0.0000000 0.0000000
vt 0.0000000 1.0000000
vt 1.0000000 1.0000000
vt 1.0000000 0.0000000
vt 0.0000000 0.0000000
vt 0.0000000 1.0000000
vt 1.0000000 1.0000000
vt 1.0000000 0.0000000
vt 0.0000000 0.0000000
vt 0.0000000 1.0000000
vt 1.0000000 1.0000000
vt 1.0000000 0.0000000
vt 0.0000000 0.0000000
vt 0.0000000 1.0000000
vt 1.0000000 1.0000000
vt 1.0000000 0.0000000
vt 0.0000000 0.0000000
vt 0.0000000 1.0000000
vt 1.0000000 1.0000000
vt 1.0000000 0.0000000
vt 0.0000000 0.0000000
vt 0.0000000 1.0000000
vt 1.0000000 1.0000000
vt 1.0000000 0.0000000
vt 0.0000000 0.0000000
vt 0.0000000 1.0000000
vt 1.0000000 1.0000000
vt 1.0000000 0.0000000
vt 0.0000000 0.0000000
vt 0.0000000 1.0000000
vt 1.0000000 1.0000000
vt 1.0000000 0.0000000
vt 0.0000000 0.0000000
vt 0.0000000 1.0000000
vt 1.0000000 1.0000000
vt 1.0000000 0.0000000
vt 0.0000000 0.0000000
vt 0.0000000 1.0000000
vt 1.0000000 1.0000000
vt 1.0000000 0.0000000
vt 0.0000000 0.0000000
vt 0.0000000 1.0000000
vt 1.0000000 1.0000000
vt 1.0000000 0.0000000
vt 0.0000000 0.0000000
vt 0.0000000 1.0000000
vt 1.0000000 1.0000000
vt 1.0000000 0.0000000
vt 0.0000000 0.0000000
vt 0.0000000 1.0000000
vt 1.0000000 1.0000000
vt 1.0000000 0.0000000
vt 0.0000000 0.0000000
vt 0.0000000 1.0000000
vt 1.0000000 1.0000000
vt 1.0000000 0.0000000
vt 0.0000000 0.0000000
vt 0.0000000 1.0000000
vt 1.0000000 1.0000000
vt 1.0000000 0.0000000
vt 0.0000000 0.0000000
vt 0.0000000 1.0000000
vt 1.0000000 1.0000000
vt 1.0000000 0.0000000
vt 0.0000000 0.0000000
vt 0.0000000 1.0000000
vt 1.0000000 1.0000000
vt 1.0000000 0.0000000
vt 0.0000000 0.0000000
vt 0.0000000 1.0000000
vt 1.0000000 1.0000000
vt 1.0000000 0.0000000
vt 0.0000000 0.0000000
vt 0.0000000 1.0000000
vt 1.0000000 1.0000000
vt 1.0000000 0.0000000
vt 0.0000000 0.0000000
vt 0.0000000 1.0000000
vt 1.0000000 1.0000000
vt 1.0000000 0.0000000
vt 0.0000000 0.0000000
vt 0.0000000 1.0000000
vt 1.0000000 1.0000000
vt 1.0000000 0.0000000
vt 0.0000000 0.0000000
vt 0.0000000 1.0000000
vt 1.0000000 1.0000000
vt 1.0000000 0.0000000
vt 0.0000000 0.0000000
vt 0.0000000 1.0000000
vt 1.0000000 1.0000000
vt 1.0000000 0.0000000
vt 0.0000000 0.0000000
vt 0.0000000 1.0000000
vt 1.0000000 1.0000000
vt 1.0000000 0.0000000
vt 0.0000000 0.0000000
vt 0.0000000 1.0000000
vt 1.0000000 1.0000000
vt 1.0000000 0.0000000
vt 0.0000000 0.0000000
vt 0.0000000 1.0000000
vt 1.0000000 1.0000000
vt 1.0000000 0.0000000
vt 0.0000000 0.0000000
vt 0.0000000 1.0000000
vt 1.0000000 1.0000000
vt 1.0000000 0.0000000
vt 0.0000000 0.0000000
vt 0.0000000 1.0000000
vt 1.0000000 1.0000000
vt 1.0000000 0.0000000
vt 0.0000000 0.0000000
vt 0.0000000 1.0000000
vt 1.0000000 1.0000000
vt 1.0000000 0.0000000
vt 0.0000000 0.0000000
vt 0.0000000 1.0000000
vt 1.0000000 1.0000000
vt 1.0000000 0.0000000
vt 0.0000000 0.0000000
vt 0.0000000 1.0000000
vt 1.0000000 1.0000000
vt 1.0000000 0.0000000
vt 0.0000000 0.0000000
vt 0.0000000 1.0000000
vt 1.0000000 1.0000000
vt 1.0000000 0.0000000
vt 0.0000000 0.0000000
vt 0.0000000 1.0000000
vt 1.0000000 1.0000000
vt 1.0000000 0.0000000
vt 0.0000000 0.0000000
vt 0.0000000 1.0000000
vt 1.0000000 1.0000000
vt 1.0000000 0.0000000
vt 0.0000000 0.0000000
vt 0.0000000 1.0000000
vt 1.0000000 1.0000000
vt 1.0000000 0.0000000
vt 0.0000000 0.0000000
vt 0.0000000 1.0000000
vt 1.0000000 1.0000000
vt 1.0000000 0.0000000
vt 0.0000000 0.0000000
vt 0.0000000 1.0000000
vt 1.0000000 1.0000000
vt 1.0000000 0.0000000
vt 0.0000000 0.0000000
vt 0.0000000 1.0000000
vt 1.0000000 1.0000000
vt 1.0000000 0.0000000
vt 0.0000000 0.0000000
vt 0.0000000 1.0000000
vt 1.0000000 1.0000000
vt 1.0000000 0.0000000
vt 0.0000000 0.0000000
vt 0.0000000 1.0000000
vt 1.0000000 1.0000000
vt 1.0000000 0.0000000
vt 0.0000000 0.0000000
vt 0.0000000 1.0000000
vt 1.0000000 1.0000000
vt 1.0000000 0.0000000
vt 0.0000000 0.0000000
vt 0.0000000 1.0000000
vt 1.0000000 1.0000000
vt 1.0000000 0.0000000
vt 0.0000000 0.0000000
vt 0.0000000 1.0000000
vt 1.0000000 1.0000000
vt 1.0000000 0.0000000
vt 0.0000000 0.0000000
vt 0.0000000 1.0000000
vt 1.0000000 1.0000000
vt 1.0000000 0.0000000
vt 0.0000000 0.0000000
vt 0.0000000 1.0000000
vt 1.0000000 1.0000000
vt 1.0000000 0.0000000
vt 0.0000000 0.0000000
vt 0.0000000 1.0000000
vt 1.0000000 1.0000000
vt 1.0000000 0.0000000
vt 0.0000000 0.0000000
vt 0.0000000 1.0000000
vt 1.0000000 1.0000000
vt 1.0000000 0.0000000
vt 0.0000000 0.0000000
vt 0.0000000 1.0000000
vt 1.0000000 1.0000000
vt 1.0000000 0.0000000
vt 0.0000000 0.0000000
vt 0.0000000 1.0000000
vt 1.0000000 1.0000000
vt 1.0000000 0.0000000
vt 0.0000000 0.0000000
vt 0.0000000 1.0000000
vt 1.0000000 1.0000000
vt 1.0000000 0.0000000
vt 0.0000000 0.0000000
vt 0.0000000 1.0000000
vt 1.0000000 1.0000000
vt 1.0000000 0.0000000
vt 0.0000000 0.0000000
vt 0.0000000 1.0000000
vt 1.0000000 1.0000000
vt 1.0000000 0.0000000
vt 0.0000000 0.0000000
vt 0.0000000 1.0000000
vt 1.0000000 1.0000000
vt 1.0000000 0.0000000
vt 0.0000000 0.0000000
vt 0.0000000 1.0000000
vt 1.0000000 1.0000000
vt 1.0000000 0.0000000
vt 0.0000000 0.0000000
vt 0.0000000 1.0000000
vt 1.0000000 1.0000000
vt 1.0000000 0.0000000
vt 0.0000000 0.0000000
vt 0.0000000 1.0000000
vt 1.0000000 1.0000000
vt 1.0000000 0.0000000
vt 0.0000000 0.0000000
vt 0.0000000 1.0000000
vt 1.0000000 1.0000000
vt 1.0000000 0.0000000
vt 0.0000000 0.0000000
vt 0.0000000 1.0000000
vt 1.0000000 1.0000000
vt 1.0000000 0.0000000
vt 0.0000000 0.0000000
vt 0.0000000 1.0000000
vt 1.0000000 1.0000000
vt 1.0000000 0.0000000
vt 0.0000000 0.0000000
vt 0.0000000 1.0000000
vt 1.0000000 1.0000000
vt 1.0000000 0.0000000
vt 0.0000000 0.0000000
vt 0.0000000 1.0000000
vt 1.0000000 1.0000000
vt 1.0000000 0.0000000
vt 0.0000000 0.0000000
vt 0.0000000 1.0000000
vt 1.0000000 1.0000000
vt 1.0000000 0.0000000
vt 0.0000000 0.0000000
vt 0.0000000 1.0000000
vt 1.0000000 1.0000000
vt 1.0000000 0.0000000
vt 0.0000000 0.0000000
vt 0.0000000 1.0000000
vt 1.0000000 1.0000000
vt 1.0000000 0.0000000
vt 0.0000000 0.0000000
vt 0.0000000 1.0000000
vt 1.0000000 1.0000000
vt 1.0000000 0.0000000
vt 0.0000000 0.0000000
vt 0.0000000 1.0000000
vt 1.0000000 1.0000000
vt 1.0000000 0.0000000
vt 0.0000000 0.0000000
vt 0.0000000 1.0000000
vt 1.0000000 1.0000000
vt 1.0000000 0.0000000
vt 0.0000000 0.0000000
vt 0.0000000 1.0000000
vt 1.0000000 1.0000000
vt 1.0000000 0.0000000
vt 0.0000000 0.0000000
vt 0.0000000 1.0000000
vt 1.0000000 1.0000000
vt 1.0000000 0.0000000
vt 0.0000000 0.0000000
vt 0.0000000 1.0000000
vt 1.0000000 1.0000000
vt 1.0000000 0.0000000
vt 0.0000000 0.0000000
vt 0.0000000 1.0000000
vt 1.0000000 1.0000000
vt 1.0000000 0.0000000
vt 0.0000000 0.0000000
vt 0.0000000 1.0000000
vt 1.0000000 1.0000000
vt 1.0000000 0.0000000
vt 0.0000000 0.0000000
vt 0.0000000 1.0000000
vt 1.0000000 1.0000000
vt 1.0000000 0.0000000
vt 0.0000000 0.0000000
vt 0.0000000 1.0000000
vt 1.0000000 1.0000000
vt 1.0000000 0.0000000
vt 0.0000000 0.0000000
vt 0.0000000 1.0000000
vt 1.0000000 1.0000000
vt 1.0000000 0.0000000
vt 0.0000000 0.0000000
vt 0.0000000 1.0000000
vt 1.0000000 1.0000000
vt 1.0000000 0.0000000
vt 0.0000000 0.0000000
vt 0.0000000 1.0000000
vt 1.0000000 1.0000000
vt 1.0000000 0.0000000
vt 0.0000000 0.0000000
vt 0.0000000 1.0000000
vt 1.0000000 1.0000000
vt 1.0000000 0.0000000
vt 0.0000000 0.0000000
vt 0.0000000 1.0000000
vt 1.0000000 1.0000000
vt 1.0000000 0.0000000
vt 0.0000000 0.0000000
vt 0.0000000 1.0000000
vt 1.0000000 1.0000000
vt 1.0000000 0.0000000
vt 0.0000000 0.0000000
vt 0.0000000 1.0000000
vt 1.0000000 1.0000000
vt 1.0000000 0.0000000
vt 0.0000000 0.0000000
vt 0.0000000 1.0000000
vt 1.0000000 1.0000000
vt 1.0000000 0.0000000
vt 0.0000000 0.0000000
vt 0.0000000 1.0000000
vt 1.0000000 1.0000000
vt 1.0000000 0.0000000
vt 0.0000000 0.0000000
vt 0.0000000 1.0000000
vt 1.0000000 1.0000000
vt 1.0000000 0.0000000
vt 0.0000000 0.0000000
vt 0.0000000 1.0000000
vt 1.0000000 1.0000000
vt 1.0000000 0.0000000
vt 0.0000000 0.0000000
vt 0.0000000 1.0000000
vt 1.0000000 1.0000000
vt 1.0000000 0.0000000
vt 0.0000000 0.0000000
vt 0.0000000 1.0000000
vt 1.0000000 1.0000000
vt 1.0000000 0.0000000
vt 0.0000000 0.0000000
vt 0.0000000 1.0000000
vt 1.0000000 1.0000000
vt 1.0000000 0.0000000
vt 0.0000000 0.0000000
vt 0.0000000 1.0000000
vt 1.0000000 1.0000000
vt 1.0000000 0.0000000
vt 0.0000000 0.0000000
vt 0.0000000 1.0000000
vt 1.0000000 1.0000000
vt 1.0000000 0.0000000
vt 0.0000000 0.0000000
vt 0.0000000 1.0000000
vt 1.0000000 1.0000000
vt 1.0000000 0.0000000
vt 0.0000000 0.0000000
vt 0.0000000 1.0000000
vt 1.0000000 1.0000000
vt 1.0000000 0.0000000
vt 0.0000000 0.0000000
vt 0.0000000 1.0000000
vt 1.0000000 1.0000000
vt 1.0000000 0.0000000
vt 0.0000000 0.0000000
vt 0.0000000 1.0000000
vt 1.0000000 1.0000000
vt 1.0000000 0.0000000
vt 0.0000000 0.0000000
vt 0.0000000 1.0000000
vt 1.0000000 1.0000000
vt 1.0000000 0.0000000
vt 0.0000000 0.0000000
vt 0.0000000 1.0000000
vt 1.0000000 1.0000000
vt 1.0000000 0.0000000
vt 0.0000000 0.0000000
vt 0.0000000 1.0000000
vt 1.0000000 1.0000000
vt 1.0000000 0.0000000
vt 0.0000000 0.0000000
vt 0.0000000 1.0000000
vt 1.0000000 1.0000000
vt 1.0000000 0.0000000
vt 0.0000000 0.0000000
vt 0.0000000 1.0000000
vt 1.0000000 1.0000000
vt 1.0000000 0.0000000
vt 0.0000000 0.0000000
vt 0.0000000 1.0000000
vt 1.0000000 1.0000000
vt 1.0000000 0.0000000
vt 0.0000000 0.0000000
vt 0.0000000 1.0000000
vt 1.0000000 1.0000000
vt 1.0000000 0.0000000
vt 0.0000000 0.0000000
vt 0.0000000 1.0000000
vt 1.0000000 1.0000000
vt 1.0000000 0.0000000
vt 0.0000000 0.0000000
vt 0.0000000 1.0000000
vt 1.0000000 1.0000000
vt 1.0000000 0.0000000
vt 0.0000000 0.0000000
vt 0.0000000 1.0000000
vt 1.0000000 1.0000000
vt 1.0000000 0.0000000
vt 0.0000000 0.0000000
vt 0.0000000 1.0000000
vt 1.0000000 1.0000000
vt 1.0000000 0.0000000
vt 0.0000000 0.0000000
vt 0.0000000 1.0000000
vt 1.0000000 1.0000000
vt 1.0000000 0.0000000
vt 0.0000000 0.0000000
vt 0.0000000 1.0000000
vt 1.0000000 1.0000000
vt 1.0000000 0.0000000
vt 0.0000000 0.0000000
vt 0.0000000 1.0000000
vt 1.0000000 1.0000000
vt 1.0000000 0.0000000
vt 0.0000000 0.0000000
vt 0.0000000 1.0000000
vt 1.0000000 1.0000000
vt 1.0000000 0.0000000
vt 0.0000000 0.0000000
vt 0.0000000 1.0000000
vt 1.0000000 1.0000000
vt 1.0000000 0.0000000
vt 0.0000000 0.0000000
vt 0.0000000 1.0000000
vt 1.0000000 1.0000000
vt 1.0000000 0.0000000
vt 0.0000000 0.0000000
vt 0.0000000 1.0000000
vt 1.0000000 1.0000000
vt 1.0000000 0.0000000
vt 0.0000000 0.0000000
vt 0.0000000 1.0000000
vt 1.0000000 1.0000000
vt 1.0000000 0.0000000
vt 0.0000000 0.0000000
vt 0.0000000 1.0000000
vt 1.0000000 1.0000000
vt 1.0000000 0.0000000
vt 0.0000000 0.0000000
vt 0.0000000 1.0000000
vt 1.0000000 1.0000000
vt 1.0000000 0.0000000
vt 0.0000000 0.0000000
vt 0.0000000 1.0000000
vt 1.0000000 1.0000000
vt 1.0000000 0.0000000
vt 0.0000000 0.0000000
vt 0.0000000 1.0000000
vt 1.0000000 1.0000000
vt 1.0000000 0.0000000
vt 0.0000000 0.0000000
vt 0.0000000 1.0000000
vt 1.0000000 1.0000000
vt 1.0000000 0.0000000
vt 0.0000000 0.0000000
vt 0.0000000 1.0000000
vt 1.0000000 1.0000000
vt 1.0000000 0.0000000
vt 0.0000000 0.0000000
vt 0.0000000 1.0000000
vt 1.0000000 1.0000000
vt 1.0000000 0.0000000
vt 0.0000000 0.0000000
vt 0.0000000 1.0000000
vt 1.0000000 1.0000000
vt 1.0000000 0.0000000
vt 0.0000000 0.0000000
vt 0.0000000 1.0000000
vt 1.0000000 1.0000000
vt 1.0000000 0.0000000
vt 0.0000000 0.0000000
vt 0.0000000 1.0000000
vt 1.0000000 1.0000000
vt 1.0000000 0.0000000
vt 0.0000000 0.0000000
vt 0.0000000 1.0000000
vt 1.0000000 1.0000000
vt 1.0000000 0.0000000
vt 0.0000000 0.0000000
vt 0.0000000 1.0000000
vt 1.0000000 1.0000000
vt 1.0000000 0.0000000
vt 0.0000000 0.0000000
vt 0.0000000 1.0000000
vt 1.0000000 1.0000000
vt 1.0000000 0.0000000
vt 0.0000000 0.0000000
vt 0.0000000 1.0000000
vt 1.0000000 1.0000000
vt 1.0000000 0.0000000
vt 0.0000000 0.0000000
vt 0.0000000 1.0000000
vt 1.0000000 1.0000000
vt 1.0000000 0.0000000
vt 0.0000000 0.0000000
vt 0.0000000 1.0000000
vt 1.0000000 1.0000000
vt 1.0000000 0.0000000
vt 0.0000000 0.0000000
vt 0.0000000 1.0000000
vt 1.0000000 1.0000000
vt 1.0000000 0.0000000
vt 0.0000000 0.0000000
vt 0.0000000 1.0000000
vt 1.0000000 1.0000000
vt 1.0000000 0.0000000
vt 0.0000000 0.0000000
vt 0.0000000 1.0000000
vt 1.0000000 1.0000000
vt 1.0000000 0.0000000
vt 0.0000000 0.0000000
vt 0.0000000 1.0000000
vt 1.0000000 1.0000000
vt 1.0000000 0.0000000
vt 0.0000000 0.0000000
vt 0.0000000 1.0000000
vt 1.0000000 1.0000000
vt 1.0000000 0.0000000
vt 0.0000000 0.0000000
vt 0.0000000 1.0000000
vt 1.0000000 1.0000000
vt 1.0000000 0.0000000
vt 0.0000000 0.0000000
vt 0.0000000 1.0000000
vt 1.0000000 1.0000000
vt 1.0000000 0.0000000
vt 0.0000000 0.0000000
vt 0.0000000 1.0000000
vt 1.0000000 1.0000000
vt 1.0000000 0.0000000
vt 0.0000000 0.0000000
vt 0.0000000 1.0000000
vt 1.0000000 1.0000000
vt 1.0000000 0.0000000
vt 0.0000000 0.0000000
vt 0.0000000 1.0000000
vt 1.0000000 1.0000000
vt 1.0000000 0.0000000
vt 0.0000000 0.0000000
vt 0.0000000 1.0000000
vt 1.0000000 1.0000000
vt 1.0000000 0.0000000
vt 0.0000000 0.0000000
vt 0.0000000 1.0000000
vt 1.0000000 1.0000000
vt 1.0000000 0.0000000
vt 0.0000000 0.0000000
vt 0.0000000 1.0000000
vt 1.0000000 1.0000000
vt 1.0000000 0.0000000
vt 0.0000000 0.0000000
vt 0.0000000 1.0000000
vt 1.0000000 1.0000000
vt 1.0000000 0.0000000
vt 0.0000000 0.0000000
vt 0.0000000 1.0000000
vt 1.0000000 1.0000000
vt 1.0000000 0.0000000
vt 0.0000000 0.0000000
vt 0.0000000 1.0000000
vt 1.0000000 1.0000000
vt 1.0000000 0.0000000
vt 0.0000000 0.0000000
vt 0.0000000 1.0000000
vt 1.0000000 1.0000000
vt 1.0000000 0.0000000
vt 0.0000000 0.0000000
vt 0.0000000 1.0000000
vt 1.0000000 1.0000000
vt 1.0000000 0.0000000
vt 0.0000000 0.0000000
vt 0.0000000 1.0000000
vt 1.0000000 1.0000000
vt 1.0000000 0.0000000
vt 0.0000000 0.0000000
vt 0.0000000 1.0000000
vt 1.0000000 1.0000000
vt 1.0000000 0.0000000
vt 0.0000000 0.0000000
vt 0.0000000 1.0000000
vt 1.0000000 1.0000000
vt 1.0000000 0.0000000
vt 0.0000000 0.0000000
vt 0.0000000 1.0000000
vt 1.0000000 1.0000000
vt 1.0000000 0.0000000
vt 0.0000000 0.0000000
vt 0.0000000 1.0000000
vt 1.0000000 1.0000000
vt 1.0000000 0.0000000
vt 0.0000000 0.0000000
vt 0.0000000 1.0000000
vt 1.0000000 1.0000000
vt 1.0000000 0.0000000
vt 0.0000000 0.0000000
vt 0.0000000 1.0000000
vt 1.0000000 1.0000000
vt 1.0000000 0.0000000
vt 0.0000000 0.0000000
vt 0.0000000 1.0000000
vt 1.0000000 1.0000000
vt 1.0000000 0.0000000
vt 0.0000000 0.0000000
vt 0.0000000 1.0000000
vt 1.0000000 1.0000000
vt 1.0000000 0.0000000
vt 0.0000000 0.0000000
vt 0.0000000 1.0000000
vt 1.0000000 1.0000000
vt 1.0000000 0.0000000
vt 0.0000000 0.0000000
vt 0.0000000 1.0000000
vt 1.0000000 1.0000000
vt 1.0000000 0.0000000
vt 0.0000000 0.0000000
vt 0.0000000 1.0000000
vt 1.0000000 1.0000000
vt 1.0000000 0.0000000
vt 0.0000000 0.0000000
vt 0.0000000 1.0000000
vt 1.0000000 1.0000000
vt 1.0000000 0.0000000
vt 0.0000000 0.0000000
vt 0.0000000 1.0000000
vt 1.0000000 1.0000000
vt 1.0000000 0.0000000
vt 0.0000000 0.0000000
vt 0.0000000 1.0000000
vt 1.0000000 1.0000000
vt 1.0000000 0.0000000
vt 0.0000000 0.0000000
vt 0.0000000 1.0000000
vt 1.0000000 1.0000000
vt 1.0000000 0.0000000
vt 0.0000000 0.0000000
vt 0.0000000 1.0000000
vt 1.0000000 1.0000000
vt 1.0000000 0.0000000
vt 0.0000000 0.0000000
vt 0.0000000 1.0000000
vt 1.0000000 1.0000000
vt 1.0000000 0.0000000
vt 0.0000000 0.0000000
vt 0.0000000 1.0000000
vt 1.0000000 1.0000000
vt 1.0000000 0.0000000
vt 0.0000000 0.0000000
vt 0.0000000 1.0000000
vt 1.0000000 1.0000000
vt 1.0000000 0.0000000
vt 0.0000000 0.0000000
vt 0.0000000 1.0000000
vt 1.0000000 1.0000000
vt 1.0000000 0.0000000
vt 0.0000000 0.0000000
vt 0.0000000 1.0000000
vt 1.0000000 1.0000000
vt 1.0000000 0.0000000
vt 0.0000000 0.0000000
vt 0.0000000 1.0000000
vt 1.0000000 1.0000000
vt 1.0000000 0.0000000
vt 0.0000000 0.0000000
vt 0.0000000 1.0000000
vt 1.0000000 1.0000000
vt 1.0000000 0.0000000
vt 0.0000000 0.0000000
vt 0.0000000 1.0000000
vt 1.0000000 1.0000000
vt 1.0000000 0.0000000
vt 0.0000000 0.0000000
vt 0.0000000 1.0000000
vt 1.0000000 1.0000000
vt 1.0000000 0.0000000
vt 0.0000000 0.0000000
vt 0.0000000 1.0000000
vt 1.0000000 1.0000000
vt 1.0000000 0.0000000
vt 0.0000000 0.0000000
vt 0.0000000 1.0000000
vt 1.0000000 1.0000000
vt 1.0000000 0.0000000
vt 0.0000000 0.0000000
vt 0.0000000 1.0000000
vt 1.0000000 1.0000000
vt 1.0000000 0.0000000
vt 0.0000000 0.0000000
vt 0.0000000 1.0000000
vt 1.0000000 1.0000000
vt 1.0000000 0.0000000
vt 0.0000000 0.0000000
vt 0.0000000 1.0000000
vt 1.0000000 1.0000000
vt 1.0000000 0.0000000
vt 0.0000000 0.0000000
vt 0.0000000 1.0000000
vt 1.0000000 1.0000000
vt 1.0000000 0.0000000
vt 0.0000000 0.0000000
vt 0.0000000 1.0000000
vt 1.0000000 1.0000000
vt 1.0000000 0.0000000
vt 0.0000000 0.0000000
vt 0.0000000 1.0000000
vt 1.0000000 1.0000000
vt 1.0000000 0.0000000
vt 0.0000000 0.0000000
vt 0.0000000 1.0000000
vt 1.0000000 1.0000000
vt 1.0000000 0.0000000
vt 0.0000000 0.0000000
vt 0.0000000 1.0000000
vt 1.0000000 1.0000000
vt 1.0000000 0.0000000
vt 0.0000000 0.0000000
vt 0.0000000 1.0000000
vt 1.0000000 1.0000000
vt 1.0000000 0.0000000
vt 0.0000000 0.0000000
vt 0.0000000 1.0000000
vt 1.0000000 1.0000000
vt 1.0000000 0.0000000
vt 0.0000000 0.0000000
vt 0.0000000 1.0000000
vt 1.0000000 1.0000000
vt 1.0000000 0.0000000
vt 0.0000000 0.0000000
vt 0.0000000 1.0000000
vt 1.0000000 1.0000000
vt 1.0000000 0.0000000
vt 0.0000000 0.0000000
vt 0.0000000 1.0000000
vt 1.0000000 1.0000000
vt 1.0000000 0.0000000
vt 0.0000000 0.0000000
vt 0.0000000 1.0000000
vt 1.0000000 1.0000000
vt 1.0000000 0.0000000
vt 0.0000000 0.0000000
vt 0.0000000 1.0000000
vt 1.0000000 1.0000000
vt 1.0000000 0.0000000
vt 0.0000000 0.0000000
vt 0.0000000 1.0000000
vt 1.0000000 1.0000000
vt 1.0000000 0.0000000
vt 0.0000000 0.0000000
vt 0.0000000 1.0000000
vt 1.0000000 1.0000000
vt 1.0000000 0.0000000
vt 0.0000000 0.0000000
vt 0.0000000 1.0000000
vt 1.0000000 1.0000000
vt 1.0000000 0.0000000
vt 0.0000000 0.0000000
vt 0.0000000 1.0000000
vt 1.0000000 1.0000000
vt 1.0000000 0.0000000
vt 0.0000000 0.0000000
vt 0.0000000 1.0000000
vt 1.0000000 1.0000000
vt 1.0000000 0.0000000
vt 0.0000000 0.0000000
vt 0.0000000 1.0000000
vt 1.0000000 1.0000000
vt 1.0000000 0.0000000
vt 0.0000000 0.0000000
vt 0.0000000 1.0000000
vt 1.0000000 1.0000000
vt 1.0000000 0.0000000
vt 0.0000000 0.0000000
vt 0.0000000 1.0000000
vt 1.0000000 1.0000000
vt 1.0000000 0.0000000
vt 0.0000000 0.0000000
vt 0.0000000 1.0000000
vt 1.0000000 1.0000000
vt 1.0000000 0.0000000
vt 0.0000000 0.0000000
vt 0.0000000 1.0000000
vt 1.0000000 1.0000000
vt 1.0000000 0.0000000
vt 0.0000000 0.0000000
vt 0.0000000 1.0000000
vt 1.0000000 1.0000000
vt 1.0000000 0.0000000
vt 0.0000000 0.0000000
vt 0.0000000 1.0000000
vt 1.0000000 1.0000000
vt 1.0000000 0.0000000
vt 0.0000000 0.0000000
vt 0.0000000 1.0000000
vt 1.0000000 1.0000000
vt 1.0000000 0.0000000
vt 0.0000000 0.0000000
vt 0.0000000 1.0000000
vt 1.0000000 1.0000000
vt 1.0000000 0.0000000
vt 0.0000000 0.0000000
vt 0.0000000 1.0000000
vt 1.0000000 1.0000000
vt 1.0000000 0.0000000
vt 0.0000000 0.0000000
vt 0.0000000 1.0000000
vt 1.0000000 1.0000000
vt 1.0000000 0.0000000
vt 0.0000000 0.0000000
vt 0.0000000 1.0000000
vt 1.0000000 1.0000000
vt 1.0000000 0.0000000
vt 0.0000000 0.0000000
vt 0.0000000 1.0000000
vt 1.0000000 1.0000000
vt 1.0000000 0.0000000
vt 0.0000000 0.0000000
vt 0.0000000 1.0000000
vt 1.0000000 1.0000000
vt 1.0000000 0.0000000
vt 0.0000000 0.0000000
vt 0.0000000 1.0000000
vt 1.0000000 1.0000000
vt 1.0000000 0.0000000
vt 0.0000000 0.0000000
vt 0.0000000 1.0000000
vt 1.0000000 1.0000000
vt 1.0000000 0.0000000
vt 0.0000000 0.0000000
vt 0.0000000 1.0000000
vt 1.0000000 1.0000000
vt 1.0000000 0.0000000
vt 0.0000000 0.0000000
vt 0.0000000 1.0000000
vt 1.0000000 1.0000000
vt 1.0000000 0.0000000
vt 0.0000000 0.0000000
vt 0.0000000 1.0000000
vt 1.0000000 1.0000000
vt 1.0000000 0.0000000
vt 0.0000000 0.0000000
vt 0.0000000 1.0000000
vt 1.0000000 1.0000000
vt 1.0000000 0.0000000
vt 0.0000000 0.0000000
vt 0.0000000 1.0000000
vt 1.0000000 1.0000000
vt 1.0000000 0.0000000
vt 0.0000000 0.0000000
vt 0.0000000 1.0000000
vt 1.0000000 1.0000000
vt 1.0000000 0.0000000
vt 0.0000000 0.0000000
vt 0.0000000 1.0000000
vt 1.0000000 1.0000000
vt 1.0000000 0.0000000
vt 0.0000000 0.0000000
vt 0.0000000 1.0000000
vt 1.0000000 1.0000000
vt 1.0000000 0.0000000
vt 0.0000000 0.0000000
vt 0.0000000 1.0000000
vt 1.0000000 1.0000000
vt 1.0000000 0.0000000
vt 0.0000000 0.0000000
vt 0.0000000 1.0000000
vt 1.0000000 1.0000000
vt 1.0000000 0.0000000
vt 0.0000000 0.0000000
vt 0.0000000 1.0000000
vt 1.0000000 1.0000000
vt 1.0000000 0.0000000
vt 0.0000000 0.0000000
vt 0.0000000 1.0000000
vt 1.0000000 1.0000000
vt 1.0000000 0.0000000
vt 0.0000000 0.0000000
vt 0.0000000 1.0000000
vt 1.0000000 1.0000000
vt 1.0000000 0.0000000
vt 0.0000000 0.0000000
vt 0.0000000 1.0000000
vt 1.0000000 1.0000000
vt 1.0000000 0.0000000
vt 0.0000000 0.0000000
vt 0.0000000 1.0000000
vt 1.0000000 1.0000000
vt 1.0000000 0.0000000
vt 0.0000000 0.0000000
vt 0.0000000 1.0000000
vt 1.0000000 1.0000000
vt 1.0000000 0.0000000
vt 0.0000000 0.0000000
vt 0.0000000 1.0000000
vt 1.0000000 1.0000000
vt 1.0000000 0.0000000
vt 0.0000000 0.0000000
vt 0.0000000 1.0000000
vt 1.0000000 1.0000000
vt 1.0000000 0.0000000
vt 0.0000000 0.0000000
vt 0.0000000 1.0000000
vt 1.0000000 1.0000000
vt 1.0000000 0.0000000
vt 0.0000000 0.0000000
vt 0.0000000 1.0000000
vt 1.0000000 1.0000000
vt 1.0000000 0.0000000
vt 0.0000000 0.0000000
vt 0.0000000 1.0000000
vt 1.0000000 1.0000000
vt 1.0000000 0.0000000
vt 0.0000000 0.0000000
vt 0.0000000 1.0000000
vt 1.0000000 1.0000000
vt 1.0000000 0.0000000
vt 0.0000000 0.0000000
vt 0.0000000 1.0000000
vt 1.0000000 1.0000000
vt 1.0000000 0.0000000
vt 0.0000000 0.0000000
vt 0.0000000 1.0000000
vt 1.0000000 1.0000000
vt 1.0000000 0.0000000
vt 0.0000000 0.0000000
vt 0.0000000 1.0000000
vt 1.0000000 1.0000000
vt 1.0000000 0.0000000
vt 0.0000000 0.0000000
vt 0.0000000 1.0000000
vt 1.0000000 1.0000000
vt 1.0000000 0.0000000
vt 0.0000000 0.0000000
vt 0.0000000 1.0000000
vt 1.0000000 1.0000000
vt 1.0000000 0.0000000
vt 0.0000000 0.0000000
vt 0.0000000 1.0000000
vt 1.0000000 1.0000000
vt 1.0000000 0.0000000
vt 0.0000000 0.0000000
vt 0.0000000 1.0000000
vt 1.0000000 1.0000000
vt 1.0000000 0.0000000
vt 0.0000000 0.0000000
vt 0.0000000 1.0000000
vt 1.0000000 1.0000000
vt 1.0000000 0.0000000
vt 0.0000000 0.0000000
vt 0.0000000 1.0000000
vt 1.0000000 1.0000000
vt 1.0000000 0.0000000
vt 0.0000000 0.0000000
vt 0.0000000 1.0000000
vt 1.0000000 1.0000000
vt 1.0000000 0.0000000
vt 0.0000000 0.0000000
vt 0.0000000 1.0000000
vt 1.0000000 1.0000000
vt 1.0000000 0.0000000
vt 0.0000000 0.0000000
vt 0.0000000 1.0000000
vt 1.0000000 1.0000000
vt 1.0000000 0.0000000
vt 0.0000000 0.0000000
vt 0.0000000 1.0000000
vt 1.0000000 1.0000000
vt 1.0000000 0.0000000
vt 0.0000000 0.0000000
vt 0.0000000 1.0000000
vt 1.0000000 1.0000000
vt 1.0000000 0.0000000
vt 0.0000000 0.0000000
vt 0.0000000 1.0000000
vt 1.0000000 1.0000000
vt 1.0000000 0.0000000
vt 0.0000000 0.0000000
vt 0.0000000 1.0000000
vt 1.0000000 1.0000000
vt 1.0000000 0.0000000
vt 0.0000000 0.0000000
vt 0.0000000 1.0000000
vt 1.0000000 1.0000000
vt 1.0000000 0.0000000
vt 0.0000000 0.0000000
vt 0.0000000 1.0000000
vt 1.0000000 1.0000000
vt 1.0000000 0.0000000
vt 0.0000000 0.0000000
vt 0.0000000 1.0000000
vt 1.0000000 1.0000000
vt 1.0000000 0.0000000
vt 0.0000000 0.0000000
vt 0.0000000 1.0000000
vt 1.0000000 1.0000000
vt 1.0000000 0.0000000
vt 0.0000000 0.0000000
vt 0.0000000 1.0000000
vt 1.0000000 1.0000000
vt 1.0000000 0.0000000
vt 0.0000000 0.0000000
vt 0.0000000 1.0000000
vt 1.0000000 1.0000000
vt 1.0000000 0.0000000
vt 0.0000000 0.0000000
vt 0.0000000 1.0000000
vt 1.0000000 1.0000000
vt 1.0000000 0.0000000
vt 0.0000000 0.0000000
vt 0.0000000 1.0000000
vt 1.0000000 1.0000000
vt 1.0000000 0.0000000
vt 0.0000000 0.0000000
vt 0.0000000 1.0000000
vt 1.0000000 1.0000000
vt 1.0000000 0.0000000
vt 0.0000000 0.0000000
vt 0.0000000 1.0000000
vt 1.0000000 1.0000000
vt 1.0000000 0.0000000
vt 0.0000000 0.0000000
vt 0.0000000 1.0000000
vt 1.0000000 1.0000000
vt 1.0000000 0.0000000
vt 0.0000000 0.0000000
vt 0.0000000 1.0000000
vt 1.0000000 1.0000000
vt 1.0000000 0.0000000
vt 0.0000000 0.0000000
vt 0.0000000 1.0000000
vt 1.0000000 1.0000000
vt 1.0000000 0.0000000
vt 0.0000000 0.0000000
vt 0.0000000 1.0000000
vt 1.0000000 1.0000000
vt 1.0000000 0.0000000
vt 0.0000000 0.0000000
vt 0.0000000 1.0000000
vt 1.0000000 1.0000000
vt 1.0000000 0.0000000
vt 0.0000000 0.0000000
vt 0.0000000 1.0000000
vt 1.0000000 1.0000000
vt 1.0000000 0.0000000
vt 0.0000000 0.0000000
vt 0.0000000 1.0000000
vt 1.0000000 1.0000000
vt 1.0000000 0.0000000
vt 0.0000000 0.0000000
vt 0.0000000 1.0000000
vt 1.0000000 1.0000000
vt 1.0000000 0.0000000
vt 0.0000000 0.0000000
vt 0.0000000 1.0000000
vt 1.0000000 1.0000000
vt 1.0000000 0.0000000
vt 0.0000000 0.0000000
vt 0.0000000 1.0000000
vt 1.0000000 1.0000000
vt 1.0000000 0.0000000
vt 0.0000000 0.0000000
vt 0.0000000 1.0000000
vt 1.0000000 1.0000000
vt 1.0000000 0.0000000
vt 0.0000000 0.0000000
vt 0.0000000 1.0000000
vt 1.0000000 1.0000000
vt 1.0000000 0.0000000
vt 0.0000000 0.0000000
vt 0.0000000 1.0000000
vt 1.0000000 1.0000000
vt 1.0000000 0.0000000
vt 0.0000000 0.0000000
vt 0.0000000 1.0000000
vt 1.0000000 1.0000000
vt 1.0000000 0.0000000
vt 0.0000000 0.0000000
vt 0.0000000 1.0000000
vt 1.0000000 1.0000000
vt 1.0000000 0.0000000
vt 0.0000000 0.0000000
vt 0.0000000 1.0000000
vt 1.0000000 1.0000000
vt 1.0000000 0.0000000
vt 0.0000000 0.0000000
vt 0.0000000 1.0000000
vt 1.0000000 1.0000000
vt 1.0000000 0.0000000
vt 0.0000000 0.0000000
vt 0.0000000 1.0000000
vt 1.0000000 1.0000000
vt 1.0000000 0.0000000
vt 0.0000000 0.0000000
vt 0.0000000 1.0000000
vt 1.0000000 1.0000000
vt 1.0000000 0.0000000
vt 0.0000000 0.0000000
vt 0.0000000 1.0000000
vt 1.0000000 1.0000000
vt 1.0000000 0.0000000
vt 0.0000000 0.0000000
vt 0.0000000 1.0000000
vt 1.0000000 1.0000000
vt 1.0000000 0.0000000
vt 0.0000000 0.0000000
vt 0.0000000 1.0000000
vt 1.0000000 1.0000000
vt 1.0000000 0.0000000
vt 0.0000000 0.0000000
vt 0.0000000 1.0000000
vt 1.0000000 1.0000000
vt 1.0000000 0.0000000
vt 0.0000000 0.0000000
vt 0.0000000 1.0000000
vt 1.0000000 1.0000000
vt 1.0000000 0.0000000
vt 0.0000000 0.0000000
vt 0.0000000 1.0000000
vt 1.0000000 1.0000000
vt 1.0000000 0.0000000
vt 0.0000000 0.0000000
vt 0.0000000 1.0000000
vt 1.0000000 1.0000000
vt 1.0000000 0.0000000
vt 0.0000000 0.0000000
vt 0.0000000 1.0000000
vt 1.0000000 1.0000000
vt 1.0000000 0.0000000
vt 0.0000000 0.0000000
vt 0.0000000 1.0000000
vt 1.0000000 1.0000000
vt 1.0000000 0.0000000
vt 0.0000000 0.0000000
vt 0.0000000 1.0000000
vt 1.0000000 1.0000000
vt 1.0000000 0.0000000
vt 0.0000000 0.0000000
vt 0.0000000 1.0000000
vt 1.0000000 1.0000000
vt 1.0000000 0.0000000
vt 0.0000000 0.0000000
vt 0.0000000 1.0000000
vt 1.0000000 1.0000000
vt 1.0000000 0.0000000
vt 0.0000000 0.0000000
vt 0.0000000 1.0000000
vt 1.0000000 1.0000000
vt 1.0000000 0.0000000
vt 0.0000000 0.0000000
vt 0.0000000 1.0000000
vt 1.0000000 1.0000000
vt 1.0000000 0.0000000
vt 0.0000000 0.0000000
vt 0.0000000 1.0000000
vt 1.0000000 1.0000000
vt 1.0000000 0.0000000
vt 0.0000000 0.0000000
vt 0.0000000 1.0000000
vt 1.0000000 1.0000000
vt 1.0000000 0.0000000
vt 0.0000000 0.0000000
vt 0.0000000 1.0000000
vt 1.0000000 1.0000000
vt 1.0000000 0.0000000
vt 0.0000000 0.0000000
vt 0.0000000 1.0000000
vt 1.0000000 1.0000000
vt 1.0000000 0.0000000
vt 0.0000000 0.0000000
vt 0.0000000 1.0000000
vt 1.0000000 1.0000000
vt 1.0000000 0.0000000
vt 0.0000000 0.0000000
vt 0.0000000 1.0000000
vt 1.0000000 1.0000000
vt 1.0000000 0.0000000
vt 0.0000000 0.0000000
vt 0.0000000 1.0000000
vt 1.0000000 1.0000000
vt 1.0000000 0.0000000
vt 0.0000000 0.0000000
vt 0.0000000 1.0000000
vt 1.0000000 1.0000000
vt 1.0000000 0.0000000
vt 0.0000000 0.0000000
vt 0.0000000 1.0000000
vt 1.0000000 1.0000000
vt 1.0000000 0.0000000
vt 0.0000000 0.0000000
vt 0.0000000 1.0000000
vt 1.0000000 1.0000000
vt 1.0000000 0.0000000
vt 0.0000000 0.0000000
vt 0.0000000 1.0000000
vt 1.0000000 1.0000000
vt 1.0000000 0.0000000
vt 0.0000000 0.0000000
vt 0.0000000 1.0000000
vt 1.0000000 1.0000000
vt 1.0000000 0.0000000
vt 0.0000000 0.0000000
vt 0.0000000 1.0000000
vt 1.0000000 1.0000000
vt 1.0000000 0.0000000
vt 0.0000000 0.0000000
vt 0.0000000 1.0000000
vt 1.0000000 1.0000000
vt 1.0000000 0.0000000
vt 0.0000000 0.0000000
vt 0.0000000 1.0000000
vt 1.0000000 1.0000000
vt 1.0000000 0.0000000
vt 0.0000000 0.0000000
vt 0.0000000 1.0000000
vt 1.0000000 1.0000000
vt 1.0000000 0.0000000
vt 0.0000000 0.0000000
vt 0.0000000 1.0000000
vt 1.0000000 1.0000000
vt 1.0000000 0.0000000
vt 0.0000000 0.0000000
vt 0.0000000 1.0000000
vt 1.0000000 1.0000000
vt 1.0000000 0.0000000
vt 0.0000000 0.0000000
vt 0.0000000 1.0000000
vt 1.0000000 1.0000000
vt 1.0000000 0.0000000
vt 0.0000000 0.0000000
vt 0.0000000 1.0000000
vt 1.0000000 1.0000000
vt 1.0000000 0.0000000
vt 0.0000000 0.0000000
vt 0.0000000 1.0000000
vt 1.0000000 1.0000000
vt 1.0000000 0.0000000
vt 0.0000000 0.0000000
vt 0.0000000 1.0000000
vt 1.0000000 1.0000000
vt 1.0000000 0.0000000
vt 0.0000000 0.0000000
vt 0.0000000 1.0000000
vt 1.0000000 1.0000000
vt 1.0000000 0.0000000
vt 0.0000000 0.0000000
vt 0.0000000 1.0000000
vt 1.0000000 1.0000000
vt 1.0000000 0.0000000
vt 0.0000000 0.0000000
vt 0.0000000 1.0000000
vt 1.0000000 1.0000000
vt 1.0000000 0.0000000
vt 0.0000000 0.0000000
vt 0.0000000 1.0000000
vt 1.0000000 1.0000000
vt 1.0000000 0.0000000
vt 0.0000000 0.0000000
vt 0.0000000 1.0000000
vt 1.0000000 1.0000000
vt 1.0000000 0.0000000
vt 0.0000000 0.0000000
vt 0.0000000 1.0000000
vt 1.0000000 1.0000000
vt 1.0000000 0.0000000
vt 0.0000000 0.0000000
vt 0.0000000 1.0000000
vt 1.0000000 1.0000000
vt 1.0000000 0.0000000
vt 0.0000000 0.0000000
vt 0.0000000 1.0000000
vt 1.0000000 1.0000000
vt 1.0000000 0.0000000
vt 0.0000000 0.0000000
vt 0.0000000 1.0000000
vt 1.0000000 1.0000000
vt 1.0000000 0.0000000
vt 0.0000000 0.0000000
vt 0.0000000 1.0000000
vt 1.0000000 1.0000000
vt 1.0000000 0.0000000
vt 0.0000000 0.0000000
vt 0.0000000 1.0000000
vt 1.0000000 1.0000000
vt 1.0000000 0.0000000
vt 0.0000000 0.0000000
vt 0.0000000 1.0000000
vt 1.0000000 1.0000000
vt 1.0000000 0.0000000
vt 0.0000000 0.0000000
vt 0.0000000 1.0000000
vt 1.0000000 1.0000000
vt 1.0000000 0.0000000
vt 0.0000000 0.0000000
vt 0.0000000 1.0000000
vt 1.0000000 1.0000000
vt 1.0000000 0.0000000
vt 0.0000000 0.0000000
vt 0.0000000 1.0000000
vt 1.0000000 1.0000000
vt 1.0000000 0.0000000
vt 0.0000000 0.0000000
vt 0.0000000 1.0000000
vt 1.0000000 1.0000000
vt 1.0000000 0.0000000
vt 0.0000000 0.0000000
vt 0.0000000 1.0000000
vt 1.0000000 1.0000000
vt 1.0000000 0.0000000
vt 0.0000000 0.0000000
vt 0.0000000 1.0000000
vt 1.0000000 1.0000000
vt 1.0000000 0.0000000
vt 0.0000000 0.0000000
vt 0.0000000 1.0000000
vt 1.0000000 1.0000000
vt 1.0000000 0.0000000
vt 0.0000000 0.0000000
vt 0.0000000 1.0000000
vt 1.0000000 1.0000000
vt 1.0000000 0.0000000
vt 0.0000000 0.0000000
vt 0.0000000 1.0000000
vt 1.0000000 1.0000000
vt 1.0000000 0.0000000
vt 0.0000000 0.0000000
vt 0.0000000 1.0000000
vt 1.0000000 1.0000000
vt 1.0000000 0.0000000
vt 0.0000000 0.0000000
vt 0.0000000 1.0000000
vt 1.0000000 1.0000000
vt 1.0000000 0.0000000
vt 0.0000000 0.0000000
vt 0.0000000 1.0000000
vt 1.0000000 1.0000000
vt 1.0000000 0.0000000
vt 0.0000000 0.0000000
vt 0.0000000 1.0000000
vt 1.0000000 1.0000000
vt 1.0000000 0.0000000
vt 0.0000000 0.0000000
vt 0.0000000 1.0000000
vt 1.0000000 1.0000000
vt 1.0000000 0.0000000
vt 0.0000000 0.0000000
vt 0.0000000 1.0000000
vt 1.0000000 1.0000000
vt 1.0000000 0.0000000
vt 0.0000000 0.0000000
vt 0.0000000 1.0000000
vt 1.0000000 1.0000000
vt 1.0000000 0.0000000
vt 0.0000000 0.0000000
vt 0.0000000 1.0000000
vt 1.0000000 1.0000000
vt 1.0000000 0.0000000
vt 0.0000000 0.0000000
vt 0.0000000 1.0000000
vt 1.0000000 1.0000000
vt 1.0000000 0.0000000
vt 0.0000000 0.0000000
vt 0.0000000 1.0000000
vt 1.0000000 1.0000000
vt 1.0000000 0.0000000
vt 0.0000000 0.0000000
vt 0.0000000 1.0000000
vt 1.0000000 1.0000000
vt 1.0000000 0.0000000
vt 0.0000000 0.0000000
vt 0.0000000 1.0000000
vt 1.0000000 1.0000000
vt 1.0000000 0.0000000
vt 0.0000000 0.0000000
vt 0.0000000 1.0000000
vt 1.0000000 1.0000000
vt 1.0000000 0.0000000
vt 0.0000000 0.0000000
vt 0.0000000 1.0000000
vt 1.0000000 1.0000000
vt 1.0000000 0.0000000
vt 0.0000000 0.0000000
vt 0.0000000 1.0000000
vt 1.0000000 1.0000000
vt 1.0000000 0.0000000
vt 0.0000000 0.0000000
vt 0.0000000 1.0000000
vt 1.0000000 1.0000000
vt 1.0000000 0.0000000
vt 0.0000000 0.0000000
vt 0.0000000 1.0000000
vt 1.0000000 1.0000000
vt 1.0000000 0.0000000
vt 0.0000000 0.0000000
vt 0.0000000 1.0000000
vt 1.0000000 1.0000000
vt 1.0000000 0.0000000
vt 0.0000000 0.0000000
vt 0.0000000 1.0000000
vt 1.0000000 1.0000000
vt 1.0000000 0.0000000
vt 0.0000000 0.0000000
vt 0.0000000 1.0000000
vt 1.0000000 1.0000000
vt 1.0000000 0.0000000
vt 0.0000000 0.0000000
vt 0.0000000 1.0000000
vt 1.0000000 1.0000000
vt 1.0000000 0.0000000
vt 0.0000000 0.0000000
vt 0.0000000 1.0000000
vt 1.0000000 1.0000000
vt 1.0000000 0.0000000
vt 0.0000000 0.0000000
vt 0.0000000 1.0000000
vt 1.0000000 1.0000000
vt 1.0000000 0.0000000
vt 0.0000000 0.0000000
vt 0.0000000 1.0000000
vt 1.0000000 1.0000000
vt 1.0000000 0.0000000
vt 0.0000000 0.0000000
vt 0.0000000 1.0000000
vt 1.0000000 1.0000000
vt 1.0000000 0.0000000
vt 0.0000000 0.0000000
vt 0.0000000 1.0000000
vt 1.0000000 1.0000000
vt 1.0000000 0.0000000
vt 0.0000000 0.0000000
vt 0.0000000 1.0000000
vt 1.0000000 1.0000000
vt 1.0000000 0.0000000
vt 0.0000000 0.0000000
vt 0.0000000 1.0000000
vt 1.0000000 1.0000000
vt 1.0000000 0.0000000
vt 0.0000000 0.0000000
vt 0.0000000 1.0000000
vt 1.0000000 1.0000000
vt 1.0000000 0.0000000
vt 0.0000000 0.0000000
vt 0.0000000 1.0000000
vt 1.0000000 1.0000000
vt 1.0000000 0.0000000
vt 0.0000000 0.0000000
vt 0.0000000 1.0000000
vt 1.0000000 1.0000000
vt 1.0000000 0.0000000
vt 0.0000000 0.0000000
vt 0.0000000 1.0000000
vt 1.0000000 1.0000000
vt 1.0000000 0.0000000
vt 0.0000000 0.0000000
vt 0.0000000 1.0000000
vt 1.0000000 1.0000000
vt 1.0000000 0.0000000
vt 0.0000000 0.0000000
vt 0.0000000 1.0000000
vt 1.0000000 1.0000000
vt 1.0000000 0.0000000
vt 0.0000000 0.0000000
vt 0.0000000 1.0000000
vt 1.0000000 1.0000000
vt 1.0000000 0.0000000
vt 0.0000000 0.0000000
vt 0.0000000 1.0000000
vt 1.0000000 1.0000000
vt 1.0000000 0.0000000
vt 0.0000000 0.0000000
vt 0.0000000 1.0000000
vt 1.0000000 1.0000000
vt 1.0000000 0.0000000
vt 0.0000000 0.0000000
vt 0.0000000 1.0000000
vt 1.0000000 1.0000000
vt 1.0000000 0.0000000
vt 0.0000000 0.0000000
vt 0.0000000 1.0000000
vt 1.0000000 1.0000000
vt 1.0000000 0.0000000
vt 0.0000000 0.0000000
vt 0.0000000 1.0000000
vt 1.0000000 1.0000000
vt 1.0000000 0.0000000
vt 0.0000000 0.0000000
vt 0.0000000 1.0000000
vt 1.0000000 1.0000000
vt 1.0000000 0.0000000
vt 0.0000000 0.0000000
vt 0.0000000 1.0000000
vt 1.0000000 1.0000000
vt 1.0000000 0.0000000
vt 0.0000000 0.0000000
vt 0.0000000 1.0000000
vt 1.0000000 1.0000000
vt 1.0000000 0.0000000
vt 0.0000000 0.0000000
vt 0.0000000 1.0000000
vt 1.0000000 1.0000000
vt 1.0000000 0.0000000
vt 0.0000000 0.0000000
vt 0.0000000 1.0000000
vt 1.0000000 1.0000000
vt 1.0000000 0.0000000
vt 0.0000000 0.0000000
vt 0.0000000 1.0000000
vt 1.0000000 1.0000000
vt 1.0000000 0.0000000
vt 0.0000000 0.0000000
vt 0.0000000 1.0000000
vt 1.0000000 1.0000000
vt 1.0000000 0.0000000
vt 0.0000000 0.0000000
vt 0.0000000 1.0000000
vt 1.0000000 1.0000000
vt 1.0000000 0.0000000
vt 0.0000000 0.0000000
vt 0.0000000 1.0000000
vt 1.0000000 1.0000000
vt 1.0000000 0.0000000
vt 0.0000000 0.0000000
vt 0.0000000 1.0000000
vt 1.0000000 1.0000000
vt 1.0000000 0.0000000
vt 0.0000000 0.0000000
vt 0.0000000 1.0000000
vt 1.0000000 1.0000000
vt 1.0000000 0.0000000
vt 0.0000000 0.0000000
vt 0.0000000 1.0000000
vt 1.0000000 1.0000000
vt 1.0000000 0.0000000
vt 0.0000000 0.0000000
vt 0.0000000 1.0000000
vt 1.0000000 1.0000000
vt 1.0000000 0.0000000
vt 0.0000000 0.0000000
vt 0.0000000 1.0000000
vt 1.0000000 1.0000000
vt 1.0000000 0.0000000
vt 0.0000000 0.0000000
vt 0.0000000 1.0000000
vt 1.0000000 1.0000000
vt 1.0000000 0.0000000
vt 0.0000000 0.0000000
vt 0.0000000 1.0000000
vt 1.0000000 1.0000000
vt 1.0000000 0.0000000
vt 0.0000000 0.0000000
vt 0.0000000 1.0000000
vt 1.0000000 1.0000000
vt 1.0000000 0.0000000
vt 0.0000000 0.0000000
vt 0.0000000 1.0000000
vt 1.0000000 1.0000000
vt 1.0000000 0.0000000
vt 0.0000000 0.0000000
vt 0.0000000 1.0000000
vt 1.0000000 1.0000000
vt 1.0000000 0.0000000
vt 0.0000000 0.0000000
vt 0.0000000 1.0000000
vt 1.0000000 1.0000000
vt 1.0000000 0.0000000
vt 0.0000000 0.0000000
vt 0.0000000 1.0000000
vt 1.0000000 1.0000000
vt 1.0000000 0.0000000
vt 0.0000000 0.0000000
vt 0.0000000 1.0000000
vt 1.0000000 1.0000000
vt 1.0000000 0.0000000
vt 0.0000000 0.0000000
vt 0.0000000 1.0000000
vt 1.0000000 1.0000000
vt 1.0000000 0.0000000
vt 0.0000000 0.0000000
vt 0.0000000 1.0000000
vt 1.0000000 1.0000000
vt 1.0000000 0.0000000
vt 0.0000000 0.0000000
vt 0.0000000 1.0000000
vt 1.0000000 1.0000000
vt 1.0000000 0.0000000
vt 0.0000000 0.0000000
vt 0.0000000 1.0000000
vt 1.0000000 1.0000000
vt 1.0000000 0.0000000
vt 0.0000000 0.0000000
vt 0.0000000 1.0000000
vt 1.0000000 1.0000000
vt 1.0000000 0.0000000
vt 0.0000000 0.0000000
vt 0.0000000 1.0000000
vt 1.0000000 1.0000000
vt 1.0000000 0.0000000
vt 0.0000000 0.0000000
vt 0.0000000 1.0000000
vt 1.0000000 1.0000000
vt 1.0000000 0.0000000
vt 0.0000000 0.0000000
vt 0.0000000 1.0000000
vt 1.0000000 1.0000000
vt 1.0000000 0.0000000
vt 0.0000000 0.0000000
vt 0.0000000 1.0000000
vt 1.0000000 1.0000000
vt 1.0000000 0.0000000
vt 0.0000000 0.0000000
vt 0.0000000 1.0000000
vt 1.0000000 1.0000000
vt 1.0000000 0.0000000
vt 0.0000000 0.0000000
vt 0.0000000 1.0000000
vt 1.0000000 1.0000000
vt 1.0000000 0.0000000
vt 0.0000000 0.0000000
vt 0.0000000 1.0000000
vt 1.0000000 1.0000000
vt 1.0000000 0.0000000
vt 0.0000000 0.0000000
vt 0.0000000 1.0000000
vt 1.0000000 1.0000000
vt 1.0000000 0.0000000
vt 0.0000000 0.0000000
vt 0.0000000 1.0000000
vt 1.0000000 1.0000000
vt 1.0000000 0.0000000
vt 0.0000000 0.0000000
vt 0.0000000 1.0000000
vt 1.0000000 1.0000000
vt 1.0000000 0.0000000
vt 0.0000000 0.0000000
vt 0.0000000 1.0000000
vt 1.0000000 1.0000000
vt 1.0000000 0.0000000
vt 0.0000000 0.0000000
vt 0.0000000 1.0000000
vt 1.0000000 1.0000000
vt 1.0000000 0.0000000
vt 0.0000000 0.0000000
vt 0.0000000 1.0000000
vt 1.0000000 1.0000000
vt 1.0000000 0.0000000
vt 0.0000000 0.0000000
vt 0.0000000 1.0000000
vt 1.0000000 1.0000000
vt 1.0000000 0.0000000
vt 0.0000000 0.0000000
vt 0.0000000 1.0000000
vt 1.0000000 1.0000000
vt 1.0000000 0.0000000
vt 0.0000000 0.0000000
vt 0.0000000 1.0000000
vt 1.0000000 1.0000000
vt 1.0000000 0.0000000
vt 0.0000000 0.0000000
vt 0.0000000 1.0000000
vt 1.0000000 1.0000000
vt 1.0000000 0.0000000
vt 0.0000000 0.0000000
vt 0.0000000 1.0000000
vt 1.0000000 1.0000000
vt 1.0000000 0.0000000
vt 0.0000000 0.0000000
vt 0.0000000 1.0000000
vt 1.0000000 1.0000000
vt 1.0000000 0.0000000
vt 0.0000000 0.0000000
vt 0.0000000 1.0000000
vt 1.0000000 1.0000000
vt 1.0000000 0.0000000
vt 0.0000000 0.0000000
vt 0.0000000 1.0000000
vt 1.0000000 1.0000000
vt 1.0000000 0.0000000
vt 0.0000000 0.0000000
vt 0.0000000 1.0000000
vt 1.0000000 1.0000000
vt 1.0000000 0.0000000
vt 0.0000000 0.0000000
vt 0.0000000 1.0000000
vt 1.0000000 1.0000000
vt 1.0000000 0.0000000
vt 0.0000000 0.0000000
vt 0.0000000 1.0000000
vt 1.0000000 1.0000000
vt 1.0000000 0.0000000
vt 0.0000000 0.0000000
vt 0.0000000 1.0000000
vt 1.0000000 1.0000000
vt 1.0000000 0.0000000
vt 0.0000000 0.0000000
vt 0.0000000 1.0000000
vt 1.0000000 1.0000000
vt 1.0000000 0.0000000
vt 0.0000000 0.0000000
vt 0.0000000 1.0000000
vt 1.0000000 1.0000000
vt 1.0000000 0.0000000
vt 0.0000000 0.0000000
vt 0.0000000 1.0000000
vt 1.0000000 1.0000000
vt 1.0000000 0.0000000
vt 0.0000000 0.0000000
vt 0.0000000 1.0000000
vt 1.0000000 1.0000000
vt 1.0000000 0.0000000
vt 0.0000000 0.0000000
vt 0.0000000 1.0000000
vt 1.0000000 1.0000000
vt 1.0000000 0.0000000
vt 0.0000000 0.0000000
vt 0.0000000 1.0000000
vt 1.0000000 1.0000000
vt 1.0000000 0.0000000
vt 0.0000000 0.0000000
vt 0.0000000 1.0000000
vt 1.0000000 1.0000000
vt 1.0000000 0.0000000
vt 0.0000000 0.0000000
vt 0.0000000 1.0000000
vt 1.0000000 1.0000000
vt 1.0000000 0.0000000
vt 0.0000000 0.0000000
vt 0.0000000 1.0000000
vt 1.0000000 1.0000000
vt 1.0000000 0.0000000
vt 0.0000000 0.0000000
vt 0.0000000 1.0000000
vt 1.0000000 1.0000000
vt 1.0000000 0.0000000
vt 0.0000000 0.0000000
vt 0.0000000 1.0000000
vt 1.0000000 1.0000000
vt 1.0000000 0.0000000
vt 0.0000000 0.0000000
vt 0.0000000 1.0000000
vt 1.0000000 1.0000000
vt 1.0000000 0.0000000
vt 0.0000000 0.0000000
vt 0.0000000 1.0000000
vt 1.0000000 1.0000000
vt 1.0000000 0.0000000
vt 0.0000000 0.0000000
vt 0.0000000 1.0000000
vt 1.0000000 1.0000000
vt 1.0000000 0.0000000
vt 0.0000000 0.0000000
vt 0.0000000 1.0000000
vt 1.0000000 1.0000000
vt 1.0000000 0.0000000
vt 0.0000000 0.0000000
vt 0.0000000 1.0000000
vt 1.0000000 1.0000000
vt 1.0000000 0.0000000
vt 0.0000000 0.0000000
vt 0.0000000 1.0000000
vt 1.0000000 1.0000000
vt 1.0000000 0.0000000
vt 0.0000000 0.0000000
vt 0.0000000 1.0000000
vt 1.0000000 1.0000000
vt 1.0000000 0.0000000
vt 0.0000000 0.0000000
vt 0.0000000 1.0000000
vt 1.0000000 1.0000000
vt 1.0000000 0.0000000
vt 0.0000000 0.0000000
vt 0.0000000 1.0000000
vt 1.0000000 1.0000000
vt 1.0000000 0.0000000
vt 0.0000000 0.0000000
vt 0.0000000 1.0000000
vt 1.0000000 1.0000000
vt 1.0000000 0.0000000
vt 0.0000000 0.0000000
vt 0.0000000 1.0000000
vt 1.0000000 1.0000000
vt 1.0000000 0.0000000
vt 0.0000000 0.0000000
vt 0.0000000 1.0000000
vt 1.0000000 1.0000000
vt 1.0000000 0.0000000
vt 0.0000000 0.0000000
vt 0.0000000 1.0000000
vt 1.0000000 1.0000000
vt 1.0000000 0.0000000
vt 0.0000000 0.0000000
vt 0.0000000 1.0000000
vt 1.0000000 1.0000000
vt 1.0000000 0.0000000
vt 0.0000000 0.0000000
vt 0.0000000 1.0000000
vt 1.0000000 1.0000000
vt 1.0000000 0.0000000
vt 0.0000000 0.0000000
vt 0.0000000 1.0000000
vt 1.0000000 1.0000000
vt 1.0000000 0.0000000
vt 0.0000000 0.0000000
vt 0.0000000 1.0000000
vt 1.0000000 1.0000000
vt 1.0000000 0.0000000
vt 0.0000000 0.0000000
vt 0.0000000 1.0000000
vt 1.0000000 1.0000000
vt 1.0000000 0.0000000
vt 0.0000000 0.0000000
vt 0.0000000 1.0000000
vt 1.0000000 1.0000000
vt 1.0000000 0.0000000
vt 0.0000000 0.0000000
vt 0.0000000 1.0000000
vt 1.0000000 1.0000000
vt 1.0000000 0.0000000
vt 0.0000000 0.0000000
vt 0.0000000 1.0000000
vt 1.0000000 1.0000000
vt 1.0000000 0.0000000
vt 0.0000000 0.0000000
vt 0.0000000 1.0000000
vt 1.0000000 1.0000000
vt 1.0000000 0.0000000
vt 0.0000000 0.0000000
vt 0.0000000 1.0000000
vt 1.0000000 1.0000000
vt 1.0000000 0.0000000
vt 0.0000000 0.0000000
vt 0.0000000 1.0000000
vt 1.0000000 1.0000000
vt 1.0000000 0.0000000
vt 0.0000000 0.0000000
vt 0.0000000 1.0000000
vt 1.0000000 1.0000000
vt 1.0000000 0.0000000
vt 0.0000000 0.0000000
vt 0.0000000 1.0000000
vt 1.0000000 1.0000000
vt 1.0000000 0.0000000
vt 0.0000000 0.0000000
vt 0.0000000 1.0000000
vt 1.0000000 1.0000000
vt 1.0000000 0.0000000
vt 0.0000000 0.0000000
vt 0.0000000 1.0000000
vt 1.0000000 1.0000000
vt 1.0000000 0.0000000
vt 0.0000000 0.0000000
vt 0.0000000 1.0000000
vt 1.0000000 1.0000000
vt 1.0000000 0.0000000
vt 0.0000000 0.0000000
vt 0.0000000 1.0000000
vt 1.0000000 1.0000000
vt 1.0000000 0.0000000
vt 0.0000000 0.0000000
vt 0.0000000 1.0000000
vt 1.0000000 1.0000000
vt 1.0000000 0.0000000
vt 0.0000000 0.0000000
vt 0.0000000 1.0000000
vt 1.0000000 1.0000000
vt 1.0000000 0.0000000
vt 0.0000000 0.0000000
vt 0.0000000 1.0000000
vt 1.0000000 1.0000000
vt 1.0000000 0.0000000
vt 0.0000000 0.0000000
vt 0.0000000 1.0000000
vt 1.0000000 1.0000000
vt 1.0000000 0.0000000
vt 0.0000000 0.0000000
vt 0.0000000 1.0000000
vt 1.0000000 1.0000000
vt 1.0000000 0.0000000
vt 0.0000000 0.0000000
vt 0.0000000 1.0000000
vt 1.0000000 1.0000000
vt 1.0000000 0.0000000
vt 0.0000000 0.0000000
vt 0.0000000 1.0000000
vt 1.0000000 1.0000000
vt 1.0000000 0.0000000
vt 0.0000000 0.0000000
vt 0.0000000 1.0000000
vt 1.0000000 1.0000000
vt 1.0000000 0.0000000
vt 0.0000000 0.0000000
vt 0.0000000 1.0000000
vt 1.0000000 1.0000000
vt 1.0000000 0.0000000
vt 0.0000000 0.0000000
vt 0.0000000 1.0000000
vt 1.0000000 1.0000000
vt 1.0000000 0.0000000
vt 0.0000000 0.0000000
vt 0.0000000 1.0000000
vt 1.0000000 1.0000000
vt 1.0000000 0.0000000
vt 0.0000000 0.0000000
vt 0.0000000 1.0000000
vt 1.0000000 1.0000000
vt 1.0000000 0.0000000
vt 0.0000000 0.0000000
vt 0.0000000 1.0000000
vt 1.0000000 1.0000000
vt 1.0000000 0.0000000
vt 0.0000000 0.0000000
vt 0.0000000 1.0000000
vt 1.0000000 1.0000000
vt 1.0000000 0.0000000
vt 0.0000000 0.0000000
vt 0.0000000 1.0000000
vt 1.0000000 1.0000000
vt 1.0000000 0.0000000
vt 0.0000000 0.0000000
vt 0.0000000 1.0000000
vt 1.0000000 1.0000000
vt 1.0000000 0.0000000
vt 0.0000000 0.0000000
vt 0.0000000 1.0000000
vt 1.0000000 1.0000000
vt 1.0000000 0.0000000
vt 0.0000000 0.0000000
vt 0.0000000 1.0000000
vt 1.0000000 1.0000000
vt 1.0000000 0.0000000
vt 0.0000000 0.0000000
vt 0.0000000 1.0000000
vt 1.0000000 1.0000000
vt 1.0000000 0.0000000
vt 0.0000000 0.0000000
vt 0.0000000 1.0000000
vt 1.0000000 1.0000000
vt 1.0000000 0.0000000
vt 0.0000000 0.0000000
vt 0.0000000 1.0000000
vt 1.0000000 1.0000000
vt 1.0000000 0.0000000
vt 0.0000000 0.0000000
vt 0.0000000 1.0000000
vt 1.0000000 1.0000000
vt 1.0000000 0.0000000
vt 0.0000000 0.0000000
vt 0.0000000 1.0000000
vt 1.0000000 1.0000000
vt 1.0000000 0.0000000
vt 0.0000000 0.0000000
vt 0.0000000 1.0000000
vt 1.0000000 1.0000000
vt 1.0000000 0.0000000
vt 0.0000000 0.0000000
vt 0.0000000 1.0000000
vt 1.0000000 1.0000000
vt 1.0000000 0.0000000
vt 0.0000000 0.0000000
vt 0.0000000 1.0000000
vt 1.0000000 1.0000000
vt 1.0000000 0.0000000
vt 0.0000000 0.0000000
vt 0.0000000 1.0000000
vt 1.0000000 1.0000000
vt 1.0000000 0.0000000
vt 0.0000000 0.0000000
vt 0.0000000 1.0000000
vt 1.0000000 1.0000000
vt 1.0000000 0.0000000
vt 0.0000000 0.0000000
vt 0.0000000 1.0000000
vt 1.0000000 1.0000000
vt 1.0000000 0.0000000
vt 0.0000000 0.0000000
vt 0.0000000 1.0000000
vt 1.0000000 1.0000000
vt 1.0000000 0.0000000
vt 0.0000000 0.0000000
vt 0.0000000 1.0000000
vt 1.0000000 1.0000000
vt 1.0000000 0.0000000
vt 0.0000000 0.0000000
vt 0.0000000 1.0000000
vt 1.0000000 1.0000000
vt 1.0000000 0.0000000
vt 0.0000000 0.0000000
vt 0.0000000 1.0000000
vt 1.0000000 1.0000000
vt 1.0000000 0.0000000
vt 0.0000000 0.0000000
vt 0.0000000 1.0000000
vt 1.0000000 1.0000000
vt 1.0000000 0.0000000
vt 0.0000000 0.0000000
vt 0.0000000 1.0000000
vt 1.0000000 1.0000000
vt 1.0000000 0.0000000
vt 0.0000000 0.0000000
vt 0.0000000 1.0000000
vt 1.0000000 1.0000000
vt 1.0000000 0.0000000
vt 0.0000000 0.0000000
vt 0.0000000 1.0000000
vt 1.0000000 1.0000000
vt 1.0000000 0.0000000
vt 0.0000000 0.0000000
vt 0.0000000 1.0000000
vt 1.0000000 1.0000000
vt 1.0000000 0.0000000
vt 0.0000000 0.0000000
vt 0.0000000 1.0000000
vt 1.0000000 1.0000000
vt 1.0000000 0.0000000
vt 0.0000000 0.0000000
vt 0.0000000 1.0000000
vt 1.0000000 1.0000000
vt 1.0000000 0.0000000
vt 0.0000000 0.0000000
vt 0.0000000 1.0000000
vt 1.0000000 1.0000000
vt 1.0000000 0.0000000
vt 0.0000000 0.0000000
vt 0.0000000 1.0000000
vt 1.0000000 1.0000000
vt 1.0000000 0.0000000
vt 0.0000000 0.0000000
vt 0.0000000 1.0000000
vt 1.0000000 1.0000000
vt 1.0000000 0.0000000
vt 0.0000000 0.0000000
vt 0.0000000 1.0000000
vt 1.0000000 1.0000000
vt 1.0000000 0.0000000
vt 0.0000000 0.0000000
vt 0.0000000 1.0000000
vt 1.0000000 1.0000000
vt 1.0000000 0.0000000
vt 0.0000000 0.0000000
vt 0.0000000 1.0000000
vt 1.0000000 1.0000000
vt 1.0000000 0.0000000
vt 0.0000000 0.0000000
vt 0.0000000 1.0000000
vt 1.0000000 1.0000000
vt 1.0000000 0.0000000
vt 0.0000000 0.0000000
vt 0.0000000 1.0000000
vt 1.0000000 1.0000000
vt 1.0000000 0.0000000
vt 0.0000000 0.0000000
vt 0.0000000 1.0000000
vt 1.0000000 1.0000000
vt 1.0000000 0.0000000
vt 0.0000000 0.0000000
vt 0.0000000 1.0000000
vt 1.0000000 1.0000000
vt 1.0000000 0.0000000
vt 0.0000000 0.0000000
vt 0.0000000 1.0000000
vt 1.0000000 1.0000000
vt 1.0000000 0.0000000
vt 0.0000000 0.0000000
vt 0.0000000 1.0000000
vt 1.0000000 1.0000000
vt 1.0000000 0.0000000
vt 0.0000000 0.0000000
vt 0.0000000 1.0000000
vt 1.0000000 1.0000000
vt 1.0000000 0.0000000
vt 0.0000000 0.0000000
vt 0.0000000 1.0000000
vt 1.0000000 1.0000000
vt 1.0000000 0.0000000
vt 0.0000000 0.0000000
vt 0.0000000 1.0000000
vt 1.0000000 1.0000000
vt 1.0000000 0.0000000
vt 0.0000000 0.0000000
vt 0.0000000 1.0000000
vt 1.0000000 1.0000000
vt 1.0000000 0.0000000
vt 0.0000000 0.0000000
vt 0.0000000 1.0000000
vt 1.0000000 1.0000000
vt 1.0000000 0.0000000
vt 0.0000000 0.0000000
vt 0.0000000 1.0000000
vt 1.0000000 1.0000000
vt 1.0000000 0.0000000
vt 0.0000000 0.0000000
vt 0.0000000 1.0000000
vt 1.0000000 1.0000000
vt 1.0000000 0.0000000
vt 0.0000000 0.0000000
vt 0.0000000 1.0000000
vt 1.0000000 1.0000000
vt 1.0000000 0.0000000
vt 0.0000000 0.0000000
vt 0.0000000 1.0000000
vt 1.0000000 1.0000000
vt 1.0000000 0.0000000
vt 0.0000000 0.0000000
vt 0.0000000 1.0000000
vt 1.0000000 1.0000000
vt 1.0000000 0.0000000
vt 0.0000000 0.0000000
vt 0.0000000 1.0000000
vt 1.0000000 1.0000000
vt 1.0000000 0.0000000
vt 0.0000000 0.0000000
vt 0.0000000 1.0000000
vt 1.0000000 1.0000000
vt 1.0000000 0.0000000
vt 0.0000000 0.0000000
vt 0.0000000 1.0000000
vt 1.0000000 1.0000000
vt 1.0000000 0.0000000
vt 0.0000000 0.0000000
vt 0.0000000 1.0000000
vt 1.0000000 1.0000000
vt 1.0000000 0.0000000
vt 0.0000000 0.0000000
vt 0.0000000 1.0000000
vt 1.0000000 1.0000000
vt 1.0000000 0.0000000
vt 0.0000000 0.0000000
vt 0.0000000 1.0000000
vt 1.0000000 1.0000000
vt 1.0000000 0.0000000
vt 0.0000000 0.0000000
vt 0.0000000 1.0000000
vt 1.0000000 1.0000000
vt 1.0000000 0.0000000
vt 0.0000000 0.0000000
vt 0.0000000 1.0000000
vt 1.0000000 1.0000000
vt 1.0000000 0.0000000
vt 0.0000000 0.0000000
vt 0.0000000 1.0000000
vt 1.0000000 1.0000000
vt 1.0000000 0.0000000
vt 0.0000000 0.0000000
vt 0.0000000 1.0000000
vt 1.0000000 1.0000000
vt 1.0000000 0.0000000
vt 0.0000000 0.0000000
vt 0.0000000 1.0000000
vt 1.0000000 1.0000000
vt 1.0000000 0.0000000
vt 0.0000000 0.0000000
vt 0.0000000 1.0000000
vt 1.0000000 1.0000000
vt 1.0000000 0.0000000
vt 0.0000000 0.0000000
vt 0.0000000 1.0000000
vt 1.0000000 1.0000000
vt 1.0000000 0.0000000
vt 0.0000000 0.0000000
vt 0.0000000 1.0000000
vt 1.0000000 1.0000000
vt 1.0000000 0.0000000
vt 0.0000000 0.0000000
vt 0.0000000 1.0000000
vt 1.0000000 1.0000000
vt 1.0000000 0.0000000
vt 0.0000000 0.0000000
vt 0.0000000 1.0000000
vt 1.0000000 1.0000000
vt 1.0000000 0.0000000
vt 0.0000000 0.0000000
vt 0.0000000 1.0000000
vt 1.0000000 1.0000000
vt 1.0000000 0.0000000
vt 0.0000000 0.0000000
vt 0.0000000 1.0000000
vt 1.0000000 1.0000000
vt 1.0000000 0.0000000
vt 0.0000000 0.0000000
vt 0.0000000 1.0000000
vt 1.0000000 1.0000000
vt 1.0000000 0.0000000
vt 0.0000000 0.0000000
vt 0.0000000 1.0000000
vt 1.0000000 1.0000000
vt 1.0000000 0.0000000
vt 0.0000000 0.0000000
vt 0.0000000 1.0000000
vt 1.0000000 1.0000000
vt 1.0000000 0.0000000
vt 0.0000000 0.0000000
vt 0.0000000 1.0000000
vt 1.0000000 1.0000000
vt 1.0000000 0.0000000
vt 0.0000000 0.0000000
vt 0.0000000 1.0000000
vt 1.0000000 1.0000000
vt 1.0000000 0.0000000
vt 0.0000000 0.0000000
vt 0.0000000 1.0000000
vt 1.0000000 1.0000000
vt 1.0000000 0.0000000
vt 0.0000000 0.0000000
vt 0.0000000 1.0000000
vt 1.0000000 1.0000000
vt 1.0000000 0.0000000
vt 0.0000000 0.0000000
vt 0.0000000 1.0000000
vt 1.0000000 1.0000000
vt 1.0000000 0.0000000
vt 0.0000000 0.0000000
vt 0.0000000 1.0000000
vt 1.0000000 1.0000000
vt 1.0000000 0.0000000
vt 0.0000000 0.0000000
vt 0.0000000 1.0000000
vt 1.0000000 1.0000000
vt 1.0000000 0.0000000
vt 0.0000000 0.0000000
vt 0.0000000 1.0000000
vt 1.0000000 1.0000000
vt 1.0000000 0.0000000
vt 0.0000000 0.0000000
vt 0.0000000 1.0000000
vt 1.0000000 1.0000000
vt 1.0000000 0.0000000
vt 0.0000000 0.0000000
vt 0.0000000 1.0000000
vt 1.0000000 1.0000000
vt 1.0000000 0.0000000
vt 0.0000000 0.0000000
vt 0.0000000 1.0000000
vt 1.0000000 1.0000000
vt 1.0000000 0.0000000
vt 0.0000000 0.0000000
vt 0.0000000 1.0000000
vt 1.0000000 1.0000000
vt 1.0000000 0.0000000
vt 0.0000000 0.0000000
vt 0.0000000 1.0000000
vt 1.0000000 1.0000000
vt 1.0000000 0.0000000
vt 0.0000000 0.0000000
vt 0.0000000 1.0000000
vt 1.0000000 1.0000000
vt 1.0000000 0.0000000
vt 0.0000000 0.0000000
vt 0.0000000 1.0000000
vt 1.0000000 1.0000000
vt 1.0000000 0.0000000
vt 0.0000000 0.0000000
vt 0.0000000 1.0000000
vt 1.0000000 1.0000000
vt 1.0000000 0.0000000
vt 0.0000000 0.0000000
vt 0.0000000 1.0000000
vt 1.0000000 1.0000000
vt 1.0000000 0.0000000
vt 0.0000000 0.0000000
vt 0.0000000 1.0000000
vt 1.0000000 1.0000000
vt 1.0000000 0.0000000
vt 0.0000000 0.0000000
vt 0.0000000 1.0000000
vt 1.0000000 1.0000000
vt 1.0000000 0.0000000
vt 0.0000000 0.0000000
vt 0.0000000 1.0000000
vt 1.0000000 1.0000000
vt 1.0000000 0.0000000
vt 0.0000000 0.0000000
vt 0.0000000 1.0000000
vt 1.0000000 1.0000000
vt 1.0000000 0.0000000
vt 0.0000000 0.0000000
vt 0.0000000 1.0000000
vt 1.0000000 1.0000000
vt 1.0000000 0.0000000
vt 0.0000000 0.0000000
vt 0.0000000 1.0000000
vt 1.0000000 1.0000000
vt 1.0000000 0.0000000
vt 0.0000000 0.0000000
vt 0.0000000 1.0000000
vt 1.0000000 1.0000000
vt 1.0000000 0.0000000
vt 0.0000000 0.0000000
vt 0.0000000 1.0000000
vt 1.0000000 1.0000000
vt 1.0000000 0.0000000
vt 0.0000000 0.0000000
vt 0.0000000 1.0000000
vt 1.0000000 1.0000000
vt 1.0000000 0.0000000
vt 0.0000000 0.0000000
vt 0.0000000 1.0000000
vt 1.0000000 1.0000000
vt 1.0000000 0.0000000
vt 0.0000000 0.0000000
vt 0.0000000 1.0000000
vt 1.0000000 1.0000000
vt 1.0000000 0.0000000
vt 0.0000000 0.0000000
vt 0.0000000 1.0000000
vt 1.0000000 1.0000000
vt 1.0000000 0.0000000
vt 0.0000000 0.0000000
vt 0.0000000 1.0000000
vt 1.0000000 1.0000000
vt 1.0000000 0.0000000
vt 0.0000000 0.0000000
vt 0.0000000 1.0000000
vt 1.0000000 1.0000000
vt 1.0000000 0.0000000
vt 0.0000000 0.0000000
vt 0.0000000 1.0000000
vt 1.0000000 1.0000000
vt 1.0000000 0.0000000
vt 0.0000000 0.0000000
vt 0.0000000 1.0000000
vt 1.0000000 1.0000000
vt 1.0000000 0.0000000
vt 0.0000000 0.0000000
vt 0.0000000 1.0000000
vt 1.0000000 1.0000000
vt 1.0000000 0.0000000
vt 0.0000000 0.0000000
vt 0.0000000 1.0000000
vt 1.0000000 1.0000000
vt 1.0000000 0.0000000
vt 0.0000000 0.0000000
vt 0.0000000 1.0000000
vt 1.0000000 1.0000000
vt 1.0000000 0.0000000
vt 0.0000000 0.0000000
vt 0.0000000 1.0000000
vt 1.0000000 1.0000000
vt 1.0000000 0.0000000
vt 0.0000000 0.0000000
vt 0.0000000 1.0000000
vt 1.0000000 1.0000000
vt 1.0000000 0.0000000
vt 0.0000000 0.0000000
vt 0.0000000 1.0000000
vt 1.0000000 1.0000000
vt 1.0000000 0.0000000
vt 0.0000000 0.0000000
vt 0.0000000 1.0000000
vt 1.0000000 1.0000000
vt 1.0000000 0.0000000
vt 0.0000000 0.0000000
vt 0.0000000 1.0000000
vt 1.0000000 1.0000000
vt 1.0000000 0.0000000
vt 0.0000000 0.0000000
vt 0.0000000 1.0000000
vt 1.0000000 1.0000000
vt 1.0000000 0.0000000
vt 0.0000000 0.0000000
vt 0.0000000 1.0000000
vt 1.0000000 1.0000000
vt 1.0000000 0.0000000
vt 0.0000000 0.0000000
vt 0.0000000 1.0000000
vt 1.0000000 1.0000000
vt 1.0000000 0.0000000
vt 0.0000000 0.0000000
vt 0.0000000 1.0000000
vt 1.0000000 1.0000000
vt 1.0000000 0.0000000
vt 0.0000000 0.0000000
vt 0.0000000 1.0000000
vt 1.0000000 1.0000000
vt 1.0000000 0.0000000
vt 0.0000000 0.0000000
vt 0.0000000 1.0000000
vt 1.0000000 1.0000000
vt 1.0000000 0.0000000
vt 0.0000000 0.0000000
vt 0.0000000 1.0000000
vt 1.0000000 1.0000000
vt 1.0000000 0.0000000
vt 0.0000000 0.0000000
vt 0.0000000 1.0000000
vt 1.0000000 1.0000000
vt 1.0000000 0.0000000
vt 0.0000000 0.0000000
vt 0.0000000 1.0000000
vt 1.0000000 1.0000000
vt 1.0000000 0.0000000
vt 0.0000000 0.0000000
vt 0.0000000 1.0000000
vt 1.0000000 1.0000000
vt 1.0000000 0.0000000
vt 0.0000000 0.0000000
vt 0.0000000 1.0000000
vt 1.0000000 1.0000000
vt 1.0000000 0.0000000
vt 0.0000000 0.0000000
vt 0.0000000 1.0000000
vt 1.0000000 1.0000000
vt 1.0000000 0.0000000
vt 0.0000000 0.0000000
vt 0.0000000 1.0000000
vt 1.0000000 1.0000000
vt 1.0000000 0.0000000
vt 0.0000000 0.0000000
vt 0.0000000 1.0000000
vt 1.0000000 1.0000000
vt 1.0000000 0.0000000
vt 0.0000000 0.0000000
vt 0.0000000 1.0000000
vt 1.0000000 1.0000000
vt 1.0000000 0.0000000
vt 0.0000000 0.0000000
vt 0.0000000 1.0000000
vt 1.0000000 1.0000000
vt 1.0000000 0.0000000
vt 0.0000000 0.0000000
vt 0.0000000 1.0000000
vt 1.0000000 1.0000000
vt 1.0000000 0.0000000
vt 0.0000000 0.0000000
vt 0.0000000 1.0000000
vt 1.0000000 1.0000000
vt 1.0000000 0.0000000
vt 0.0000000 0.0000000
vt 0.0000000 1.0000000
vt 1.0000000 1.0000000
vt 1.0000000 0.0000000
vt 0.0000000 0.0000000
vt 0.0000000 1.0000000
vt 1.0000000 1.0000000
vt 1.0000000 0.0000000
vt 0.0000000 0.0000000
vt 0.0000000 1.0000000
vt 1.0000000 1.0000000
vt 1.0000000 0.0000000
vt 0.0000000 0.0000000
vt 0.0000000 1.0000000
vt 1.0000000 1.0000000
vt 1.0000000 0.0000000
vt 0.0000000 0.0000000
vt 0.0000000 1.0000000
vt 1.0000000 1.0000000
vt 1.0000000 0.0000000
vt 0.0000000 0.0000000
vt 0.0000000 1.0000000
vt 1.0000000 1.0000000
vt 1.0000000 0.0000000
vt 0.0000000 0.0000000
vt 0.0000000 1.0000000
vt 1.0000000 1.0000000
vt 1.0000000 0.0000000
vt 0.0000000 0.0000000
vt 0.0000000 1.0000000
vt 1.0000000 1.0000000
vt 1.0000000 0.0000000
vt 0.0000000 0.0000000
vt 0.0000000 1.0000000
vt 1.0000000 1.0000000
vt 1.0000000 0.0000000
vt 0.0000000 0.0000000
vt 0.0000000 1.0000000
vt 1.0000000 1.0000000
vt 1.0000000 0.0000000
vt 0.0000000 0.0000000
vt 0.0000000 1.0000000
vt 1.0000000 1.0000000
vt 1.0000000 0.0000000
vt 0.0000000 0.0000000
vt 0.0000000 1.0000000
vt 1.0000000 1.0000000
vt 1.0000000 0.0000000
vt 0.0000000 0.0000000
vt 0.0000000 1.0000000
vt 1.0000000 1.0000000
vt 1.0000000 0.0000000
vt 0.0000000 0.0000000
vt 0.0000000 1.0000000
vt 1.0000000 1.0000000
vt 1.0000000 0.0000000
vt 0.0000000 0.0000000
vt 0.0000000 1.0000000
vt 1.0000000 1.0000000
vt 1.0000000 0.0000000
vt 0.0000000 0.0000000
vt 0.0000000 1.0000000
vt 1.0000000 1.0000000
vt 1.0000000 0.0000000
vt 0.0000000 0.0000000
vt 0.0000000 1.0000000
vt 1.0000000 1.0000000
vt 1.0000000 0.0000000
vt 0.0000000 0.0000000
vt 0.0000000 1.0000000
vt 1.0000000 1.0000000
vt 1.0000000 0.0000000
vt 0.0000000 0.0000000
vt 0.0000000 1.0000000
vt 1.0000000 1.0000000
vt 1.0000000 0.0000000
vt 0.0000000 0.0000000
vt 0.0000000 1.0000000
vt 1.0000000 1.0000000
vt 1.0000000 0.0000000
vt 0.0000000 0.0000000
vt 0.0000000 1.0000000
vt 1.0000000 1.0000000
vt 1.0000000 0.0000000
vt 0.0000000 0.0000000
vt 0.0000000 1.0000000
vt 1.0000000 1.0000000
vt 1.0000000 0.0000000
vt 0.0000000 0.0000000
vt 0.0000000 1.0000000
vt 1.0000000 1.0000000
vt 1.0000000 0.0000000
vt 0.0000000 0.0000000
vt 0.0000000 1.0000000
vt 1.0000000 1.0000000
vt 1.0000000 0.0000000
vt 0.0000000 0.0000000
vt 0.0000000 1.0000000
vt 1.0000000 1.0000000
vt 1.0000000 0.0000000
vt 0.0000000 0.0000000
vt 0.0000000 1.0000000
vt 1.0000000 1.0000000
vt 1.0000000 0.0000000
vt 0.0000000 0.0000000
vt 0.0000000 1.0000000
vt 1.0000000 1.0000000
vt 1.0000000 0.0000000
vt 0.0000000 0.0000000
vt 0.0000000 1.0000000
vt 1.0000000 1.0000000
vt 1.0000000 0.0000000
vt 0.0000000 0.0000000
vt 0.0000000 1.0000000
vt 1.0000000 1.0000000
vt 1.0000000 0.0000000
vt 0.0000000 0.0000000
vt 0.0000000 1.0000000
vt 1.0000000 1.0000000
vt 1.0000000 0.0000000
vt 0.0000000 0.0000000
vt 0.0000000 1.0000000
vt 1.0000000 1.0000000
vt 1.0000000 0.0000000
vt 0.0000000 0.0000000
vt 0.0000000 1.0000000
vt 1.0000000 1.0000000
vt 1.0000000 0.0000000
vt 0.0000000 0.0000000
vt 0.0000000 1.0000000
vt 1.0000000 1.0000000
vt 1.0000000 0.0000000
vt 0.0000000 0.0000000
vt 0.0000000 1.0000000
vt 1.0000000 1.0000000
vt 1.0000000 0.0000000
vt 0.0000000 0.0000000
vt 0.0000000 1.0000000
vt 1.0000000 1.0000000
vt 1.0000000 0.0000000
vt 0.0000000 0.0000000
vt 0.0000000 1.0000000
vt 1.0000000 1.0000000
vt 1.0000000 0.0000000
vt 0.0000000 0.0000000
vt 0.0000000 1.0000000
vt 1.0000000 1.0000000
vt 1.0000000 0.0000000
vt 0.0000000 0.0000000
vt 0.0000000 1.0000000
vt 1.0000000 1.0000000
vt 1.0000000 0.0000000
vt 0.0000000 0.0000000
vt 0.0000000 1.0000000
vt 1.0000000 1.0000000
vt 1.0000000 0.0000000
vt 0.0000000 0.0000000
vt 0.0000000 1.0000000
vt 1.0000000 1.0000000
vt 1.0000000 0.0000000
vt 0.0000000 0.0000000
vt 0.0000000 1.0000000
vt 1.0000000 1.0000000
vt 1.0000000 0.0000000
vt 0.0000000 0.0000000
vt 0.0000000 1.0000000
vt 1.0000000 1.0000000
vt 1.0000000 0.0000000
vt 0.0000000 0.0000000
vt 0.0000000 1.0000000
vt 1.0000000 1.0000000
vt 1.0000000 0.0000000
vt 0.0000000 0.0000000
vt 0.0000000 1.0000000
vt 1.0000000 1.0000000
vt 1.0000000 0.0000000
vt 0.0000000 0.0000000
vt 0.0000000 1.0000000
vt 1.0000000 1.0000000
vt 1.0000000 0.0000000
vt 0.0000000 0.0000000
vt 0.0000000 1.0000000
vt 1.0000000 1.0000000
vt 1.0000000 0.0000000
vt 0.0000000 0.0000000
vt 0.0000000 1.0000000
vt 1.0000000 1.0000000
vt 1.0000000 0.0000000
vt 0.0000000 0.0000000
vt 0.0000000 1.0000000
vt 1.0000000 1.0000000
vt 1.0000000 0.0000000
vt 0.0000000 0.0000000
vt 0.0000000 1.0000000
vt 1.0000000 1.0000000
vt 1.0000000 0.0000000
vt 0.0000000 0.0000000
vt 0.0000000 1.0000000
vt 1.0000000 1.0000000
vt 1.0000000 0.0000000
vt 0.0000000 0.0000000
vt 0.0000000 1.0000000
vt 1.0000000 1.0000000
vt 1.0000000 0.0000000
vt 0.0000000 0.0000000
vt 0.0000000 1.0000000
vt 1.0000000 1.0000000
vt 1.0000000 0.0000000
vt 0.0000000 0.0000000
vt 0.0000000 1.0000000
vt 1.0000000 1.0000000
vt 1.0000000 0.0000000
vt 0.0000000 0.0000000
vt 0.0000000 1.0000000
vt 1.0000000 1.0000000
vt 1.0000000 0.0000000
vt 0.0000000 0.0000000
vt 0.0000000 1.0000000
vt 1.0000000 1.0000000
vt 1.0000000 0.0000000
vt 0.0000000 0.0000000
vt 0.0000000 1.0000000
vt 1.0000000 1.0000000
vt 1.0000000 0.0000000
vt 0.0000000 0.0000000
vt 0.0000000 1.0000000
vt 1.0000000 1.0000000
vt 1.0000000 0.0000000
vt 0.0000000 0.0000000
vt 0.0000000 1.0000000
vt 1.0000000 1.0000000
vt 1.0000000 0.0000000
vt 0.0000000 0.0000000
vt 0.0000000 1.0000000
vt 1.0000000 1.0000000
vt 1.0000000 0.0000000
vt 0.0000000 0.0000000
vt 0.0000000 1.0000000
vt 1.0000000 1.0000000
vt 1.0000000 0.0000000
vt 0.0000000 0.0000000
vt 0.0000000 1.0000000
vt 1.0000000 1.0000000
vt 1.0000000 0.0000000
vt 0.0000000 0.0000000
vt 0.0000000 1.0000000
vt 1.0000000 1.0000000
vt 1.0000000 0.0000000
vt 0.0000000 0.0000000
vt 0.0000000 1.0000000
vt 1.0000000 1.0000000
vt 1.0000000 0.0000000
vt 0.0000000 0.0000000
vt 0.0000000 1.0000000
vt 1.0000000 1.0000000
vt 1.0000000 0.0000000
vt 0.0000000 0.0000000
vt 0.0000000 1.0000000
vt 1.0000000 1.0000000
vt 1.0000000 0.0000000
vt 0.0000000 0.0000000
vt 0.0000000 1.0000000
vt 1.0000000 1.0000000
vt 1.0000000 0.0000000
vt 0.0000000 0.0000000
vt 0.0000000 1.0000000
vt 1.0000000 1.0000000
vt 1.0000000 0.0000000
vt 0.0000000 0.0000000
vt 0.0000000 1.0000000
vt 1.0000000 1.0000000
vt 1.0000000 0.0000000
vt 0.0000000 0.0000000
vt 0.0000000 1.0000000
vt 1.0000000 1.0000000
vt 1.0000000 0.0000000
vt 0.0000000 0.0000000
vt 0.0000000 1.0000000
vt 1.0000000 1.0000000
vt 1.0000000 0.0000000
vt 0.0000000 0.0000000
vt 0.0000000 1.0000000
vt 1.0000000 1.0000000
vt 1.0000000 0.0000000
vt 0.0000000 0.0000000
vt 0.0000000 1.0000000
vt 1.0000000 1.0000000
vt 1.0000000 0.0000000
vt 0.0000000 0.0000000
vt 0.0000000 1.0000000
vt 1.0000000 1.0000000
vt 1.0000000 0.0000000
vt 0.0000000 0.0000000
vt 0.0000000 1.0000000
vt 1.0000000 1.0000000
vt 1.0000000 0.0000000
vt 0.0000000 0.0000000
vt 0.0000000 1.0000000
vt 1.0000000 1.0000000
vt 1.0000000 0.0000000
vt 0.0000000 0.0000000
vt 0.0000000 1.0000000
vt 1.0000000 1.0000000
vt 1.0000000 0.0000000
vt 0.0000000 0.0000000
vt 0.0000000 1.0000000
vt 1.0000000 1.0000000
vt 1.0000000 0.0000000
vt 0.0000000 0.0000000
vt 0.0000000 1.0000000
vt 1.0000000 1.0000000
vt 1.0000000 0.0000000
vt 0.0000000 0.0000000
vt 0.0000000 1.0000000
vt 1.0000000 1.0000000
vt 1.0000000 0.0000000
vt 0.0000000 0.0000000
vt 0.0000000 1.0000000
vt 1.0000000 1.0000000
vt 1.0000000 0.0000000
vt 0.0000000 0.0000000
vt 0.0000000 1.0000000
vt 1.0000000 1.0000000
vt 1.0000000 0.0000000
vt 0.0000000 0.0000000
vt 0.0000000 1.0000000
vt 1.0000000 1.0000000
vt 1.0000000 0.0000000
vt 0.0000000 0.0000000
vt 0.0000000 1.0000000
vt 1.0000000 1.0000000
vt 1.0000000 0.0000000
vt 0.0000000 0.0000000
vt 0.0000000 1.0000000
vt 1.0000000 1.0000000
vt 1.0000000 0.0000000
vt 0.0000000 0.0000000
vt 0.0000000 1.0000000
vt 1.0000000 1.0000000
vt 1.0000000 0.0000000
vt 0.0000000 0.0000000
vt 0.0000000 1.0000000
vt 1.0000000 1.0000000
vt 1.0000000 0.0000000
vt 0.0000000 0.0000000
vt 0.0000000 1.0000000
vt 1.0000000 1.0000000
vt 1.0000000 0.0000000
vt 0.0000000 0.0000000
vt 0.0000000 1.0000000
vt 1.0000000 1.0000000
vt 1.0000000 0.0000000
vt 0.0000000 0.0000000
vt 0.0000000 1.0000000
vt 1.0000000 1.0000000
vt 1.0000000 0.0000000
vt 0.0000000 0.0000000
vt 0.0000000 1.0000000
vt 1.0000000 1.0000000
vt 1.0000000 0.0000000
vt 0.0000000 0.0000000
vt 0.0000000 1.0000000
vt 1.0000000 1.0000000
vt 1.0000000 0.0000000
vt 0.0000000 0.0000000
vt 0.0000000 1.0000000
vt 1.0000000 1.0000000
vt 1.0000000 0.0000000
vt 0.0000000 0.0000000
vt 0.0000000 1.0000000
vt 1.0000000 1.0000000
vt 1.0000000 0.0000000
vt 0.0000000 0.0000000
vt 0.0000000 1.0000000
vt 1.0000000 1.0000000
vt 1.0000000 0.0000000
vt 0.0000000 0.0000000
vt 0.0000000 1.0000000
vt 1.0000000 1.0000000
vt 1.0000000 0.0000000
vt 0.0000000 0.0000000
vt 0.0000000 1.0000000
vt 1.0000000 1.0000000
vt 1.0000000 0.0000000
vt 0.0000000 0.0000000
vt 0.0000000 1.0000000
vt 1.0000000 1.0000000
vt 1.0000000 0.0000000
vt 0.0000000 0.0000000
vt 0.0000000 1.0000000
vt 1.0000000 1.0000000
vt 1.0000000 0.0000000
vt 0.0000000 0.0000000
vt 0.0000000 1.0000000
vt 1.0000000 1.0000000
vt 1.0000000 0.0000000
vt 0.0000000 0.0000000
vt 0.0000000 1.0000000
vt 1.0000000 1.0000000
vt 1.0000000 0.0000000
vt 0.0000000 0.0000000
vt 0.0000000 1.0000000
vt 1.0000000 1.0000000
vt 1.0000000 0.0000000
vt 0.0000000 0.0000000
vt 0.0000000 1.0000000
vt 1.0000000 1.0000000
vt 1.0000000 0.0000000
vt 0.0000000 0.0000000
vt 0.0000000 1.0000000
vt 1.0000000 1.0000000
vt 1.0000000 0.0000000
vt 0.0000000 0.0000000
vt 0.0000000 1.0000000
vt 1.0000000 1.0000000
vt 1.0000000 0.0000000
vt 0.0000000 0.0000000
vt 0.0000000 1.0000000
vt 1.0000000 1.0000000
vt 1.0000000 0.0000000
vt 0.0000000 0.0000000
vt 0.0000000 1.0000000
vt 1.0000000 1.0000000
vt 1.0000000 0.0000000
vt 0.0000000 0.0000000
vt 0.0000000 1.0000000
vt 1.0000000 1.0000000
vt 1.0000000 0.0000000
vt 0.0000000 0.0000000
vt 0.0000000 1.0000000
vt 1.0000000 1.0000000
vt 1.0000000 0.0000000
vt 0.0000000 0.0000000
vt 0.0000000 1.0000000
vt 1.0000000 1.0000000
vt 1.0000000 0.0000000
vt 0.0000000 0.0000000
vt 0.0000000 1.0000000
vt 1.0000000 1.0000000
vt 1.0000000 0.0000000
vt 0.0000000 0.0000000
vt 0.0000000 1.0000000
vt 1.0000000 1.0000000
vt 1.0000000 0.0000000
vt 0.0000000 0.0000000
vt 0.0000000 1.0000000
vt 1.0000000 1.0000000
vt 1.0000000 0.0000000
vt 0.0000000 0.0000000
vt 0.0000000 1.0000000
vt 1.0000000 1.0000000
vt 1.0000000 0.0000000
vt 0.0000000 0.0000000
vt 0.0000000 1.0000000
vt 1.0000000 1.0000000
vt 1.0000000 0.0000000
vt 0.0000000 0.0000000
vt 0.0000000 1.0000000
vt 1.0000000 1.0000000
vt 1.0000000 0.0000000
vt 0.0000000 0.0000000
vt 0.0000000 1.0000000
vt 1.0000000 1.0000000
vt 1.0000000 0.0000000
vt 0.0000000 0.0000000
vt 0.0000000 1.0000000
vt 1.0000000 1.0000000
vt 1.0000000 0.0000000
vt 0.0000000 0.0000000
vt 0.0000000 1.0000000
vt 1.0000000 1.0000000
vt 1.0000000 0.0000000
vt 0.0000000 0.0000000
vt 0.0000000 1.0000000
vt 1.0000000 1.0000000
vt 1.0000000 0.0000000
vt 0.0000000 0.0000000
vt 0.0000000 1.0000000
vt 1.0000000 1.0000000
vt 1.0000000 0.0000000
vt 0.0000000 0.0000000
vt 0.0000000 1.0000000
vt 1.0000000 1.0000000
vt 1.0000000 0.0000000
vt 0.0000000 0.0000000
vt 0.0000000 1.0000000
vt 1.0000000 1.0000000
vt 1.0000000 0.0000000
vt 0.0000000 0.0000000
vt 0.0000000 1.0000000
vt 1.0000000 1.0000000
vt 1.0000000 0.0000000
vt 0.0000000 0.0000000
vt 0.0000000 1.0000000
vt 1.0000000 1.0000000
vt 1.0000000 0.0000000
vt 0.0000000 0.0000000
vt 0.0000000 1.0000000
vt 1.0000000 1.0000000
vt 1.0000000 0.0000000
vt 0.0000000 0.0000000
vt 0.0000000 1.0000000
vt 1.0000000 1.0000000
vt 1.0000000 0.0000000
vt 0.0000000 0.0000000
vt 0.0000000 1.0000000
vt 1.0000000 1.0000000
vt 1.0000000 0.0000000
vt 0.0000000 0.0000000
vt 0.0000000 1.0000000
vt 1.0000000 1.0000000
vt 1.0000000 0.0000000
vt 0.0000000 0.0000000
vt 0.0000000 1.0000000
vt 1.0000000 1.0000000
vt 1.0000000 0.0000000
vt 0.0000000 0.0000000
vt 0.0000000 1.0000000
vt 1.0000000 1.0000000
vt 1.0000000 0.0000000
vt 0.0000000 0.0000000
vt 0.0000000 1.0000000
vt 1.0000000 1.0000000
vt 1.0000000 0.0000000
vt 0.0000000 0.0000000
vt 0.0000000 1.0000000
vt 1.0000000 1.0000000
vt 1.0000000 0.0000000
vt 0.0000000 0.0000000
vt 0.0000000 1.0000000
vt 1.0000000 1.0000000
vt 1.0000000 0.0000000
vt 0.0000000 0.0000000
vt 0.0000000 1.0000000
vt 1.0000000 1.0000000
vt 1.0000000 0.0000000
vt 0.0000000 0.0000000
vt 0.0000000 1.0000000
vt 1.0000000 1.0000000
vt 1.0000000 0.0000000
vt 0.0000000 0.0000000
vt 0.0000000 1.0000000
vt 1.0000000 1.0000000
vt 1.0000000 0.0000000
vt 0.0000000 0.0000000
vt 0.0000000 1.0000000
vt 1.0000000 1.0000000
vt 1.0000000 0.0000000
vt 0.0000000 0.0000000
vt 0.0000000 1.0000000
vt 1.0000000 1.0000000
vt 1.0000000 0.0000000
vt 0.0000000 0.0000000
vt 0.0000000 1.0000000
vt 1.0000000 1.0000000
vt 1.0000000 0.0000000
vt 0.0000000 0.0000000
vt 0.0000000 1.0000000
vt 1.0000000 1.0000000
vt 1.0000000 0.0000000
vt 0.0000000 0.0000000
vt 0.0000000 1.0000000
vt 1.0000000 1.0000000
vt 1.0000000 0.0000000
vt 0.0000000 0.0000000
vt 0.0000000 1.0000000
vt 1.0000000 1.0000000
vt 1.0000000 0.0000000
vt 0.0000000 0.0000000
vt 0.0000000 1.0000000
vt 1.0000000 1.0000000
vt 1.0000000 0.0000000
vt 0.0000000 0.0000000
vt 0.0000000 1.0000000
vt 1.0000000 1.0000000
vt 1.0000000 0.0000000
vt 0.0000000 0.0000000
vt 0.0000000 1.0000000
vt 1.0000000 1.0000000
vt 1.0000000 0.0000000
vt 0.0000000 0.0000000
vt 0.0000000 1.0000000
vt 1.0000000 1.0000000
vt 1.0000000 0.0000000
vt 0.0000000 0.0000000
vt 0.0000000 1.0000000
vt 1.0000000 1.0000000
vt 1.0000000 0.0000000
vt 0.0000000 0.0000000
vt 0.0000000 1.0000000
vt 1.0000000 1.0000000
vt 1.0000000 0.0000000
vt 0.0000000 0.0000000
vt 0.0000000 1.0000000
vt 1.0000000 1.0000000
vt 1.0000000 0.0000000
vt 0.0000000 0.0000000
vt 0.0000000 1.0000000
vt 1.0000000 1.0000000
vt 1.0000000 0.0000000
vt 0.0000000 0.0000000
vt 0.0000000 1.0000000
vt 1.0000000 1.0000000
vt 1.0000000 0.0000000
vt 0.0000000 0.0000000
vt 0.0000000 1.0000000
vt 1.0000000 1.0000000
vt 1.0000000 0.0000000
vt 0.0000000 0.0000000
vt 0.0000000 1.0000000
vt 1.0000000 1.0000000
vt 1.0000000 0.0000000
vt 0.0000000 0.0000000
vt 0.0000000 1.0000000
vt 1.0000000 1.0000000
vt 1.0000000 0.0000000
vt 0.0000000 0.0000000
vt 0.0000000 1.0000000
vt 1.0000000 1.0000000
vt 1.0000000 0.0000000
vt 0.0000000 0.0000000
vt 0.0000000 1.0000000
vt 1.0000000 1.0000000
vt 1.0000000 0.0000000
vt 0.0000000 0.0000000
vt 0.0000000 1.0000000
vt 1.0000000 1.0000000
vt 1.0000000 0.0000000
vt 0.0000000 0.0000000
vt 0.0000000 1.0000000
vt 1.0000000 1.0000000
vt 1.0000000 0.0000000
vt 0.0000000 0.0000000
vt 0.0000000 1.0000000
vt 1.0000000 1.0000000
vt 1.0000000 0.0000000
vt 0.0000000 0.0000000
vt 0.0000000 1.0000000
vt 1.0000000 1.0000000
vt 1.0000000 0.0000000
vt 0.0000000 0.0000000
vt 0.0000000 1.0000000
vt 1.0000000 1.0000000
vt 1.0000000 0.0000000
vt 0.0000000 0.0000000
vt 0.0000000 1.0000000
vt 1.0000000 1.0000000
vt 1.0000000 0.0000000
vt 0.0000000 0.0000000
vt 0.0000000 1.0000000
vt 1.0000000 1.0000000
vt 1.0000000 0.0000000
vt 0.0000000 0.0000000
vt 0.0000000 1.0000000
vt 1.0000000 1.0000000
vt 1.0000000 0.0000000
vt 0.0000000 0.0000000
vt 0.0000000 1.0000000
vt 1.0000000 1.0000000
vt 1.0000000 0.0000000
vt 0.0000000 0.0000000
vt 0.0000000 1.0000000
vt 1.0000000 1.0000000
vt 1.0000000 0.0000000
vt 0.0000000 0.0000000
vt 0.0000000 1.0000000
vt 1.0000000 1.0000000
vt 1.0000000 0.0000000
vt 0.0000000 0.0000000
vt 0.0000000 1.0000000
vt 1.0000000 1.0000000
vt 1.0000000 0.0000000
vt 0.0000000 0.0000000
vt 0.0000000 1.0000000
vt 1.0000000 1.0000000
vt 1.0000000 0.0000000
vt 0.0000000 0.0000000
vt 0.0000000 1.0000000
vt 1.0000000 1.0000000
vt 1.0000000 0.0000000
vt 0.0000000 0.0000000
vt 0.0000000 1.0000000
vt 1.0000000 1.0000000
vt 1.0000000 0.0000000
vt 0.0000000 0.0000000
vt 0.0000000 1.0000000
vt 1.0000000 1.0000000
vt 1.0000000 0.0000000
vt 0.0000000 0.0000000
vt 0.0000000 1.0000000
vt 1.0000000 1.0000000
vt 1.0000000 0.0000000
vt 0.0000000 0.0000000
vt 0.0000000 1.0000000
vt 1.0000000 1.0000000
vt 1.0000000 0.0000000
vt 0.0000000 0.0000000
vt 0.0000000 1.0000000
vt 1.0000000 1.0000000
vt 1.0000000 0.0000000
vt 0.0000000 0.0000000
vt 0.0000000 1.0000000
vt 1.0000000 1.0000000
vt 1.0000000 0.0000000
vt 0.0000000 0.0000000
vt 0.0000000 1.0000000
vt 1.0000000 1.0000000
vt 1.0000000 0.0000000
vt 0.0000000 0.0000000
vt 0.0000000 1.0000000
vt 1.0000000 1.0000000
vt 1.0000000 0.0000000
vt 0.0000000 0.0000000
vt 0.0000000 1.0000000
vt 1.0000000 1.0000000
vt 1.0000000 0.0000000
vt 0.0000000 0.0000000
vt 0.0000000 1.0000000
vt 1.0000000 1.0000000
vt 1.0000000 0.0000000
vt 0.0000000 0.0000000
vt 0.0000000 1.0000000
vt 1.0000000 1.0000000
vt 1.0000000 0.0000000
vt 0.0000000 0.0000000
vt 0.0000000 1.0000000
vt 1.0000000 1.0000000
vt 1.0000000 0.0000000
vt 0.0000000 0.0000000
vt 0.0000000 1.0000000
vt 1.0000000 1.0000000
vt 1.0000000 0.0000000
vt 0.0000000 0.0000000
vt 0.0000000 1.0000000
vt 1.0000000 1.0000000
vt 1.0000000 0.0000000
vt 0.0000000 0.0000000
vt 0.0000000 1.0000000
vt 1.0000000 1.0000000
vt 1.0000000 0.0000000
vt 0.0000000 0.0000000
vt 0.0000000 1.0000000
vt 1.0000000 1.0000000
vt 1.0000000 0.0000000
vt 0.0000000 0.0000000
vt 0.0000000 1.0000000
vt 1.0000000 1.0000000
vt 1.0000000 0.0000000
vt 0.0000000 0.0000000
vt 0.0000000 1.0000000
vt 1.0000000 1.0000000
vt 1.0000000 0.0000000
vt 0.0000000 0.0000000
vt 0.0000000 1.0000000
vt 1.0000000 1.0000000
vt 1.0000000 0.0000000
vt 0.0000000 0.0000000
vt 0.0000000 1.0000000
vt 1.0000000 1.0000000
vt 1.0000000 0.0000000
vt 0.0000000 0.0000000
vt 0.0000000 1.0000000
vt 1.0000000 1.0000000
vt 1.0000000 0.0000000
vt 0.0000000 0.0000000
vt 0.0000000 1.0000000
vt 1.0000000 1.0000000
vt 1.0000000 0.0000000
vt 0.0000000 0.0000000
vt 0.0000000 1.0000000
vt 1.0000000 1.0000000
vt 1.0000000 0.0000000
vt 0.0000000 0.0000000
vt 0.0000000 1.0000000
vt 1.0000000 1.0000000
vt 1.0000000 0.0000000
vt 0.0000000 0.0000000
vt 0.0000000 1.0000000
vt 1.0000000 1.0000000
vt 1.0000000 0.0000000
vt 0.0000000 0.0000000
vt 0.0000000 1.0000000
vt 1.0000000 1.0000000
vt 1.0000000 0.0000000
vt 0.0000000 0.0000000
vt 0.0000000 1.0000000
vt 1.0000000 1.0000000
vt 1.0000000 0.0000000
vt 0.0000000 0.0000000
vt 0.0000000 1.0000000
vt 1.0000000 1.0000000
vt 1.0000000 0.0000000
vt 0.0000000 0.0000000
vt 0.0000000 1.0000000
vt 1.0000000 1.0000000
vt 1.0000000 0.0000000
vt 0.0000000 0.0000000
vt 0.0000000 1.0000000
vt 1.0000000 1.0000000
vt 1.0000000 0.0000000
vt 0.0000000 0.0000000
vt 0.0000000 1.0000000
vt 1.0000000 1.0000000
vt 1.0000000 0.0000000
vt 0.0000000 0.0000000
vt 0.0000000 1.0000000
vt 1.0000000 1.0000000
vt 1.0000000 0.0000000
vt 0.0000000 0.0000000
vt 0.0000000 1.0000000
vt 1.0000000 1.0000000
vt 1.0000000 0.0000000
vt 0.0000000 0.0000000
vt 0.0000000 1.0000000
vt 1.0000000 1.0000000
vt 1.0000000 0.0000000
vt 0.0000000 0.0000000
vt 0.0000000 1.0000000
vt 1.0000000 1.0000000
vt 1.0000000 0.0000000
vt 0.0000000 0.0000000
vt 0.0000000 1.0000000
vt 1.0000000 1.0000000
vt 1.0000000 0.0000000
vt 0.0000000 0.0000000
vt 0.0000000 1.0000000
vt 1.0000000 1.0000000
vt 1.0000000 0.0000000
vt 0.0000000 0.0000000
vt 0.0000000 1.0000000
vt 1.0000000 1.0000000
vt 1.0000000 0.0000000
vt 0.0000000 0.0000000
vt 0.0000000 1.0000000
vt 1.0000000 1.0000000
vt 1.0000000 0.0000000
vt 0.0000000 0.0000000
vt 0.0000000 1.0000000
vt 1.0000000 1.0000000
vt 1.0000000 0.0000000
vt 0.0000000 0.0000000
vt 0.0000000 1.0000000
vt 1.0000000 1.0000000
vt 1.0000000 0.0000000
vt 0.0000000 0.0000000
vt 0.0000000 1.0000000
vt 1.0000000 1.0000000
vt 1.0000000 0.0000000
vt 0.0000000 0.0000000
vt 0.0000000 1.0000000
vt 1.0000000 1.0000000
vt 1.0000000 0.0000000
vt 0.0000000 0.0000000
vt 0.0000000 1.0000000
vt 1.0000000 1.0000000
vt 1.0000000 0.0000000
vt 0.0000000 0.0000000
vt 0.0000000 1.0000000
vt 1.0000000 1.0000000
vt 1.0000000 0.0000000
vt 0.0000000 0.0000000
vt 0.0000000 1.0000000
vt 1.0000000 1.0000000
vt 1.0000000 0.0000000
vt 0.0000000 0.0000000
vt 0.0000000 1.0000000
vt 1.0000000 1.0000000
vt 1.0000000 0.0000000
vt 0.0000000 0.0000000
vt 0.0000000 1.0000000
vt 1.0000000 1.0000000
vt 1.0000000 0.0000000
vt 0.0000000 0.0000000
vt 0.0000000 1.0000000
vt 1.0000000 1.0000000
vt 1.0000000 0.0000000
vt 0.0000000 0.0000000
vt 0.0000000 1.0000000
vt 1.0000000 1.0000000
vt 1.0000000 0.0000000
vt 0.0000000 0.0000000
vt 0.0000000 1.0000000
vt 1.0000000 1.0000000
vt 1.0000000 0.0000000
vt 0.0000000 0.0000000
vt 0.0000000 1.0000000
vt 1.0000000 1.0000000
vt 1.0000000 0.0000000
vt 0.0000000 0.0000000
vt 0.0000000 1.0000000
vt 1.0000000 1.0000000
vt 1.0000000 0.0000000
vt 0.0000000 0.0000000
vt 0.0000000 1.0000000
vt 1.0000000 1.0000000
vt 1.0000000 0.0000000
vt 0.0000000 0.0000000
vt 0.0000000 1.0000000
vt 1.0000000 1.0000000
vt 1.0000000 0.0000000
vt 0.0000000 0.0000000
vt 0.0000000 1.0000000
vt 1.0000000 1.0000000
vt 1.0000000 0.0000000
vt 0.0000000 0.0000000
vt 0.0000000 1.0000000
vt 1.0000000 1.0000000
vt 1.0000000 0.0000000
vt 0.0000000 0.0000000
vt 0.0000000 1.0000000
vt 1.0000000 1.0000000
vt 1.0000000 0.0000000
vt 0.0000000 0.0000000
vt 0.0000000 1.0000000
vt 1.0000000 1.0000000
vt 1.0000000 0.0000000
vt 0.0000000 0.0000000
vt 0.0000000 1.0000000
vt 1.0000000 1.0000000
vt 1.0000000 0.0000000
vt 0.0000000 0.0000000
vt 0.0000000 1.0000000
vt 1.0000000 1.0000000
vt 1.0000000 0.0000000
vt 0.0000000 0.0000000
vt 0.0000000 1.0000000
vt 1.0000000 1.0000000
vt 1.0000000 0.0000000
vt 0.0000000 0.0000000
vt 0.0000000 1.0000000
vt 1.0000000 1.0000000
vt 1.0000000 0.0000000
vt 0.0000000 0.0000000
vt 0.0000000 1.0000000
vt 1.0000000 1.0000000
vt 1.0000000 0.0000000
vt 0.0000000 0.0000000
vt 0.0000000 1.0000000
vt 1.0000000 1.0000000
vt 1.0000000 0.0000000
vt 0.0000000 0.0000000
vt 0.0000000 1.0000000
vt 1.0000000 1.0000000
vt 1.0000000 0.0000000
vt 0.0000000 0.0000000
vt 0.0000000 1.0000000
vt 1.0000000 1.0000000
vt 1.0000000 0.0000000
vt 0.0000000 0.0000000
vt 0.0000000 1.0000000
vt 1.0000000 1.0000000
vt 1.0000000 0.0000000
vt 0.0000000 0.0000000
vt 0.0000000 1.0000000
vt 1.0000000 1.0000000
vt 1.0000000 0.0000000
vt 0.0000000 0.0000000
vt 0.0000000 1.0000000
vt 1.0000000 1.0000000
vt 1.0000000 0.0000000
vt 0.0000000 0.0000000
vt 0.0000000 1.0000000
vt 1.0000000 1.0000000
vt 1.0000000 0.0000000
vt 0.0000000 0.0000000
vt 0.0000000 1.0000000
vt 1.0000000 1.0000000
vt 1.0000000 0.0000000
vt 0.0000000 0.0000000
vt 0.0000000 1.0000000
vt 1.0000000 1.0000000
vt 1.0000000 0.0000000
vt 0.0000000 0.0000000
vt 0.0000000 1.0000000
vt 1.0000000 1.0000000
vt 1.0000000 0.0000000
vt 0.0000000 0.0000000
vt 0.0000000 1.0000000
vt 1.0000000 1.0000000
vt 1.0000000 0.0000000
vt 0.0000000 0.0000000
vt 0.0000000 1.0000000
vt 1.0000000 1.0000000
vt 1.0000000 0.0000000
vt 0.0000000 0.0000000
vt 0.0000000 1.0000000
vt 1.0000000 1.0000000
vt 1.0000000 0.0000000
vt 0.0000000 0.0000000
vt 0.0000000 1.0000000
vt 1.0000000 1.0000000
vt 1.0000000 0.0000000
vt 0.0000000 0.0000000
vt 0.0000000 1.0000000
vt 1.0000000 1.0000000
vt 1.0000000 0.0000000
vt 0.0000000 0.0000000
vt 0.0000000 1.0000000
vt 1.0000000 1.0000000
vt 1.0000000 0.0000000
vt 0.0000000 0.0000000
vt 0.0000000 1.0000000
vt 1.0000000 1.0000000
vt 1.0000000 0.0000000
vt 0.0000000 0.0000000
vt 0.0000000 1.0000000
vt 1.0000000 1.0000000
vt 1.0000000 0.0000000
vt 0.0000000 0.0000000
vt 0.0000000 1.0000000
vt 1.0000000 1.0000000
vt 1.0000000 0.0000000
vt 0.0000000 0.0000000
vt 0.0000000 1.0000000
vt 1.0000000 1.0000000
vt 1.0000000 0.0000000
vt 0.0000000 0.0000000
vt 0.0000000 1.0000000
vt 1.0000000 1.0000000
vt 1.0000000 0.0000000
vt 0.0000000 0.0000000
vt 0.0000000 1.0000000
vt 1.0000000 1.0000000
vt 1.0000000 0.0000000
vt 0.0000000 0.0000000
vt 0.0000000 1.0000000
vt 1.0000000 1.0000000
vt 1.0000000 0.0000000
vt 0.0000000 0.0000000
vt 0.0000000 1.0000000
vt 1.0000000 1.0000000
vt 1.0000000 0.0000000
vt 0.0000000 0.0000000
vt 0.0000000 1.0000000
vt 1.0000000 1.0000000
vt 1.0000000 0.0000000
vt 0.0000000 0.0000000
vt 0.0000000 1.0000000
vt 1.0000000 1.0000000
vt 1.0000000 0.0000000
vt 0.0000000 0.0000000
vt 0.0000000 1.0000000
vt 1.0000000 1.0000000
vt 1.0000000 0.0000000
vt 0.0000000 0.0000000
vt 0.0000000 1.0000000
vt 1.0000000 1.0000000
vt 1.0000000 0.0000000
vt 0.0000000 0.0000000
vt 0.0000000 1.0000000
vt 1.0000000 1.0000000
vt 1.0000000 0.0000000
vt 0.0000000 0.0000000
vt 0.0000000 1.0000000
vt 1.0000000 1.0000000
vt 1.0000000 0.0000000
vt 0.0000000 0.0000000
vt 0.0000000 1.0000000
vt 1.0000000 1.0000000
vt 1.0000000 0.0000000
vt 0.0000000 0.0000000
vt 0.0000000 1.0000000
vt 1.0000000 1.0000000
vt 1.0000000 0.0000000
vt 0.0000000 0.0000000
vt 0.0000000 1.0000000
vt 1.0000000 1.0000000
vt 1.0000000 0.0000000
vt 0.0000000 0.0000000
vt 0.0000000 1.0000000
vt 1.0000000 1.0000000
vt 1.0000000 0.0000000
vt 0.0000000 0.0000000
vt 0.0000000 1.0000000
vt 1.0000000 1.0000000
vt 1.0000000 0.0000000
vt 0.0000000 0.0000000
vt 0.0000000 1.0000000
vt 1.0000000 1.0000000
vt 1.0000000 0.0000000
vt 0.0000000 0.0000000
vt 0.0000000 1.0000000
vt 1.0000000 1.0000000
vt 1.0000000 0.0000000
vt 0.0000000 0.0000000
vt 0.0000000 1.0000000
vt 1.0000000 1.0000000
vt 1.0000000 0.0000000
vt 0.0000000 0.0000000
vt 0.0000000 1.0000000
vt 1.0000000 1.0000000
vt 1.0000000 0.0000000
vt 0.0000000 0.0000000
vt 0.0000000 1.0000000
vt 1.0000000 1.0000000
vt 1.0000000 0.0000000
vt 0.0000000 0.0000000
vt 0.0000000 1.0000000
vt 1.0000000 1.0000000
vt 1.0000000 0.0000000
vt 0.0000000 0.0000000
vt 0.0000000 1.0000000
vt 1.0000000 1.0000000
vt 1.0000000 0.0000000
vt 0.0000000 0.0000000
vt 0.0000000 1.0000000
vt 1.0000000 1.0000000
vt 1.0000000 0.0000000
vt 0.0000000 0.0000000
vt 0.0000000 1.0000000
vt 1.0000000 1.0000000
vt 1.0000000 0.0000000
vt 0.0000000 0.0000000
vt 0.0000000 1.0000000
vt 1.0000000 1.0000000
vt 1.0000000 0.0000000
vt 0.0000000 0.0000000
vt 0.0000000 1.0000000
vt 1.0000000 1.0000000
vt 1.0000000 0.0000000
vt 0.0000000 0.0000000
vt 0.0000000 1.0000000
vt 1.0000000 1.0000000
vt 1.0000000 0.0000000
vt 0.0000000 0.0000000
vt 0.0000000 1.0000000
vt 1.0000000 1.0000000
vt 1.0000000 0.0000000
vt 0.0000000 0.0000000
vt 0.0000000 1.0000000
vt 1.0000000 1.0000000
vt 1.0000000 0.0000000
vt 0.0000000 0.0000000
vt 0.0000000 1.0000000
vt 1.0000000 1.0000000
vt 1.0000000 0.0000000
vt 0.0000000 0.0000000
vt 0.0000000 1.0000000
vt 1.0000000 1.0000000
vt 1.0000000 0.0000000
vt 0.0000000 0.0000000
vt 0.0000000 1.0000000
vt 1.0000000 1.0000000
vt 1.0000000 0.0000000
vt 0.0000000 0.0000000
vt 0.0000000 1.0000000
vt 1.0000000 1.0000000
vt 1.0000000 0.0000000
vt 0.0000000 0.0000000
vt 0.0000000 1.0000000
vt 1.0000000 1.0000000
vt 1.0000000 0.0000000
vt 0.0000000 0.0000000
vt 0.0000000 1.0000000
vt 1.0000000 1.0000000
vt 1.0000000 0.0000000
vt 0.0000000 0.0000000
vt 0.0000000 1.0000000
vt 1.0000000 1.0000000
vt 1.0000000 0.0000000
vt 0.0000000 0.0000000
vt 0.0000000 1.0000000
vt 1.0000000 1.0000000
vt 1.0000000 0.0000000
vt 0.0000000 0.0000000
vt 0.0000000 1.0000000
vt 1.0000000 1.0000000
vt 1.0000000 0.0000000
vt 0.0000000 0.0000000
vt 0.0000000 1.0000000
vt 1.0000000 1.0000000
vt 1.0000000 0.0000000
vt 0.0000000 0.0000000
vt 0.0000000 1.0000000
vt 1.0000000 1.0000000
vt 1.0000000 0.0000000
vt 0.0000000 0.0000000
vt 0.0000000 1.0000000
vt 1.0000000 1.0000000
vt 1.0000000 0.0000000
vt 0.0000000 0.0000000
vt 0.0000000 1.0000000
vt 1.0000000 1.0000000
vt 1.0000000 0.0000000
vt 0.0000000 0.0000000
vt 0.0000000 1.0000000
vt 1.0000000 1.0000000
vt 1.0000000 0.0000000
vt 0.0000000 0.0000000
vt 0.0000000 1.0000000
vt 1.0000000 1.0000000
vt 1.0000000 0.0000000
vt 0.0000000 0.0000000
vt 0.0000000 1.0000000
vt 1.0000000 1.0000000
vt 1.0000000 0.0000000
vt 0.0000000 0.0000000
vt 0.0000000 1.0000000
vt 1.0000000 1.0000000
vt 1.0000000 0.0000000
vt 0.0000000 0.0000000
vt 0.0000000 1.0000000
vt 1.0000000 1.0000000
vt 1.0000000 0.0000000
vt 0.0000000 0.0000000
vt 0.0000000 1.0000000
vt 1.0000000 1.0000000
vt 1.0000000 0.0000000
vt 0.0000000 0.0000000
vt 0.0000000 1.0000000
vt 1.0000000 1.0000000
vt 1.0000000 0.0000000
vt 0.0000000 0.0000000
vt 0.0000000 1.0000000
vt 1.0000000 1.0000000
vt 1.0000000 0.0000000
vt 0.0000000 0.0000000
vt 0.0000000 1.0000000
vt 1.0000000 1.0000000
vt 1.0000000 0.0000000
vt 0.0000000 0.0000000
vt 0.0000000 1.0000000
vt 1.0000000 1.0000000
vt 1.0000000 0.0000000
vt 0.0000000 0.0000000
vt 0.0000000 1.0000000
vt 1.0000000 1.0000000
vt 1.0000000 0.0000000
vt 0.0000000 0.0000000
vt 0.0000000 1.0000000
vt 1.0000000 1.0000000
vt 1.0000000 0.0000000
vt 0.0000000 0.0000000
vt 0.0000000 1.0000000
vt 1.0000000 1.0000000
vt 1.0000000 0.0000000
vt 0.0000000 0.0000000
vt 0.0000000 1.0000000
vt 1.0000000 1.0000000
vt 1.0000000 0.0000000
vt 0.0000000 0.0000000
vt 0.0000000 1.0000000
vt 1.0000000 1.0000000
vt 1.0000000 0.0000000
vt 0.0000000 0.0000000
vt 0.0000000 1.0000000
vt 1.0000000 1.0000000
vt 1.0000000 0.0000000
vt 0.0000000 0.0000000
vt 0.0000000 1.0000000
vt 1.0000000 1.0000000
vt 1.0000000 0.0000000
vt 0.0000000 0.0000000
vt 0.0000000 1.0000000
vt 1.0000000 1.0000000
vt 1.0000000 0.0000000
vt 0.0000000 0.0000000
vt 0.0000000 1.0000000
vt 1.0000000 1.0000000
vt 1.0000000 0.0000000
vt 0.0000000 0.0000000
vt 0.0000000 1.0000000
vt 1.0000000 1.0000000
vt 1.0000000 0.0000000
vt 0.0000000 0.0000000
vt 0.0000000 1.0000000
vt 1.0000000 1.0000000
vt 1.0000000 0.0000000
vt 0.0000000 0.0000000
vt 0.0000000 1.0000000
vt 1.0000000 1.0000000
vt 1.0000000 0.0000000
vt 0.0000000 0.0000000
vt 0.0000000 1.0000000
vt 1.0000000 1.0000000
vt 1.0000000 0.0000000
vt 0.0000000 0.0000000
vt 0.0000000 1.0000000
vt 1.0000000 1.0000000
vt 1.0000000 0.0000000
vt 0.0000000 0.0000000
vt 0.0000000 1.0000000
vt 1.0000000 1.0000000
vt 1.0000000 0.0000000
vt 0.0000000 0.0000000
vt 0.0000000 1.0000000
vt 1.0000000 1.0000000
vt 1.0000000 0.0000000
vt 0.0000000 0.0000000
vt 0.0000000 1.0000000
vt 1.0000000 1.0000000
vt 1.0000000 0.0000000
vt 0.0000000 0.0000000
vt 0.0000000 1.0000000
vt 1.0000000 1.0000000
vt 1.0000000 0.0000000
vt 0.0000000 0.0000000
vt 0.0000000 1.0000000
vt 1.0000000 1.0000000
vt 1.0000000 0.0000000
vt 0.0000000 0.0000000
vt 0.0000000 1.0000000
vt 1.0000000 1.0000000
vt 1.0000000 0.0000000
vt 0.0000000 0.0000000
vt 0.0000000 1.0000000
vt 1.0000000 1.0000000
vt 1.0000000 0.0000000
vt 0.0000000 0.0000000
vt 0.0000000 1.0000000
vt 1.0000000 1.0000000
vt 1.0000000 0.0000000
vt 0.0000000 0.0000000
vt 0.0000000 1.0000000
vt 1.0000000 1.0000000
vt 1.0000000 0.0000000
vt 0.0000000 0.0000000
vt 0.0000000 1.0000000
vt 1.0000000 1.0000000
vt 1.0000000 0.0000000
vt 0.0000000 0.0000000
vt 0.0000000 1.0000000
vt 1.0000000 1.0000000
vt 1.0000000 0.0000000
vt 0.0000000 0.0000000
vt 0.0000000 1.0000000
vt 1.0000000 1.0000000
vt 1.0000000 0.0000000
vt 0.0000000 0.0000000
vt 0.0000000 1.0000000
vt 1.0000000 1.0000000
vt 1.0000000 0.0000000
vt 0.0000000 0.0000000
vt 0.0000000 1.0000000
vt 1.0000000 1.0000000
vt 1.0000000 0.0000000
vt 0.0000000 0.0000000
vt 0.0000000 1.0000000
vt 1.0000000 1.0000000
vt 1.0000000 0.0000000
vt 0.0000000 0.0000000
vt 0.0000000 1.0000000
vt 1.0000000 1.0000000
vt 1.0000000 0.0000000
vt 0.0000000 0.0000000
vt 0.0000000 1.0000000
vt 1.0000000 1.0000000
vt 1.0000000 0.0000000
vt 0.0000000 0.0000000
vt 0.0000000 1.0000000
vt 1.0000000 1.0000000
vt 1.0000000 0.0000000
vt 0.0000000 0.0000000
vt 0.0000000 1.0000000
vt 1.0000000 1.0000000
vt 1.0000000 0.0000000
vt 0.0000000 0.0000000
vt 0.0000000 1.0000000
vt 1.0000000 1.0000000
vt 1.0000000 0.0000000
vt 0.0000000 0.0000000
vt 0.0000000 1.0000000
vt 1.0000000 1.0000000
vt 1.0000000 0.0000000
vt 0.0000000 0.0000000
vt 0.0000000 1.0000000
vt 1.0000000 1.0000000
vt 1.0000000 0.0000000
vt 0.0000000 0.0000000
vt 0.0000000 1.0000000
vt 1.0000000 1.0000000
vt 1.0000000 0.0000000
vt 0.0000000 0.0000000
vt 0.0000000 1.0000000
vt 1.0000000 1.0000000
vt 1.0000000 0.0000000
vt 0.0000000 0.0000000
vt 0.0000000 1.0000000
vt 1.0000000 1.0000000
vt 1.0000000 0.0000000
vt 0.0000000 0.0000000
vt 0.0000000 1.0000000
vt 1.0000000 1.0000000
vt 1.0000000 0.0000000
vt 0.0000000 0.0000000
vt 0.0000000 1.0000000
vt 1.0000000 1.0000000
vt 1.0000000 0.0000000
vt 0.0000000 0.0000000
vt 0.0000000 1.0000000
vt 1.0000000 1.0000000
vt 1.0000000 0.0000000
vt 0.0000000 0.0000000
vt 0.0000000 1.0000000
vt 1.0000000 1.0000000
vt 1.0000000 0.0000000
vt 0.0000000 0.0000000
vt 0.0000000 1.0000000
vt 1.0000000 1.0000000
vt 1.0000000 0.0000000
vt 0.0000000 0.0000000
vt 0.0000000 1.0000000
vt 1.0000000 1.0000000
vt 1.0000000 0.0000000
vt 0.0000000 0.0000000
vt 0.0000000 1.0000000
vt 1.0000000 1.0000000
vt 1.0000000 0.0000000
vt 0.0000000 0.0000000
vt 0.0000000 1.0000000
vt 1.0000000 1.0000000
vt 1.0000000 0.0000000
vt 0.0000000 0.0000000
vt 0.0000000 1.0000000
vt 1.0000000 1.0000000
vt 1.0000000 0.0000000
vt 0.0000000 0.0000000
vt 0.0000000 1.0000000
vt 1.0000000 1.0000000
vt 1.0000000 0.0000000
vt 0.0000000 0.0000000
vt 0.0000000 1.0000000
vt 1.0000000 1.0000000
vt 1.0000000 0.0000000
vt 0.0000000 0.0000000
vt 0.0000000 1.0000000
vt 1.0000000 1.0000000
vt 1.0000000 0.0000000
vt 0.0000000 0.0000000
vt 0.0000000 1.0000000
vt 1.0000000 1.0000000
vt 1.0000000 0.0000000
vt 0.0000000 0.0000000
vt 0.0000000 1.0000000
vt 1.0000000 1.0000000
vt 1.0000000 0.0000000
vt 0.0000000 0.0000000
vt 0.0000000 1.0000000
vt 1.0000000 1.0000000
vt 1.0000000 0.0000000
vt 0.0000000 0.0000000
vt 0.0000000 1.0000000
vt 1.0000000 1.0000000
vt 1.0000000 0.0000000
vt 0.0000000 0.0000000
vt 0.0000000 1.0000000
vt 1.0000000 1.0000000
vt 1.0000000 0.0000000
vt 0.0000000 0.0000000
vt 0.0000000 1.0000000
vt 1.0000000 1.0000000
vt 1.0000000 0.0000000
vt 0.0000000 0.0000000
vt 0.0000000 1.0000000
vt 1.0000000 1.0000000
vt 1.0000000 0.0000000
vt 0.0000000 0.0000000
vt 0.0000000 1.0000000
vt 1.0000000 1.0000000
vt 1.0000000 0.0000000
vt 0.0000000 0.0000000
vt 0.0000000 1.0000000
vt 1.0000000 1.0000000
vt 1.0000000 0.0000000
vt 0.0000000 0.0000000
vt 0.0000000 1.0000000
vt 1.0000000 1.0000000
vt 1.0000000 0.0000000
vt 0.0000000 0.0000000
vt 0.0000000 1.0000000
vt 1.0000000 1.0000000
vt 1.0000000 0.0000000
vt 0.0000000 0.0000000
vt 0.0000000 1.0000000
vt 1.0000000 1.0000000
vt 1.0000000 0.0000000
vt 0.0000000 0.0000000
vt 0.0000000 1.0000000
vt 1.0000000 1.0000000
vt 1.0000000 0.0000000
vt 0.0000000 0.0000000
vt 0.0000000 1.0000000
vt 1.0000000 1.0000000
vt 1.0000000 0.0000000
vt 0.0000000 0.0000000
vt 0.0000000 1.0000000
vt 1.0000000 1.0000000
vt 1.0000000 0.0000000
vt 0.0000000 0.0000000
vt 0.0000000 1.0000000
vt 1.0000000 1.0000000
vt 1.0000000 0.0000000
vt 0.0000000 0.0000000
vt 0.0000000 1.0000000
vt 1.0000000 1.0000000
vt 1.0000000 0.0000000
vt 0.0000000 0.0000000
vt 0.0000000 1.0000000
vt 1.0000000 1.0000000
vt 1.0000000 0.0000000
vt 0.0000000 0.0000000
vt 0.0000000 1.0000000
vt 1.0000000 1.0000000
vt 1.0000000 0.0000000
vt 0.0000000 0.0000000
vt 0.0000000 1.0000000
vt 1.0000000 1.0000000
vt 1.0000000 0.0000000
vt 0.0000000 0.0000000
vt 0.0000000 1.0000000
vt 1.0000000 1.0000000
vt 1.0000000 0.0000000
vt 0.0000000 0.0000000
vt 0.0000000 1.0000000
vt 1.0000000 1.0000000
vt 1.0000000 0.0000000
vt 0.0000000 0.0000000
vt 0.0000000 1.0000000
vt 1.0000000 1.0000000
vt 1.0000000 0.0000000
vt 0.0000000 0.0000000
vt 0.0000000 1.0000000
vt 1.0000000 1.0000000
vt 1.0000000 0.0000000
vt 0.0000000 0.0000000
vt 0.0000000 1.0000000
vt 1.0000000 1.0000000
vt 1.0000000 0.0000000
vt 0.0000000 0.0000000
vt 0.0000000 1.0000000
vt 1.0000000 1.0000000
vt 1.0000000 0.0000000
vt 0.0000000 0.0000000
vt 0.0000000 1.0000000
vt 1.0000000 1.0000000
vt 1.0000000 0.0000000
vt 0.0000000 0.0000000
vt 0.0000000 1.0000000
vt 1.0000000 1.0000000
vt 1.0000000 0.0000000
vt 0.0000000 0.0000000
vt 0.0000000 1.0000000
vt 1.0000000 1.0000000
vt 1.0000000 0.0000000
vt 0.0000000 0.0000000
vt 0.0000000 1.0000000
vt 1.0000000 1.0000000
vt 1.0000000 0.0000000
vt 0.0000000 0.0000000
vt 0.0000000 1.0000000
vt 1.0000000 1.0000000
vt 1.0000000 0.0000000
vt 0.0000000 0.0000000
vt 0.0000000 1.0000000
vt 1.0000000 1.0000000
vt 1.0000000 0.0000000
vt 0.0000000 0.0000000
vt 0.0000000 1.0000000
vt 1.0000000 1.0000000
vt 1.0000000 0.0000000
vt 0.0000000 0.0000000
vt 0.0000000 1.0000000
vt 1.0000000 1.0000000
vt 1.0000000 0.0000000
vt 0.0000000 0.0000000
vt 0.0000000 1.0000000
vt 1.0000000 1.0000000
vt 1.0000000 0.0000000
vt 0.0000000 0.0000000
vt 0.0000000 1.0000000
vt 1.0000000 1.0000000
vt 1.0000000 0.0000000
vt 0.0000000 0.0000000
vt 0.0000000 1.0000000
vt 1.0000000 1.0000000
vt 1.0000000 0.0000000
vt 0.0000000 0.0000000
vt 0.0000000 1.0000000
vt 1.0000000 1.0000000
vt 1.0000000 0.0000000
vt 0.0000000 0.0000000
vt 0.0000000 1.0000000
vt 1.0000000 1.0000000
vt 1.0000000 0.0000000
vt 0.0000000 0.0000000
vt 0.0000000 1.0000000
vt 1.0000000 1.0000000
vt 1.0000000 0.0000000
vt 0.0000000 0.0000000
vt 0.0000000 1.0000000
vt 1.0000000 1.0000000
vt 1.0000000 0.0000000
vt 0.0000000 0.0000000
vt 0.0000000 1.0000000
vt 1.0000000 1.0000000
vt 1.0000000 0.0000000
vt 0.0000000 0.0000000
vt 0.0000000 1.0000000
vt 1.0000000 1.0000000
vt 1.0000000 0.0000000
vt 0.0000000 0.0000000
vt 0.0000000 1.0000000
vt 1.0000000 1.0000000
vt 1.0000000 0.0000000
vt 0.0000000 0.0000000
vt 0.0000000 1.0000000
vt 1.0000000 1.0000000
vt 1.0000000 0.0000000
vt 0.0000000 0.0000000
vt 0.0000000 1.0000000
vt 1.0000000 1.0000000
vt 1.0000000 0.0000000
vt 0.0000000 0.0000000
vt 0.0000000 1.0000000
vt 1.0000000 1.0000000
vt 1.0000000 0.0000000
vt 0.0000000 0.0000000
vt 0.0000000 1.0000000
vt 1.0000000 1.0000000
vt 1.0000000 0.0000000
vt 0.0000000 0.0000000
vt 0.0000000 1.0000000
vt 1.0000000 1.0000000
vt 1.0000000 0.0000000
vt 0.0000000 0.0000000
vt 0.0000000 1.0000000
vt 1.0000000 1.0000000
vt 1.0000000 0.0000000
vt 0.0000000 0.0000000
vt 0.0000000 1.0000000
vt 1.0000000 1.0000000
vt 1.0000000 0.0000000
vt 0.0000000 0.0000000
vt 0.0000000 1.0000000
vt 1.0000000 1.0000000
vt 1.0000000 0.0000000
vt 0.0000000 0.0000000
vt 0.0000000 1.0000000
vt 1.0000000 1.0000000
vt 1.0000000 0.0000000
vt 0.0000000 0.0000000
vt 0.0000000 1.0000000
vt 1.0000000 1.0000000
vt 1.0000000 0.0000000
vt 0.0000000 0.0000000
vt 0.0000000 1.0000000
vt 1.0000000 1.0000000
vt 1.0000000 0.0000000
vt 0.0000000 0.0000000
vt 0.0000000 1.0000000
vt 1.0000000 1.0000000
vt 1.0000000 0.0000000
vt 0.0000000 0.0000000
vt 0.0000000 1.0000000
vt 1.0000000 1.0000000
vt 1.0000000 0.0000000
vt 0.0000000 0.0000000
vt 0.0000000 1.0000000
vt 1.0000000 1.0000000
vt 1.0000000 0.0000000
vt 0.0000000 0.0000000
vt 0.0000000 1.0000000
vt 1.0000000 1.0000000
vt 1.0000000 0.0000000
vt 0.0000000 0.0000000
vt 0.0000000 1.0000000
vt 1.0000000 1.0000000
vt 1.0000000 0.0000000
vt 0.0000000 0.0000000
vt 0.0000000 1.0000000
vt 1.0000000 1.0000000
vt 1.0000000 0.0000000
vt 0.0000000 0.0000000
vt 0.0000000 1.0000000
vt 1.0000000 1.0000000
vt 1.0000000 0.0000000
vt 0.0000000 0.0000000
vt 0.0000000 1.0000000
vt 1.0000000 1.0000000
vt 1.0000000 0.0000000
vt 0.0000000 0.0000000
vt 0.0000000 1.0000000
vt 1.0000000 1.0000000
vt 1.0000000 0.0000000
vt 0.0000000 0.0000000
vt 0.0000000 1.0000000
vt 1.0000000 1.0000000
vt 1.0000000 0.0000000
vt 0.0000000 0.0000000
vt 0.0000000 1.0000000
vt 1.0000000 1.0000000
vt 1.0000000 0.0000000
vt 0.0000000 0.0000000
vt 0.0000000 1.0000000
vt 1.0000000 1.0000000
vt 1.0000000 0.0000000
vt 0.0000000 0.0000000
vt 0.0000000 1.0000000
vt 1.0000000 1.0000000
vt 1.0000000 0.0000000
vt 0.0000000 0.0000000
vt 0.0000000 1.0000000
vt 1.0000000 1.0000000
vt 1.0000000 0.0000000
vt 0.0000000 0.0000000
vt 0.0000000 1.0000000
vt 1.0000000 1.0000000
vt 1.0000000 0.0000000
vt 0.0000000 0.0000000
vt 0.0000000 1.0000000
vt 1.0000000 1.0000000
vt 1.0000000 0.0000000
vt 0.0000000 0.0000000
vt 0.0000000 1.0000000
vt 1.0000000 1.0000000
vt 1.0000000 0.0000000
vt 0.0000000 0.0000000
vt 0.0000000 1.0000000
vt 1.0000000 1.0000000
vt 1.0000000 0.0000000
vt 0.0000000 0.0000000
vt 0.0000000 1.0000000
vt 1.0000000 1.0000000
vt 1.0000000 0.0000000
vt 0.0000000 0.0000000
vt 0.0000000 1.0000000
vt 1.0000000 1.0000000
vt 1.0000000 0.0000000
vt 0.0000000 0.0000000
vt 0.0000000 1.0000000
vt 1.0000000 1.0000000
vt 1.0000000 0.0000000
vt 0.0000000 0.0000000
vt 0.0000000 1.0000000
vt 1.0000000 1.0000000
vt 1.0000000 0.0000000
vt 0.0000000 0.0000000
vt 0.0000000 1.0000000
vt 1.0000000 1.0000000
vt 1.0000000 0.0000000
vt 0.0000000 0.0000000
vt 0.0000000 1.0000000
vt 1.0000000 1.0000000
vt 1.0000000 0.0000000
vt 0.0000000 0.0000000
vt 0.0000000 1.0000000
vt 1.0000000 1.0000000
vt 1.0000000 0.0000000
vt 0.0000000 0.0000000
vt 0.0000000 1.0000000
vt 1.0000000 1.0000000
vt 1.0000000 0.0000000
vt 0.0000000 0.0000000
vt 0.0000000 1.0000000
vt 1.0000000 1.0000000
vt 1.0000000 0.0000000
vt 0.0000000 0.0000000
vt 0.0000000 1.0000000
vt 1.0000000 1.0000000
vt 1.0000000 0.0000000
vt 0.0000000 0.0000000
vt 0.0000000 1.0000000
vt 1.0000000 1.0000000
vt 1.0000000 0.0000000
vt 0.0000000 0.0000000
vt 0.0000000 1.0000000
vt 1.0000000 1.0000000
vt 1.0000000 0.0000000
vt 0.0000000 0.0000000
vt 0.0000000 1.0000000
vt 1.0000000 1.0000000
vt 1.0000000 0.0000000
vt 0.0000000 0.0000000
vt 0.0000000 1.0000000
vt 1.0000000 1.0000000
vt 1.0000000 0.0000000
vt 0.0000000 0.0000000
vt 0.0000000 1.0000000
vt 1.0000000 1.0000000
vt 1.0000000 0.0000000
vt 0.0000000 0.0000000
vt 0.0000000 1.0000000
vt 1.0000000 1.0000000
vt 1.0000000 0.0000000
vt 0.0000000 0.0000000
vt 0.0000000 1.0000000
vt 1.0000000 1.0000000
vt 1.0000000 0.0000000
vt 0.0000000 0.0000000
vt 0.0000000 1.0000000
vt 1.0000000 1.0000000
vt 1.0000000 0.0000000
vt 0.0000000 0.0000000
vt 0.0000000 1.0000000
vt 1.0000000 1.0000000
vt 1.0000000 0.0000000
vt 0.0000000 0.0000000
vt 0.0000000 1.0000000
vt 1.0000000 1.0000000
vt 1.0000000 0.0000000
vt 0.0000000 0.0000000
vt 0.0000000 1.0000000
vt 1.0000000 1.0000000
vt 1.0000000 0.0000000
vt 0.0000000 0.0000000
vt 0.0000000 1.0000000
vt 1.0000000 1.0000000
vt 1.0000000 0.0000000
vt 0.0000000 0.0000000
vt 0.0000000 1.0000000
vt 1.0000000 1.0000000
vt 1.0000000 0.0000000
vt 0.0000000 0.0000000
vt 0.0000000 1.0000000
vt 1.0000000 1.0000000
vt 1.0000000 0.0000000
vt 0.0000000 0.0000000
vt 0.0000000 1.0000000
vt 1.0000000 1.0000000
vt 1.0000000 0.0000000
vt 0.0000000 0.0000000
vt 0.0000000 1.0000000
vt 1.0000000 1.0000000
vt 1.0000000 0.0000000
vt 0.0000000 0.0000000
vt 0.0000000 1.0000000
vt 1.0000000 1.0000000
vt 1.0000000 0.0000000
vt 0.0000000 0.0000000
vt 0.0000000 1.0000000
vt 1.0000000 1.0000000
vt 1.0000000 0.0000000
vt 0.0000000 0.0000000
vt 0.0000000 1.0000000
vt 1.0000000 1.0000000
vt 1.0000000 0.0000000
vt 0.0000000 0.0000000
vt 0.0000000 1.0000000
vt 1.0000000 1.0000000
vt 1.0000000 0.0000000
vt 0.0000000 0.0000000
vt 0.0000000 1.0000000
vt 1.0000000 1.0000000
vt 1.0000000 0.0000000
vt 0.0000000 0.0000000
vt 0.0000000 1.0000000
vt 1.0000000 1.0000000
vt 1.0000000 0.0000000
vt 0.0000000 0.0000000
vt 0.0000000 1.0000000
vt 1.0000000 1.0000000
vt 1.0000000 0.0000000
vt 0.0000000 0.0000000
vt 0.0000000 1.0000000
vt 1.0000000 1.0000000
vt 1.0000000 0.0000000
vt 0.0000000 0.0000000
vt 0.0000000 1.0000000
vt 1.0000000 1.0000000
vt 1.0000000 0.0000000
vt 0.0000000 0.0000000
vt 0.0000000 1.0000000
vt 1.0000000 1.0000000
vt 1.0000000 0.0000000
vt 0.0000000 0.0000000
vt 0.0000000 1.0000000
vt 1.0000000 1.0000000
vt 1.0000000 0.0000000
vt 0.0000000 0.0000000
vt 0.0000000 1.0000000
vt 1.0000000 1.0000000
vt 1.0000000 0.0000000
vt 0.0000000 0.0000000
vt 0.0000000 1.0000000
vt 1.0000000 1.0000000
vt 1.0000000 0.0000000
vt 0.0000000 0.0000000
vt 0.0000000 1.0000000
vt 1.0000000 1.0000000
vt 1.0000000 0.0000000
vt 0.0000000 0.0000000
vt 0.0000000 1.0000000
vt 1.0000000 1.0000000
vt 1.0000000 0.0000000
vt 0.0000000 0.0000000
vt 0.0000000 1.0000000
vt 1.0000000 1.0000000
vt 1.0000000 0.0000000
vt 0.0000000 0.0000000
vt 0.0000000 1.0000000
vt 1.0000000 1.0000000
vt 1.0000000 0.0000000
vt 0.0000000 0.0000000
vt 0.0000000 1.0000000
vt 1.0000000 1.0000000
vt 1.0000000 0.0000000
vt 0.0000000 0.0000000
vt 0.0000000 1.0000000
vt 1.0000000 1.0000000
vt 1.0000000 0.0000000
vt 0.0000000 0.0000000
vt 0.0000000 1.0000000
vt 1.0000000 1.0000000
vt 1.0000000 0.0000000
vt 0.0000000 0.0000000
vt 0.0000000 1.0000000
vt 1.0000000 1.0000000
vt 1.0000000 0.0000000
vt 0.0000000 0.0000000
vt 0.0000000 1.0000000
vt 1.0000000 1.0000000
vt 1.0000000 0.0000000
vt 0.0000000 0.0000000
vt 0.0000000 1.0000000
vt 1.0000000 1.0000000
vt 1.0000000 0.0000000
vt 0.0000000 0.0000000
vt 0.0000000 1.0000000
vt 1.0000000 1.0000000
vt 1.0000000 0.0000000
vt 0.0000000 0.0000000
vt 0.0000000 1.0000000
vt 1.0000000 1.0000000
vt 1.0000000 0.0000000
vt 0.0000000 0.0000000
vt 0.0000000 1.0000000
vt 1.0000000 1.0000000
vt 1.0000000 0.0000000
vt 0.0000000 0.0000000
vt 0.0000000 1.0000000
vt 1.0000000 1.0000000
vt 1.0000000 0.0000000
vt 0.0000000 0.0000000
vt 0.0000000 1.0000000
vt 1.0000000 1.0000000
vt 1.0000000 0.0000000
vt 0.0000000 0.0000000
vt 0.0000000 1.0000000
vt 1.0000000 1.0000000
vt 1.0000000 0.0000000
vt 0.0000000 0.0000000
vt 0.0000000 1.0000000
vt 1.0000000 1.0000000
vt 1.0000000 0.0000000
vt 0.0000000 0.0000000
vt 0.0000000 1.0000000
vt 1.0000000 1.0000000
vt 1.0000000 0.0000000
vt 0.0000000 0.0000000
vt 0.0000000 1.0000000
vt 1.0000000 1.0000000
vt 1.0000000 0.0000000
vt 0.0000000 0.0000000
vt 0.0000000 1.0000000
vt 1.0000000 1.0000000
vt 1.0000000 0.0000000
vt 0.0000000 0.0000000
vt 0.0000000 1.0000000
vt 1.0000000 1.0000000
vt 1.0000000 0.0000000
vt 0.0000000 0.0000000
vt 0.0000000 1.0000000
vt 1.0000000 1.0000000
vt 1.0000000 0.0000000
vt 0.0000000 0.0000000
vt 0.0000000 1.0000000
vt 1.0000000 1.0000000
vt 1.0000000 0.0000000
vt 0.0000000 0.0000000
vt 0.0000000 1.0000000
vt 1.0000000 1.0000000
vt 1.0000000 0.0000000
vt 0.0000000 0.0000000
vt 0.0000000 1.0000000
vt 1.0000000 1.0000000
vt 1.0000000 0.0000000
vt 0.0000000 0.0000000
vt 0.0000000 1.0000000
vt 1.0000000 1.0000000
vt 1.0000000 0.0000000
vt 0.0000000 0.0000000
vt 0.0000000 1.0000000
vt 1.0000000 1.0000000
vt 1.0000000 0.0000000
vt 0.0000000 0.0000000
vt 0.0000000 1.0000000
vt 1.0000000 1.0000000
vt 1.0000000 0.0000000
vt 0.0000000 0.0000000
vt 0.0000000 1.0000000
vt 1.0000000 1.0000000
vt 1.0000000 0.0000000
vt 0.0000000 0.0000000
vt 0.0000000 1.0000000
vt 1.0000000 1.0000000
vt 1.0000000 0.0000000
vt 0.0000000 0.0000000
vt 0.0000000 1.0000000
vt 1.0000000 1.0000000
vt 1.0000000 0.0000000
vt 0.0000000 0.0000000
vt 0.0000000 1.0000000
vt 1.0000000 1.0000000
vt 1.0000000 0.0000000
vt 0.0000000 0.0000000
vt 0.0000000 1.0000000
vt 1.0000000 1.0000000
vt 1.0000000 0.0000000
vt 0.0000000 0.0000000
vt 0.0000000 1.0000000
vt 1.0000000 1.0000000
vt 1.0000000 0.0000000
vt 0.0000000 0.0000000
vt 0.0000000 1.0000000
vt 1.0000000 1.0000000
vt 1.0000000 0.0000000
vt 0.0000000 0.0000000
vt 0.0000000 1.0000000
vt 1.0000000 1.0000000
vt 1.0000000 0.0000000
vt 0.0000000 0.0000000
vt 0.0000000 1.0000000
vt 1.0000000 1.0000000
vt 1.0000000 0.0000000
vt 0.0000000 0.0000000
vt 0.0000000 1.0000000
vt 1.0000000 1.0000000
vt 1.0000000 0.0000000
vt 0.0000000 0.0000000
vt 0.0000000 1.0000000
vt 1.0000000 1.0000000
vt 1.0000000 0.0000000
vt 0.0000000 0.0000000
vt 0.0000000 1.0000000
vt 1.0000000 1.0000000
vt 1.0000000 0.0000000
vt 0.0000000 0.0000000
vt 0.0000000 1.0000000
vt 1.0000000 1.0000000
vt 1.0000000 0.0000000
vt 0.0000000 0.0000000
vt 0.0000000 1.0000000
vt 1.0000000 1.0000000
vt 1.0000000 0.0000000
vt 0.0000000 0.0000000
vt 0.0000000 1.0000000
vt 1.0000000 1.0000000
vt 1.0000000 0.0000000
vt 0.0000000 0.0000000
vt 0.0000000 1.0000000
vt 1.0000000 1.0000000
vt 1.0000000 0.0000000
vt 0.0000000 0.0000000
vt 0.0000000 1.0000000
vt 1.0000000 1.0000000
vt 1.0000000 0.0000000
vt 0.0000000 0.0000000
vt 0.0000000 1.0000000
vt 1.0000000 1.0000000
vt 1.0000000 0.0000000
vt 0.0000000 0.0000000
vt 0.0000000 1.0000000
vt 1.0000000 1.0000000
vt 1.0000000 0.0000000
vt 0.0000000 0.0000000
vt 0.0000000 1.0000000
vt 1.0000000 1.0000000
vt 1.0000000 0.0000000
vt 0.0000000 0.0000000
f 1/1 2/2 3/3 4/4
f 5/5 6/6 7/7 8/8
f 9/9 10/10 11/11 12/12
f 13/13 14/14 15/15 16/16
f 17/17 18/18 19/19 20/20
f 21/21 22/22 23/23 24/24
f 25/25 26/26 27/27 28/28
f 29/29 30/30 31/31 32/32
f 33/33 34/34 35/35 36/36
f 37/37 38/38 39/39 40/40
f 41/41 42/42 43/43 44/44
f 45/45 46/46 47/47 48/48
f 49/49 50/50 51/51 52/52
f 53/53 54/54 55/55 56/56
f 57/57 58/58 59/59 60/60
f 61/61 62/62 63/63 64/64
f 65/65 66/66 67/67 68/68
f 69/69 70/70 71/71 72/72
f 73/73 74/74 75/75 76/76
f 77/77 78/78 79/79 80/80
f 81/81 82/82 83/83 84/84
f 85/85 86/86 87/87 88/88
f 89/89 90/90 91/91 92/92
f 93/93 94/94 95/95 96/96
f 97/97 98/98 99/99 100/100
f 101/101 102/102 103/103 104/104
f 105/105 106/106 107/107 108/108
f 109/109 110/110 111/111 112/112
f 113/113 114/114 115/115 116/116
f 117/117 118/118 119/119 120/120
f 121/121 122/122 123/123 124/124
f 125/125 126/126 127/127 128/128
f 129/129 130/130 131/131 132/132
f 133/133 134/134 135/135 136/136
f 137/137 138/138 139/139 140/140
f 141/141 142/142 143/143 144/144
f 145/145 146/146 147/147 148/148
f 149/149 150/150 151/151 152/152
f 153/153 154/154 155/155 156/156
f 157/157 158/158 159/159 160/160
f 161/161 162/162 163/163 164/164
f 165/165 166/166 167/167 168/168
f 169/169 170/170 171/171 172/172
f 173/173 174/174 175/175 176/176
f 177/177 178/178 179/179 180/180
f 181/181 182/182 183/183 184/184
f 185/185 186/186 187/187 188/188
f 189/189 190/190 191/191 192/192
f 193/193 194/194 195/195 196/196
f 197/197 198/198 199/199 200/200
f 201/201 202/202 203/203 204/204
f 205/205 206/206 207/207 208/208
f 209/209 210/210 211/211 212/212
f 213/213 214/214 215/215 216/216
f 217/217 218/218 219/219 220/220
f 221/221 222/222 223/223 224/224
f 225/225 226/226 227/227 228/228
f 229/229 230/230 231/231 232/232
f 233/233 234/234 235/235 236/236
f 237/237 238/238 239/239 240/240
f 241/241 242/242 243/243 244/244
f 245/245 246/246 247/247 248/248
f 249/249 250/250 251/251 252/252
f 253/253 254/254 255/255 256/256
f 257/257 258/258 259/259 260/260
f 261/261 262/262 263/263 264/264
f 265/265 266/266 267/267 268/268
f 269/269 270/270 271/271 272/272
f 273/273 274/274 275/275 276/276
f 277/277 278/278 279/279 280/280
f 281/281 282/282 283/283 284/284
f 285/285 286/286 287/287 288/288
f 289/289 290/290 291/291 292/292
f 293/293 294/294 295/295 296/296
f 297/297 298/298 299/299 300/300
f 301/301 302/302 303/303 304/304
f 305/305 306/306 307/307 308/308
f 309/309 310/310 311/311 312/312
f 313/313 314/314 315/315 316/316
f 317/317 318/318 319/319 320/320
f 321/321 322/322 323/323 324/324
f 325/325 326/326 327/327 328/328
f 329/329 330/330 331/331 332/332
f 333/333 334/334 335/335 336/336
f 337/337 338/338 339/339 340/340
f 341/341 342/342 343/343 344/344
f 345/345 346/346 347/347 348/348
f 349/349 350/350 351/351 352/352
f 353/353 354/354 355/355 356/356
f 357/357 358/358 359/359 360/360
f 361/361 362/362 363/363 364/364
f 365/365 366/366 367/367 368/368
f 369/369 370/370 371/371 372/372
f 373/373 374/374 375/375 376/376
f 377/377 378/378 379/379 380/380
f 381/381 382/382 383/383 384/384
f 385/385 386/386 387/387 388/388
f 389/389 390/390 391/391 392/392
f 393/393 394/394 395/395 396/396
f 397/397 398/398 399/399 400/400
f 401/401 402/402 403/403 404/404
f 405/405 406/406 407/407 408/408
f 409/409 410/410 411/411 412/412
f 413/413 414/414 415/415 416/416
f 417/417 418/418 419/419 420/420
f 421/421 422/422 423/423 424/424
f 425/425 426/426 427/427 428/428
f 429/429 430/430 431/431 432/432
f 433/433 434/434 435/435 436/436
f 437/437 438/438 439/439 440/440
f 441/441 442/442 443/443 444/444
f 445/445 446/446 447/447 448/448
f 449/449 450/450 451/451 452/452
f 453/453 454/454 455/455 456/456
f 457/457 458/458 459/459 460/460
f 461/461 462/462 463/463 464/464
f 465/465 466/466 467/467 468/468
f 469/469 470/470 471/471 472/472
f 473/473 474/474 475/475 476/476
f 477/477 478/478 479/479 480/480
f 481/481 482/482 483/483 484/484
f 485/485 486/486 487/487 488/488
f 489/489 490/490 491/491 492/492
f 493/493 494/494 495/495 496/496
f 497/497 498/498 499/499 500/500
f 501/501 502/502 503/503 504/504
f 505/505 506/506 507/507 508/508
f 509/509 510/510 511/511 512/512
f 513/513 514/514 515/515 516/516
f 517/517 518/518 519/519 520/520
f 521/521 522/522 523/523 524/524
f 525/525 526/526 527/527 528/528
f 529/529 530/530 531/531 532/532
f 533/533 534/534 535/535 536/536
f 537/537 538/538 539/539 540/540
f 541/541 542/542 543/543 544/544
f 545/545 546/546 547/547 548/548
f 549/549 550/550 551/551 552/552
f 553/553 554/554 555/555 556/556
f 557/557 558/558 559/559 560/560
f 561/561 562/562 563/563 564/564
f 565/565 566/566 567/567 568/568
f 569/569 570/570 571/571 572/572
f 573/573 574/574 575/575 576/576
f 577/577 578/578 579/579 580/580
f 581/581 582/582 583/583 584/584
f 585/585 586/586 587/587 588/588
f 589/589 590/590 591/591 592/592
f 593/593 594/594 595/595 596/596
f 597/597 598/598 599/599 600/600
f 601/601 602/602 603/603 604/604
f 605/605 606/606 607/607 608/608
f 609/609 610/610 611/611 612/612
f 613/613 614/614 615/615 616/616
f 617/617 618/618 619/619 620/620
f 621/621 622/622 623/623 624/624
f 625/625 626/626 627/627 628/628
f 629/629 630/630 631/631 632/632
f 633/633 634/634 635/635 636/636
f 637/637 638/638 639/639 640/640
f 641/641 642/642 643/643 644/644
f 645/645 646/646 647/647 648/648
f 649/649 650/650 651/651 652/652
f 653/653 654/654 655/655 656/656
f 657/657 658/658 659/659 660/660
f 661/661 662/662 663/663 664/664
f 665/665 666/666 667/667 668/668
f 669/669 670/670 671/671 672/672
f 673/673 674/674 675/675 676/676
f 677/677 678/678 679/679 680/680
f 681/681 682/682 683/683 684/684
f 685/685 686/686 687/687 688/688
f 689/689 690/690 691/691 692/692
f 693/693 694/694 695/695 696/696
f 697/697 698/698 699/699 700/700
f 701/701 702/702 703/703 704/704
f 705/705 706/706 707/707 708/708
f 709/709 710/710 711/711 712/712
f 713/713 714/714 715/715 716/716
f 717/717 718/718 719/719 720/720
f 721/721 722/722 723/723 724/724
f 725/725 726/726 727/727 728/728
f 729/729 730/730 731/731 732/732
f 733/733 734/734 735/735 736/736
f 737/737 738/738 739/739 740/740
f 741/741 742/742 743/743 744/744
f 745/745 746/746 747/747 748/748
f 749/749 750/750 751/751 752/752
f 753/753 754/754 755/755 756/756
f 757/757 758/758 759/759 760/760
f 761/761 762/762 763/763 764/764
f 765/765 766/766 767/767 768/768
f 769/769 770/770 771/771 772/772
f 773/773 774/774 775/775 776/776
f 777/777 778/778 779/779 780/780
f 781/781 782/782 783/783 784/784
f 785/785 786/786 787/787 788/788
f 789/789 790/790 791/791 792/792
f 793/793 794/794 795/795 796/796
f 797/797 798/798 799/799 800/800
f 801/801 802/802 803/803 804/804
f 805/805 806/806 807/807 808/808
f 809/809 810/810 811/811 812/812
f 813/813 814/814 815/815 816/816
f 817/817 818/818 819/819 820/820
f 821/821 822/822 823/823 824/824
f 825/825 826/826 827/827 828/828
f 829/829 830/830 831/831 832/832
f 833/833 834/834 835/835 836/836
f 837/837 838/838 839/839 840/840
f 841/841 842/842 843/843 844/844
f 845/845 846/846 847/847 848/848
f 849/849 850/850 851/851 852/852
f 853/853 854/854 855/855 856/856
f 857/857 858/858 859/859 860/860
f 861/861 862/862 863/863 864/864
f 865/865 866/866 867/867 868/868
f 869/869 870/870 871/871 872/872
f 873/873 874/874 875/875 876/876
f 877/877 878/878 879/879 880/880
f 881/881 882/882 883/883 884/884
f 885/885 886/886 887/887 888/888
f 889/889 890/890 891/891 892/892
f 893/893 894/894 895/895 896/896
f 897/897 898/898 899/899 900/900
f 901/901 902/902 903/903 904/904
f 905/905 906/906 907/907 908/908
f 909/909 910/910 911/911 912/912
f 913/913 914/914 915/915 916/916
f 917/917 918/918 919/919 920/920
f 921/921 922/922 923/923 924/924
f 925/925 926/926 927/927 928/928
f 929/929 930/930 931/931 932/932
f 933/933 934/934 935/935 936/936
f 937/937 938/938 939/939 940/940
f 941/941 942/942 943/943 944/944
f 945/945 946/946 947/947 948/948
f 949/949 950/950 951/951 952/952
f 953/953 954/954 955/955 956/956
f 957/957 958/958 959/959 960/960
f 961/961 962/962 963/963 964/964
f 965/965 966/966 967/967 968/968
f 969/969 970/970 971/971 972/972
f 973/973 974/974 975/975 976/976
f 977/977 978/978 979/979 980/980
f 981/981 982/982 983/983 984/984
f 985/985 986/986 987/987 988/988
f 989/989 990/990 991/991 992/992
f 993/993 994/994 995/995 996/996
f 997/997 998/998 999/999 1000/1000
f 1001/1001 1002/1002 1003/1003 1004/1004
f 1005/1005 1006/1006 1007/1007 1008/1008
f 1009/1009 1010/1010 1011/1011 1012/1012
f 1013/1013 1014/1014 1015/1015 1016/1016
f 1017/1017 1018/1018 1019/1019 1020/1020
f 1021/1021 1022/1022 1023/1023 1024/1024
f 1025/1025 1026/1026 1027/1027 1028/1028
f 1029/1029 1030/1030 1031/1031 1032/1032
f 1033/1033 1034/1034 1035/1035 1036/1036
f 1037/1037 1038/1038 1039/1039 1040/1040
f 1041/1041 1042/1042 1043/1043 1044/1044
f 1045/1045 1046/1046 1047/1047 1048/1048
f 1049/1049 1050/1050 1051/1051 1052/1052
f 1053/1053 1054/1054 1055/1055 1056/1056
f 1057/1057 1058/1058 1059/1059 1060/1060
f 1061/1061 1062/1062 1063/1063 1064/1064
f 1065/1065 1066/1066 1067/1067 1068/1068
f 1069/1069 1070/1070 1071/1071 1072/1072
f 1073/1073 1074/1074 1075/1075 1076/1076
f 1077/1077 1078/1078 1079/1079 1080/1080
f 1081/1081 1082/1082 1083/1083 1084/1084
f 1085/1085 1086/1086 1087/1087 1088/1088
f 1089/1089 1090/1090 1091/1091 1092/1092
f 1093/1093 1094/1094 1095/1095 1096/1096
f 1097/1097 1098/1098 1099/1099 1100/1100
f 1101/1101 1102/1102 1103/1103 1104/1104
f 1105/1105 1106/1106 1107/1107 1108/1108
f 1109/1109 1110/1110 1111/1111 1112/1112
f 1113/1113 1114/1114 1115/1115 1116/1116
f 1117/1117 1118/1118 1119/1119 1120/1120
f 1121/1121 1122/1122 1123/1123 1124/1124
f 1125/1125 1126/1126 1127/1127 1128/1128
f 1129/1129 1130/1130 1131/1131 1132/1132
f 1133/1133 1134/1134 1135/1135 1136/1136
f 1137/1137 1138/1138 1139/1139 1140/1140
f 1141/1141 1142/1142 1143/1143 1144/1144
f 1145/1145 1146/1146 1147/1147 1148/1148
f 1149/1149 1150/1150 1151/1151 1152/1152
f 1153/1153 1154/1154 1155/1155 1156/1156
f 1157/1157 1158/1158 1159/1159 1160/1160
f 1161/1161 1162/1162 1163/1163 1164/1164
f 1165/1165 1166/1166 1167/1167 1168/1168
f 1169/1169 1170/1170 1171/1171 1172/1172
f 1173/1173 1174/1174 1175/1175 1176/1176
f 1177/1177 1178/1178 1179/1179 1180/1180
f 1181/1181 1182/1182 1183/1183 1184/1184
f 1185/1185 1186/1186 1187/1187 1188/1188
f 1189/1189 1190/1190 1191/1191 1192/1192
f 1193/1193 1194/1194 1195/1195 1196/1196
f 1197/1197 1198/1198 1199/1199 1200/1200
f 1201/1201 1202/1202 1203/1203 1204/1204
f 1205/1205 1206/1206 1207/1207 1208/1208
f 1209/1209 1210/1210 1211/1211 1212/1212
f 1213/1213 1214/1214 1215/1215 1216/1216
f 1217/1217 1218/1218 1219/1219 1220/1220
f 1221/1221 1222/1222 1223/1223 1224/1224
f 1225/1225 1226/1226 1227/1227 1228/1228
f 1229/1229 1230/1230 1231/1231 1232/1232
f 1233/1233 1234/1234 1235/1235 1236/1236
f 1237/1237 1238/1238 1239/1239 1240/1240
f 1241/1241 1242/1242 1243/1243 1244/1244
f 1245/1245 1246/1246 1247/1247 1248/1248
f 1249/1249 1250/1250 1251/1251 1252/1252
f 1253/1253 1254/1254 1255/1255 1256/1256
f 1257/1257 1258/1258 1259/1259 1260/1260
f 1261/1261 1262/1262 1263/1263 1264/1264
f 1265/1265 1266/1266 1267/1267 1268/1268
f 1269/1269 1270/1270 1271/1271 1272/1272
f 1273/1273 1274/1274 1275/1275 1276/1276
f 1277/1277 1278/1278 1279/1279 1280/1280
f 1281/1281 1282/1282 1283/1283 1284/1284
f 1285/1285 1286/1286 1287/1287 1288/1288
f 1289/1289 1290/1290 1291/1291 1292/1292
f 1293/1293 1294/1294 1295/1295 1296/1296
f 1297/1297 1298/1298 1299/1299 1300/1300
f 1301/1301 1302/1302 1303/1303 1304/1304
f 1305/1305 1306/1306 1307/1307 1308/1308
f 1309/1309 1310/1310 1311/1311 1312/1312
f 1313/1313 1314/1314 1315/1315 1316/1316
f 1317/1317 1318/1318 1319/1319 1320/1320
f 1321/1321 1322/1322 1323/1323 1324/1324
f 1325/1325 1326/1326 1327/1327 1328/1328
f 1329/1329 1330/1330 1331/1331 1332/1332
f 1333/1333 1334/1334 1335/1335 1336/1336
f 1337/1337 1338/1338 1339/1339 1340/1340
f 1341/1341 1342/1342 1343/1343 1344/1344
f 1345/1345 1346/1346 1347/1347 1348/1348
f 1349/1349 1350/1350 1351/1351 1352/1352
f 1353/1353 1354/1354 1355/1355 1356/1356
f 1357/1357 1358/1358 1359/1359 1360/1360
f 1361/1361 1362/1362 1363/1363 1364/1364
f 1365/1365 1366/1366 1367/1367 1368/1368
f 1369/1369 1370/1370 1371/1371 1372/1372
f 1373/1373 1374/1374 1375/1375 1376/1376
f 1377/1377 1378/1378 1379/1379 1380/1380
f 1381/1381 1382/1382 1383/1383 1384/1384
f 1385/1385 1386/1386 1387/1387 1388/1388
f 1389/1389 1390/1390 1391/1391 1392/1392
f 1393/1393 1394/1394 1395/1395 1396/1396
f 1397/1397 1398/1398 1399/1399 1400/1400
f 1401/1401 1402/1402 1403/1403 1404/1404
f 1405/1405 1406/1406 1407/1407 1408/1408
f 1409/1409 1410/1410 1411/1411 1412/1412
f 1413/1413 1414/1414 1415/1415 1416/1416
f 1417/1417 1418/1418 1419/1419 1420/1420
f 1421/1421 1422/1422 1423/1423 1424/1424
f 1425/1425 1426/1426 1427/1427 1428/1428
f 1429/1429 1430/1430 1431/1431 1432/1432
f 1433/1433 1434/1434 1435/1435 1436/1436
f 1437/1437 1438/1438 1439/1439 1440/1440
f 1441/1441 1442/1442 1443/1443 1444/1444
f 1445/1445 1446/1446 1447/1447 1448/1448
f 1449/1449 1450/1450 1451/1451 1452/1452
f 1453/1453 1454/1454 1455/1455 1456/1456
f 1457/1457 1458/1458 1459/1459 1460/1460
f 1461/1461 1462/1462 1463/1463 1464/1464
f 1465/1465 1466/1466 1467/1467 1468/1468
f 1469/1469 1470/1470 1471/1471 1472/1472
f 1473/1473 1474/1474 1475/1475 1476/1476
f 1477/1477 1478/1478 1479/1479 1480/1480
f 1481/1481 1482/1482 1483/1483 1484/1484
f 1485/1485 1486/1486 1487/1487 1488/1488
f 1489/1489 1490/1490 1491/1491 1492/1492
f 1493/1493 1494/1494 1495/1495 1496/1496
f 1497/1497 1498/1498 1499/1499 1500/1500
f 1501/1501 1502/1502 1503/1503 1504/1504
f 1505/1505 1506/1506 1507/1507 1508/1508
f 1509/1509 1510/1510 1511/1511 1512/1512
f 1513/1513 1514/1514 1515/1515 1516/1516
f 1517/1517 1518/1518 1519/1519 1520/1520
f 1521/1521 1522/1522 1523/1523 1524/1524
f 1525/1525 1526/1526 1527/1527 1528/1528
f 1529/1529 1530/1530 1531/1531 1532/1532
f 1533/1533 1534/1534 1535/1535 1536/1536
f 1537/1537 1538/1538 1539/1539 1540/1540
f 1541/1541 1542/1542 1543/1543 1544/1544
f 1545/1545 1546/1546 1547/1547 1548/1548
f 1549/1549 1550/1550 1551/1551 1552/1552
f 1553/1553 1554/1554 1555/1555 1556/1556
f 1557/1557 1558/1558 1559/1559 1560/1560
f 1561/1561 1562/1562 1563/1563 1564/1564
f 1565/1565 1566/1566 1567/1567 1568/1568
f 1569/1569 1570/1570 1571/1571 1572/1572
f 1573/1573 1574/1574 1575/1575 1576/1576
f 1577/1577 1578/1578 1579/1579 1580/1580
f 1581/1581 1582/1582 1583/1583 1584/1584
f 1585/1585 1586/1586 1587/1587 1588/1588
f 1589/1589 1590/1590 1591/1591 1592/1592
f 1593/1593 1594/1594 1595/1595 1596/1596
f 1597/1597 1598/1598 1599/1599 1600/1600
f 1601/1601 1602/1602 1603/1603 1604/1604
f 1605/1605 1606/1606 1607/1607 1608/1608
f 1609/1609 1610/1610 1611/1611 1612/1612
f 1613/1613 1614/1614 1615/1615 1616/1616
f 1617/1617 1618/1618 1619/1619 1620/1620
f 1621/1621 1622/1622 1623/1623 1624/1624
f 1625/1625 1626/1626 1627/1627 1628/1628
f 1629/1629 1630/1630 1631/1631 1632/1632
f 1633/1633 1634/1634 1635/1635 1636/1636
f 1637/1637 1638/1638 1639/1639 1640/1640
f 1641/1641 1642/1642 1643/1643 1644/1644
f 1645/1645 1646/1646 1647/1647 1648/1648
f 1649/1649 1650/1650 1651/1651 1652/1652
f 1653/1653 1654/1654 1655/1655 1656/1656
f 1657/1657 1658/1658 1659/1659 1660/1660
f 1661/1661 1662/1662 1663/1663 1664/1664
f 1665/1665 1666/1666 1667/1667 1668/1668
f 1669/1669 1670/1670 1671/1671 1672/1672
f 1673/1673 1674/1674 1675/1675 1676/1676
f 1677/1677 1678/1678 1679/1679 1680/1680
f 1681/1681 1682/1682 1683/1683 1684/1684
f 1685/1685 1686/1686 1687/1687 1688/1688
f 1689/1689 1690/1690 1691/1691 1692/1692
f 1693/1693 1694/1694 1695/1695 1696/1696
f 1697/1697 1698/1698 1699/1699 1700/1700
f 1701/1701 1702/1702 1703/1703 1704/1704
f 1705/1705 1706/1706 1707/1707 1708/1708
f 1709/1709 1710/1710 1711/1711 1712/1712
f 1713/1713 1714/1714 1715/1715 1716/1716
f 1717/1717 1718/1718 1719/1719 1720/1720
f 1721/1721 1722/1722 1723/1723 1724/1724
f 1725/1725 1726/1726 1727/1727 1728/1728
f 1729/1729 1730/1730 1731/1731 1732/1732
f 1733/1733 1734/1734 1735/1735 1736/1736
f 1737/1737 1738/1738 1739/1739 1740/1740
f 1741/1741 1742/1742 1743/1743 1744/1744
f 1745/1745 1746/1746 1747/1747 1748/1748
f 1749/1749 1750/1750 1751/1751 1752/1752
f 1753/1753 1754/1754 1755/1755 1756/1756
f 1757/1757 1758/1758 1759/1759 1760/1760
f 1761/1761 1762/1762 1763/1763 1764/1764
f 1765/1765 1766/1766 1767/1767 1768/1768
f 1769/1769 1770/1770 1771/1771 1772/1772
f 1773/1773 1774/1774 1775/1775 1776/1776
f 1777/1777 1778/1778 1779/1779 1780/1780
f 1781/1781 1782/1782 1783/1783 1784/1784
f 1785/1785 1786/1786 1787/1787 1788/1788
f 1789/1789 1790/1790 1791/1791 1792/1792
f 1793/1793 1794/1794 1795/1795 1796/1796
f 1797/1797 1798/1798 1799/1799 1800/1800
f 1801/1801 1802/1802 1803/1803 1804/1804
f 1805/1805 1806/1806 1807/1807 1808/1808
f 1809/1809 1810/1810 1811/1811 1812/1812
f 1813/1813 1814/1814 1815/1815 1816/1816
f 1817/1817 1818/1818 1819/1819 1820/1820
f 1821/1821 1822/1822 1823/1823 1824/1824
f 1825/1825 1826/1826 1827/1827 1828/1828
f 1829/1829 1830/1830 1831/1831 1832/1832
f 1833/1833 1834/1834 1835/1835 1836/1836
f 1837/1837 1838/1838 1839/1839 1840/1840
f 1841/1841 1842/1842 1843/1843 1844/1844
f 1845/1845 1846/1846 1847/1847 1848/1848
f 1849/1849 1850/1850 1851/1851 1852/1852
f 1853/1853 1854/1854 1855/1855 1856/1856
f 1857/1857 1858/1858 1859/1859 1860/1860
f 1861/1861 1862/1862 1863/1863 1864/1864
f 1865/1865 1866/1866 1867/1867 1868/1868
f 1869/1869 1870/1870 1871/1871 1872/1872
f 1873/1873 1874/1874 1875/1875 1876/1876
f 1877/1877 1878/1878 1879/1879 1880/1880
f 1881/1881 1882/1882 1883/1883 1884/1884
f 1885/1885 1886/1886 1887/1887 1888/1888
f 1889/1889 1890/1890 1891/1891 1892/1892
f 1893/1893 1894/1894 1895/1895 1896/1896
f 1897/1897 1898/1898 1899/1899 1900/1900
f 1901/1901 1902/1902 1903/1903 1904/1904
f 1905/1905 1906/1906 1907/1907 1908/1908
f 1909/1909 1910/1910 1911/1911 1912/1912
f 1913/1913 1914/1914 1915/1915 1916/1916
f 1917/1917 1918/1918 1919/1919 1920/1920
f 1921/1921 1922/1922 1923/1923 1924/1924
f 1925/1925 1926/1926 1927/1927 1928/1928
f 1929/1929 1930/1930 1931/1931 1932/1932
f 1933/1933 1934/1934 1935/1935 1936/1936
f 1937/1937 1938/1938 1939/1939 1940/1940
f 1941/1941 1942/1942 1943/1943 1944/1944
f 1945/1945 1946/1946 1947/1947 1948/1948
f 1949/1949 1950/1950 1951/1951 1952/1952
f 1953/1953 1954/1954 1955/1955 1956/1956
f 1957/1957 1958/1958 1959/1959 1960/1960
f 1961/1961 1962/1962 1963/1963 1964/1964
f 1965/1965 1966/1966 1967/1967 1968/1968
f 1969/1969 1970/1970 1971/1971 1972/1972
f 1973/1973 1974/1974 1975/1975 1976/1976
f 1977/1977 1978/1978 1979/1979 1980/1980
f 1981/1981 1982/1982 1983/1983 1984/1984
f 1985/1985 1986/1986 1987/1987 1988/1988
f 1989/1989 1990/1990 1991/1991 1992/1992
f 1993/1993 1994/1994 1995/1995 1996/1996
f 1997/1997 1998/1998 1999/1999 2000/2000
f 2001/2001 2002/2002 2003/2003 2004/2004
f 2005/2005 2006/2006 2007/2007 2008/2008
f 2009/2009 2010/2010 2011/2011 2012/2012
f 2013/2013 2014/2014 2015/2015 2016/2016
f 2017/2017 2018/2018 2019/2019 2020/2020
f 2021/2021 2022/2022 2023/2023 2024/2024
f 2025/2025 2026/2026 2027/2027 2028/2028
f 2029/2029 2030/2030 2031/2031 2032/2032
f 2033/2033 2034/2034 2035/2035 2036/2036
f 2037/2037 2038/2038 2039/2039 2040/2040
f 2041/2041 2042/2042 2043/2043 2044/2044
f 2045/2045 2046/2046 2047/2047 2048/2048
f 2049/2049 2050/2050 2051/2051 2052/2052
f 2053/2053 2054/2054 2055/2055 2056/2056
f 2057/2057 2058/2058 2059/2059 2060/2060
f 2061/2061 2062/2062 2063/2063 2064/2064
f 2065/2065 2066/2066 2067/2067 2068/2068
f 2069/2069 2070/2070 2071/2071 2072/2072
f 2073/2073 2074/2074 2075/2075 2076/2076
f 2077/2077 2078/2078 2079/2079 2080/2080
f 2081/2081 2082/2082 2083/2083 2084/2084
f 2085/2085 2086/2086 2087/2087 2088/2088
f 2089/2089 2090/2090 2091/2091 2092/2092
f 2093/2093 2094/2094 2095/2095 2096/2096
f 2097/2097 2098/2098 2099/2099 2100/2100
f 2101/2101 2102/2102 2103/2103 2104/2104
f 2105/2105 2106/2106 2107/2107 2108/2108
f 2109/2109 2110/2110 2111/2111 2112/2112
f 2113/2113 2114/2114 2115/2115 2116/2116
f 2117/2117 2118/2118 2119/2119 2120/2120
f 2121/2121 2122/2122 2123/2123 2124/2124
f 2125/2125 2126/2126 2127/2127 2128/2128
f 2129/2129 2130/2130 2131/2131 2132/2132
f 2133/2133 2134/2134 2135/2135 2136/2136
f 2137/2137 2138/2138 2139/2139 2140/2140
f 2141/2141 2142/2142 2143/2143 2144/2144
f 2145/2145 2146/2146 2147/2147 2148/2148
f 2149/2149 2150/2150 2151/2151 2152/2152
f 2153/2153 2154/2154 2155/2155 2156/2156
f 2157/2157 2158/2158 2159/2159 2160/2160
f 2161/2161 2162/2162 2163/2163 2164/2164
f 2165/2165 2166/2166 2167/2167 2168/2168
f 2169/2169 2170/2170 2171/2171 2172/2172
f 2173/2173 2174/2174 2175/2175 2176/2176
f 2177/2177 2178/2178 2179/2179 2180/2180
f 2181/2181 2182/2182 2183/2183 2184/2184
f 2185/2185 2186/2186 2187/2187 2188/2188
f 2189/2189 2190/2190 2191/2191 2192/2192
f 2193/2193 2194/2194 2195/2195 2196/2196
f 2197/2197 2198/2198 2199/2199 2200/2200
f 2201/2201 2202/2202 2203/2203 2204/2204
f 2205/2205 2206/2206 2207/2207 2208/2208
f 2209/2209 2210/2210 2211/2211 2212/2212
f 2213/2213 2214/2214 2215/2215 2216/2216
f 2217/2217 2218/2218 2219/2219 2220/2220
f 2221/2221 2222/2222 2223/2223 2224/2224
f 2225/2225 2226/2226 2227/2227 2228/2228
f 2229/2229 2230/2230 2231/2231 2232/2232
f 2233/2233 2234/2234 2235/2235 2236/2236
f 2237/2237 2238/2238 2239/2239 2240/2240
f 2241/2241 2242/2242 2243/2243 2244/2244
f 2245/2245 2246/2246 2247/2247 2248/2248
f 2249/2249 2250/2250 2251/2251 2252/2252
f 2253/2253 2254/2254 2255/2255 2256/2256
f 2257/2257 2258/2258 2259/2259 2260/2260
f 2261/2261 2262/2262 2263/2263 2264/2264
f 2265/2265 2266/2266 2267/2267 2268/2268
f 2269/2269 2270/2270 2271/2271 2272/2272
f 2273/2273 2274/2274 2275/2275 2276/2276
f 2277/2277 2278/2278 2279/2279 2280/2280
f 2281/2281 2282/2282 2283/2283 2284/2284
f 2285/2285 2286/2286 2287/2287 2288/2288
f 2289/2289 2290/2290 2291/2291 2292/2292
f 2293/2293 2294/2294 2295/2295 2296/2296
f 2297/2297 2298/2298 2299/2299 2300/2300
f 2301/2301 2302/2302 2303/2303 2304/2304
f 2305/2305 2306/2306 2307/2307 2308/2308
f 2309/2309 2310/2310 2311/2311 2312/2312
f 2313/2313 2314/2314 2315/2315 2316/2316
f 2317/2317 2318/2318 2319/2319 2320/2320
f 2321/2321 2322/2322 2323/2323 2324/2324
f 2325/2325 2326/2326 2327/2327 2328/2328
f 2329/2329 2330/2330 2331/2331 2332/2332
f 2333/2333 2334/2334 2335/2335 2336/2336
f 2337/2337 2338/2338 2339/2339 2340/2340
f 2341/2341 2342/2342 2343/2343 2344/2344
f 2345/2345 2346/2346 2347/2347 2348/2348
f 2349/2349 2350/2350 2351/2351 2352/2352
f 2353/2353 2354/2354 2355/2355 2356/2356
f 2357/2357 2358/2358 2359/2359 2360/2360
f 2361/2361 2362/2362 2363/2363 2364/2364
f 2365/2365 2366/2366 2367/2367 2368/2368
f 2369/2369 2370/2370 2371/2371 2372/2372
f 2373/2373 2374/2374 2375/2375 2376/2376
f 2377/2377 2378/2378 2379/2379 2380/2380
f 2381/2381 2382/2382 2383/2383 2384/2384
f 2385/2385 2386/2386 2387/2387 2388/2388
f 2389/2389 2390/2390 2391/2391 2392/2392
f 2393/2393 2394/2394 2395/2395 2396/2396
f 2397/2397 2398/2398 2399/2399 2400/2400
f 2401/2401 2402/2402 2403/2403 2404/2404
f 2405/2405 2406/2406 2407/2407 2408/2408
f 2409/2409 2410/2410 2411/2411 2412/2412
f 2413/2413 2414/2414 2415/2415 2416/2416
f 2417/2417 2418/2418 2419/2419 2420/2420
f 2421/2421 2422/2422 2423/2423 2424/2424
f 2425/2425 2426/2426 2427/2427 2428/2428
f 2429/2429 2430/2430 2431/2431 2432/2432
f 2433/2433 2434/2434 2435/2435 2436/2436
f 2437/2437 2438/2438 2439/2439 2440/2440
f 2441/2441 2442/2442 2443/2443 2444/2444
f 2445/2445 2446/2446 2447/2447 2448/2448
f 2449/2449 2450/2450 2451/2451 2452/2452
f 2453/2453 2454/2454 2455/2455 2456/2456
f 2457/2457 2458/2458 2459/2459 2460/2460
f 2461/2461 2462/2462 2463/2463 2464/2464
f 2465/2465 2466/2466 2467/2467 2468/2468
f 2469/2469 2470/2470 2471/2471 2472/2472
f 2473/2473 2474/2474 2475/2475 2476/2476
f 2477/2477 2478/2478 2479/2479 2480/2480
f 2481/2481 2482/2482 2483/2483 2484/2484
f 2485/2485 2486/2486 2487/2487 2488/2488
f 2489/2489 2490/2490 2491/2491 2492/2492
f 2493/2493 2494/2494 2495/2495 2496/2496
f 2497/2497 2498/2498 2499/2499 2500/2500
f 2501/2501 2502/2502 2503/2503 2504/2504
f 2505/2505 2506/2506 2507/2507 2508/2508
f 2509/2509 2510/2510 2511/2511 2512/2512
f 2513/2513 2514/2514 2515/2515 2516/2516
f 2517/2517 2518/2518 2519/2519 2520/2520
f 2521/2521 2522/2522 2523/2523 2524/2524
f 2525/2525 2526/2526 2527/2527 2528/2528
f 2529/2529 2530/2530 2531/2531 2532/2532
f 2533/2533 2534/2534 2535/2535 2536/2536
f 2537/2537 2538/2538 2539/2539 2540/2540
f 2541/2541 2542/2542 2543/2543 2544/2544
f 2545/2545 2546/2546 2547/2547 2548/2548
f 2549/2549 2550/2550 2551/2551 2552/2552
f 2553/2553 2554/2554 2555/2555 2556/2556
f 2557/2557 2558/2558 2559/2559 2560/2560
f 2561/2561 2562/2562 2563/2563 2564/2564
f 2565/2565 2566/2566 2567/2567 2568/2568
f 2569/2569 2570/2570 2571/2571 2572/2572
f 2573/2573 2574/2574 2575/2575 2576/2576
f 2577/2577 2578/2578 2579/2579 2580/2580
f 2581/2581 2582/2582 2583/2583 2584/2584
f 2585/2585 2586/2586 2587/2587 2588/2588
f 2589/2589 2590/2590 2591/2591 2592/2592
f 2593/2593 2594/2594 2595/2595 2596/2596
f 2597/2597 2598/2598 2599/2599 2600/2600
f 2601/2601 2602/2602 2603/2603 2604/2604
f 2605/2605 2606/2606 2607/2607 2608/2608
f 2609/2609 2610/2610 2611/2611 2612/2612
f 2613/2613 2614/2614 2615/2615 2616/2616
f 2617/2617 2618/2618 2619/2619 2620/2620
f 2621/2621 2622/2622 2623/2623 2624/2624
f 2625/2625 2626/2626 2627/2627 2628/2628
f 2629/2629 2630/2630 2631/2631 2632/2632
f 2633/2633 2634/2634 2635/2635 2636/2636
f 2637/2637 2638/2638 2639/2639 2640/2640
f 2641/2641 2642/2642 2643/2643 2644/2644
f 2645/2645 2646/2646 2647/2647 2648/2648
f 2649/2649 2650/2650 2651/2651 2652/2652
f 2653/2653 2654/2654 2655/2655 2656/2656
f 2657/2657 2658/2658 2659/2659 2660/2660
f 2661/2661 2662/2662 2663/2663 2664/2664
f 2665/2665 2666/2666 2667/2667 2668/2668
f 2669/2669 2670/2670 2671/2671 2672/2672
f 2673/2673 2674/2674 2675/2675 2676/2676
f 2677/2677 2678/2678 2679/2679 2680/2680
f 2681/2681 2682/2682 2683/2683 2684/2684
f 2685/2685 2686/2686 2687/2687 2688/2688
f 2689/2689 2690/2690 2691/2691 2692/2692
f 2693/2693 2694/2694 2695/2695 2696/2696
f 2697/2697 2698/2698 2699/2699 2700/2700
f 2701/2701 2702/2702 2703/2703 2704/2704
f 2705/2705 2706/2706 2707/2707 2708/2708
f 2709/2709 2710/2710 2711/2711 2712/2712
f 2713/2713 2714/2714 2715/2715 2716/2716
f 2717/2717 2718/2718 2719/2719 2720/2720
f 2721/2721 2722/2722 2723/2723 2724/2724
f 2725/2725 2726/2726 2727/2727 2728/2728
f 2729/2729 2730/2730 2731/2731 2732/2732
f 2733/2733 2734/2734 2735/2735 2736/2736
f 2737/2737 2738/2738 2739/2739 2740/2740
f 2741/2741 2742/2742 2743/2743 2744/2744
f 2745/2745 2746/2746 2747/2747 2748/2748
f 2749/2749 2750/2750 2751/2751 2752/2752
f 2753/2753 2754/2754 2755/2755 2756/2756
f 2757/2757 2758/2758 2759/2759 2760/2760
f 2761/2761 2762/2762 2763/2763 2764/2764
f 2765/2765 2766/2766 2767/2767 2768/2768
f 2769/2769 2770/2770 2771/2771 2772/2772
f 2773/2773 2774/2774 2775/2775 2776/2776
f 2777/2777 2778/2778 2779/2779 2780/2780
f 2781/2781 2782/2782 2783/2783 2784/2784
f 2785/2785 2786/2786 2787/2787 2788/2788
f 2789/2789 2790/2790 2791/2791 2792/2792
f 2793/2793 2794/2794 2795/2795 2796/2796
f 2797/2797 2798/2798 2799/2799 2800/2800
f 2801/2801 2802/2802 2803/2803 2804/2804
f 2805/2805 2806/2806 2807/2807 2808/2808
f 2809/2809 2810/2810 2811/2811 2812/2812
f 2813/2813 2814/2814 2815/2815 2816/2816
f 2817/2817 2818/2818 2819/2819 2820/2820
f 2821/2821 2822/2822 2823/2823 2824/2824
f 2825/2825 2826/2826 2827/2827 2828/2828
f 2829/2829 2830/2830 2831/2831 2832/2832
f 2833/2833 2834/2834 2835/2835 2836/2836
f 2837/2837 2838/2838 2839/2839 2840/2840
f 2841/2841 2842/2842 2843/2843 2844/2844
f 2845/2845 2846/2846 2847/2847 2848/2848
f 2849/2849 2850/2850 2851/2851 2852/2852
f 2853/2853 2854/2854 2855/2855 2856/2856
f 2857/2857 2858/2858 2859/2859 2860/2860
f 2861/2861 2862/2862 2863/2863 2864/2864
f 2865/2865 2866/2866 2867/2867 2868/2868
f 2869/2869 2870/2870 2871/2871 2872/2872
f 2873/2873 2874/2874 2875/2875 2876/2876
f 2877/2877 2878/2878 2879/2879 2880/2880
f 2881/2881 2882/2882 2883/2883 2884/2884
f 2885/2885 2886/2886 2887/2887 2888/2888
f 2889/2889 2890/2890 2891/2891 2892/2892
f 2893/2893 2894/2894 2895/2895 2896/2896
f 2897/2897 2898/2898 2899/2899 2900/2900
f 2901/2901 2902/2902 2903/2903 2904/2904
f 2905/2905 2906/2906 2907/2907 2908/2908
f 2909/2909 2910/2910 2911/2911 2912/2912
f 2913/2913 2914/2914 2915/2915 2916/2916
f 2917/2917 2918/2918 2919/2919 2920/2920
f 2921/2921 2922/2922 2923/2923 2924/2924
f 2925/2925 2926/2926 2927/2927 2928/2928
f 2929/2929 2930/2930 2931/2931 2932/2932
f 2933/2933 2934/2934 2935/2935 2936/2936
f 2937/2937 2938/2938 2939/2939 2940/2940
f 2941/2941 2942/2942 2943/2943 2944/2944
f 2945/2945 2946/2946 2947/2947 2948/2948
f 2949/2949 2950/2950 2951/2951 2952/2952
f 2953/2953 2954/2954 2955/2955 2956/2956
f 2957/2957 2958/2958 2959/2959 2960/2960
f 2961/2961 2962/2962 2963/2963 2964/2964
f 2965/2965 2966/2966 2967/2967 2968/2968
f 2969/2969 2970/2970 2971/2971 2972/2972
f 2973/2973 2974/2974 2975/2975 2976/2976
f 2977/2977 2978/2978 2979/2979 2980/2980
f 2981/2981 2982/2982 2983/2983 2984/2984
f 2985/2985 2986/2986 2987/2987 2988/2988
f 2989/2989 2990/2990 2991/2991 2992/2992
f 2993/2993 2994/2994 2995/2995 2996/2996
f 2997/2997 2998/2998 2999/2999 3000/3000
f 3001/3001 3002/3002 3003/3003 3004/3004
f 3005/3005 3006/3006 3007/3007 3008/3008
f 3009/3009 3010/3010 3011/3011 3012/3012
f 3013/3013 3014/3014 3015/3015 3016/3016
f 3017/3017 3018/3018 3019/3019 3020/3020
f 3021/3021 3022/3022 3023/3023 3024/3024
f 3025/3025 3026/3026 3027/3027 3028/3028
f 3029/3029 3030/3030 3031/3031 3032/3032
f 3033/3033 3034/3034 3035/3035 3036/3036
f 3037/3037 3038/3038 3039/3039 3040/3040
f 3041/3041 3042/3042 3043/3043 3044/3044
f 3045/3045 3046/3046 3047/3047 3048/3048
f 3049/3049 3050/3050 3051/3051 3052/3052
f 3053/3053 3054/3054 3055/3055 3056/3056
f 3057/3057 3058/3058 3059/3059 3060/3060
f 3061/3061 3062/3062 3063/3063 3064/3064
f 3065/3065 3066/3066 3067/3067 3068/3068
f 3069/3069 3070/3070 3071/3071 3072/3072
f 3073/3073 3074/3074 3075/3075 3076/3076
f 3077/3077 3078/3078 3079/3079 3080/3080
f 3081/3081 3082/3082 3083/3083 3084/3084
f 3085/3085 3086/3086 3087/3087 3088/3088
f 3089/3089 3090/3090 3091/3091 3092/3092
f 3093/3093 3094/3094 3095/3095 3096/3096
f 3097/3097 3098/3098 3099/3099 3100/3100
f 3101/3101 3102/3102 3103/3103 3104/3104
f 3105/3105 3106/3106 3107/3107 3108/3108
f 3109/3109 3110/3110 3111/3111 3112/3112
f 3113/3113 3114/3114 3115/3115 3116/3116
f 3117/3117 3118/3118 3119/3119 3120/3120
f 3121/3121 3122/3122 3123/3123 3124/3124
f 3125/3125 3126/3126 3127/3127 3128/3128
f 3129/3129 3130/3130 3131/3131 3132/3132
f 3133/3133 3134/3134 3135/3135 3136/3136
f 3137/3137 3138/3138 3139/3139 3140/3140
f 3141/3141 3142/3142 3143/3143 3144/3144
f 3145/3145 3146/3146 3147/3147 3148/3148
f 3149/3149 3150/3150 3151/3151 3152/3152
f 3153/3153 3154/3154 3155/3155 3156/3156
f 3157/3157 3158/3158 3159/3159 3160/3160
f 3161/3161 3162/3162 3163/3163 3164/3164
f 3165/3165 3166/3166 3167/3167 3168/3168
f 3169/3169 3170/3170 3171/3171 3172/3172
f 3173/3173 3174/3174 3175/3175 3176/3176
f 3177/3177 3178/3178 3179/3179 3180/3180
f 3181/3181 3182/3182 3183/3183 3184/3184
f 3185/3185 3186/3186 3187/3187 3188/3188
f 3189/3189 3190/3190 3191/3191 3192/3192
f 3193/3193 3194/3194 3195/3195 3196/3196
f 3197/3197 3198/3198 3199/3199 3200/3200
f 3201/3201 3202/3202 3203/3203 3204/3204
f 3205/3205 3206/3206 3207/3207 3208/3208
f 3209/3209 3210/3210 3211/3211 3212/3212
f 3213/3213 3214/3214 3215/3215 3216/3216
f 3217/3217 3218/3218 3219/3219 3220/3220
f 3221/3221 3222/3222 3223/3223 3224/3224
f 3225/3225 3226/3226 3227/3227 3228/3228
f 3229/3229 3230/3230 3231/3231 3232/3232
f 3233/3233 3234/3234 3235/3235 3236/3236
f 3237/3237 3238/3238 3239/3239 3240/3240
f 3241/3241 3242/3242 3243/3243 3244/3244
f 3245/3245 3246/3246 3247/3247 3248/3248
f 3249/3249 3250/3250 3251/3251 3252/3252
f 3253/3253 3254/3254 3255/3255 3256/3256
f 3257/3257 3258/3258 3259/3259 3260/3260
f 3261/3261 3262/3262 3263/3263 3264/3264
f 3265/3265 3266/3266 3267/3267 3268/3268
f 3269/3269 3270/3270 3271/3271 3272/3272
f 3273/3273 3274/3274 3275/3275 3276/3276
f 3277/3277 3278/3278 3279/3279 3280/3280
f 3281/3281 3282/3282 3283/3283 3284/3284
f 3285/3285 3286/3286 3287/3287 3288/3288
f 3289/3289 3290/3290 3291/3291 3292/3292
f 3293/3293 3294/3294 3295/3295 3296/3296
f 3297/3297 3298/3298 3299/3299 3300/3300
f 3301/3301 3302/3302 3303/3303 3304/3304
f 3305/3305 3306/3306 3307/3307 3308/3308
f 3309/3309 3310/3310 3311/3311 3312/3312
f 3313/3313 3314/3314 3315/3315 3316/3316
f 3317/3317 3318/3318 3319/3319 3320/3320
f 3321/3321 3322/3322 3323/3323 3324/3324
f 3325/3325 3326/3326 3327/3327 3328/3328
f 3329/3329 3330/3330 3331/3331 3332/3332
f 3333/3333 3334/3334 3335/3335 3336/3336
f 3337/3337 3338/3338 3339/3339 3340/3340
f 3341/3341 3342/3342 3343/3343 3344/3344
f 3345/3345 3346/3346 3347/3347 3348/3348
f 3349/3349 3350/3350 3351/3351 3352/3352
f 3353/3353 3354/3354 3355/3355 3356/3356
f 3357/3357 3358/3358 3359/3359 3360/3360
f 3361/3361 3362/3362 3363/3363 3364/3364
f 3365/3365 3366/3366 3367/3367 3368/3368
f 3369/3369 3370/3370 3371/3371 3372/3372
f 3373/3373 3374/3374 3375/3375 3376/3376
f 3377/3377 3378/3378 3379/3379 3380/3380
f 3381/3381 3382/3382 3383/3383 3384/3384
f 3385/3385 3386/3386 3387/3387 3388/3388
f 3389/3389 3390/3390 3391/3391 3392/3392
f 3393/3393 3394/3394 3395/3395 3396/3396
f 3397/3397 3398/3398 3399/3399 3400/3400
f 3401/3401 3402/3402 3403/3403 3404/3404
f 3405/3405 3406/3406 3407/3407 3408/3408
f 3409/3409 3410/3410 3411/3411 3412/3412
f 3413/3413 3414/3414 3415/3415 3416/3416
f 3417/3417 3418/3418 3419/3419 3420/3420
f 3421/3421 3422/3422 3423/3423 3424/3424
f 3425/3425 3426/3426 3427/3427 3428/3428
f 3429/3429 3430/3430 3431/3431 3432/3432
f 3433/3433 3434/3434 3435/3435 3436/3436
f 3437/3437 3438/3438 3439/3439 3440/3440
f 3441/3441 3442/3442 3443/3443 3444/3444
f 3445/3445 3446/3446 3447/3447 3448/3448
f 3449/3449 3450/3450 3451/3451 3452/3452
f 3453/3453 3454/3454 3455/3455 3456/3456
f 3457/3457 3458/3458 3459/3459 3460/3460
f 3461/3461 3462/3462 3463/3463 3464/3464
f 3465/3465 3466/3466 3467/3467 3468/3468
f 3469/3469 3470/3470 3471/3471 3472/3472
f 3473/3473 3474/3474 3475/3475 3476/3476
f 3477/3477 3478/3478 3479/3479 3480/3480
f 3481/3481 3482/3482 3483/3483 3484/3484
f 3485/3485 3486/3486 3487/3487 3488/3488
f 3489/3489 3490/3490 3491/3491 3492/3492
f 3493/3493 3494/3494 3495/3495 3496/3496
f 3497/3497 3498/3498 3499/3499 3500/3500
f 3501/3501 3502/3502 3503/3503 3504/3504
f 3505/3505 3506/3506 3507/3507 3508/3508
f 3509/3509 3510/3510 3511/3511 3512/3512
f 3513/3513 3514/3514 3515/3515 3516/3516
f 3517/3517 3518/3518 3519/3519 3520/3520
f 3521/3521 3522/3522 3523/3523 3524/3524
f 3525/3525 3526/3526 3527/3527 3528/3528
f 3529/3529 3530/3530 3531/3531 3532/3532
f 3533/3533 3534/3534 3535/3535 3536/3536
f 3537/3537 3538/3538 3539/3539 3540/3540
f 3541/3541 3542/3542 3543/3543 3544/3544
f 3545/3545 3546/3546 3547/3547 3548/3548
f 3549/3549 3550/3550 3551/3551 3552/3552
f 3553/3553 3554/3554 3555/3555 3556/3556
f 3557/3557 3558/3558 3559/3559 3560/3560
f 3561/3561 3562/3562 3563/3563 3564/3564
f 3565/3565 3566/3566 3567/3567 3568/3568
f 3569/3569 3570/3570 3571/3571 3572/3572
f 3573/3573 3574/3574 3575/3575 3576/3576
f 3577/3577 3578/3578 3579/3579 3580/3580
f 3581/3581 3582/3582 3583/3583 3584/3584
f 3585/3585 3586/3586 3587/3587 3588/3588
f 3589/3589 3590/3590 3591/3591 3592/3592
f 3593/3593 3594/3594 3595/3595 3596/3596
f 3597/3597 3598/3598 3599/3599 3600/3600
f 3601/3601 3602/3602 3603/3603 3604/3604
f 3605/3605 3606/3606 3607/3607 3608/3608
f 3609/3609 3610/3610 3611/3611 3612/3612
f 3613/3613 3614/3614 3615/3615 3616/3616
f 3617/3617 3618/3618 3619/3619 3620/3620
f 3621/3621 3622/3622 3623/3623 3624/3624
f 3625/3625 3626/3626 3627/3627 3628/3628
f 3629/3629 3630/3630 3631/3631 3632/3632
f 3633/3633 3634/3634 3635/3635 3636/3636
f 3637/3637 3638/3638 3639/3639 3640/3640
f 3641/3641 3642/3642 3643/3643 3644/3644
f 3645/3645 3646/3646 3647/3647 3648/3648
f 3649/3649 3650/3650 3651/3651 3652/3652
f 3653/3653 3654/3654 3655/3655 3656/3656
f 3657/3657 3658/3658 3659/3659 3660/3660
f 3661/3661 3662/3662 3663/3663 3664/3664
f 3665/3665 3666/3666 3667/3667 3668/3668
f 3669/3669 3670/3670 3671/3671 3672/3672
f 3673/3673 3674/3674 3675/3675 3676/3676
f 3677/3677 3678/3678 3679/3679 3680/3680
f 3681/3681 3682/3682 3683/3683 3684/3684
f 3685/3685 3686/3686 3687/3687 3688/3688
f 3689/3689 3690/3690 3691/3691 3692/3692
f 3693/3693 3694/3694 3695/3695 3696/3696
f 3697/3697 3698/3698 3699/3699 3700/3700
f 3701/3701 3702/3702 3703/3703 3704/3704
f 3705/3705 3706/3706 3707/3707 3708/3708
f 3709/3709 3710/3710 3711/3711 3712/3712
f 3713/3713 3714/3714 3715/3715 3716/3716
f 3717/3717 3718/3718 3719/3719 3720/3720
f 3721/3721 3722/3722 3723/3723 3724/3724
f 3725/3725 3726/3726 3727/3727 3728/3728
f 3729/3729 3730/3730 3731/3731 3732/3732
f 3733/3733 3734/3734 3735/3735 3736/3736
f 3737/3737 3738/3738 3739/3739 3740/3740
f 3741/3741 3742/3742 3743/3743 3744/3744
f 3745/3745 3746/3746 3747/3747 3748/3748
f 3749/3749 3750/3750 3751/3751 3752/3752
f 3753/3753 3754/3754 3755/3755 3756/3756
f 3757/3757 3758/3758 3759/3759 3760/3760
f 3761/3761 3762/3762 3763/3763 3764/3764
f 3765/3765 3766/3766 3767/3767 3768/3768
f 3769/3769 3770/3770 3771/3771 3772/3772
f 3773/3773 3774/3774 3775/3775 3776/3776
f 3777/3777 3778/3778 3779/3779 3780/3780
f 3781/3781 3782/3782 3783/3783 3784/3784
f 3785/3785 3786/3786 3787/3787 3788/3788
f 3789/3789 3790/3790 3791/3791 3792/3792
f 3793/3793 3794/3794 3795/3795 3796/3796
f 3797/3797 3798/3798 3799/3799 3800/3800
f 3801/3801 3802/3802 3803/3803 3804/3804
f 3805/3805 3806/3806 3807/3807 3808/3808
f 3809/3809 3810/3810 3811/3811 3812/3812
f 3813/3813 3814/3814 3815/3815 3816/3816
f 3817/3817 3818/3818 3819/3819 3820/3820
f 3821/3821 3822/3822 3823/3823 3824/3824
f 3825/3825 3826/3826 3827/3827 3828/3828
f 3829/3829 3830/3830 3831/3831 3832/3832
f 3833/3833 3834/3834 3835/3835 3836/3836
f 3837/3837 3838/3838 3839/3839 3840/3840
f 3841/3841 3842/3842 3843/3843 3844/3844
f 3845/3845 3846/3846 3847/3847 3848/3848
f 3849/3849 3850/3850 3851/3851 3852/3852
f 3853/3853 3854/3854 3855/3855 3856/3856
f 3857/3857 3858/3858 3859/3859 3860/3860
f 3861/3861 3862/3862 3863/3863 3864/3864
f 3865/3865 3866/3866 3867/3867 3868/3868
f 3869/3869 3870/3870 3871/3871 3872/3872
f 3873/3873 3874/3874 3875/3875 3876/3876
f 3877/3877 3878/3878 3879/3879 3880/3880
f 3881/3881 3882/3882 3883/3883 3884/3884
f 3885/3885 3886/3886 3887/3887 3888/3888
f 3889/3889 3890/3890 3891/3891 3892/3892
f 3893/3893 3894/3894 3895/3895 3896/3896
f 3897/3897 3898/3898 3899/3899 3900/3900
f 3901/3901 3902/3902 3903/3903 3904/3904
f 3905/3905 3906/3906 3907/3907 3908/3908
f 3909/3909 3910/3910 3911/3911 3912/3912
f 3913/3913 3914/3914 3915/3915 3916/3916
f 3917/3917 3918/3918 3919/3919 3920/3920
f 3921/3921 3922/3922 3923/3923 3924/3924
f 3925/3925 3926/3926 3927/3927 3928/3928
f 3929/3929 3930/3930 3931/3931 3932/3932
f 3933/3933 3934/3934 3935/3935 3936/3936
f 3937/3937 3938/3938 3939/3939 3940/3940
f 3941/3941 3942/3942 3943/3943 3944/3944
f 3945/3945 3946/3946 3947/3947 3948/3948
f 3949/3949 3950/3950 3951/3951 3952/3952
f 3953/3953 3954/3954 3955/3955 3956/3956
f 3957/3957 3958/3958 3959/3959 3960/3960
f 3961/3961 3962/3962 3963/3963 3964/3964
f 3965/3965 3966/3966 3967/3967 3968/3968
f 3969/3969 3970/3970 3971/3971 3972/3972
f 3973/3973 3974/3974 3975/3975 3976/3976
f 3977/3977 3978/3978 3979/3979 3980/3980
f 3981/3981 3982/3982 3983/3983 3984/3984
f 3985/3985 3986/3986 3987/3987 3988/3988
f 3989/3989 3990/3990 3991/3991 3992/3992
f 3993/3993 3994/3994 3995/3995 3996/3996
f 3997/3997 3998/3998 3999/3999 4000/4000
f 4001/4001 4002/4002 4003/4003 4004/4004
f 4005/4005 4006/4006 4007/4007 4008/4008
f 4009/4009 4010/4010 4011/4011 4012/4012
f 4013/4013 4014/4014 4015/4015 4016/4016
f 4017/4017 4018/4018 4019/4019 4020/4020
f 4021/4021 4022/4022 4023/4023 4024/4024
f 4025/4025 4026/4026 4027/4027 4028/4028
f 4029/4029 4030/4030 4031/4031 4032/4032
f 4033/4033 4034/4034 4035/4035 4036/4036
f 4037/4037 4038/4038 4039/4039 4040/4040
f 4041/4041 4042/4042 4043/4043 4044/4044
f 4045/4045 4046/4046 4047/4047 4048/4048
f 4049/4049 4050/4050 4051/4051 4052/4052
f 4053/4053 4054/4054 4055/4055 4056/4056
f 4057/4057 4058/4058 4059/4059 4060/4060
f 4061/4061 4062/4062 4063/4063 4064/4064
f 4065/4065 4066/4066 4067/4067 4068/4068
f 4069/4069 4070/4070 4071/4071 4072/4072
f 4073/4073 4074/4074 4075/4075 4076/4076
f 4077/4077 4078/4078 4079/4079 4080/4080
f 4081/4081 4082/4082 4083/4083 4084/4084
f 4085/4085 4086/4086 4087/4087 4088/4088
f 4089/4089 4090/4090 4091/4091 4092/4092
f 4093/4093 4094/4094 4095/4095 4096/4096
f 4097/4097 4098/4098 4099/4099 4100/4100
f 4101/4101 4102/4102 4103/4103 4104/4104
f 4105/4105 4106/4106 4107/4107 4108/4108
f 4109/4109 4110/4110 4111/4111 4112/4112
f 4113/4113 4114/4114 4115/4115 4116/4116
f 4117/4117 4118/4118 4119/4119 4120/4120
f 4121/4121 4122/4122 4123/4123 4124/4124
f 4125/4125 4126/4126 4127/4127 4128/4128
f 4129/4129 4130/4130 4131/4131 4132/4132
f 4133/4133 4134/4134 4135/4135 4136/4136
f 4137/4137 4138/4138 4139/4139 4140/4140
f 4141/4141 4142/4142 4143/4143 4144/4144
f 4145/4145 4146/4146 4147/4147 4148/4148
f 4149/4149 4150/4150 4151/4151 4152/4152
f 4153/4153 4154/4154 4155/4155 4156/4156
f 4157/4157 4158/4158 4159/4159 4160/4160
f 4161/4161 4162/4162 4163/4163 4164/4164
f 4165/4165 4166/4166 4167/4167 4168/4168
f 4169/4169 4170/4170 4171/4171 4172/4172
f 4173/4173 4174/4174 4175/4175 4176/4176
f 4177/4177 4178/4178 4179/4179 4180/4180
f 4181/4181 4182/4182 4183/4183 4184/4184
f 4185/4185 4186/4186 4187/4187 4188/4188
f 4189/4189 4190/4190 4191/4191 4192/4192
f 4193/4193 4194/4194 4195/4195 4196/4196
f 4197/4197 4198/4198 4199/4199 4200/4200
f 4201/4201 4202/4202 4203/4203 4204/4204
f 4205/4205 4206/4206 4207/4207 4208/4208
f 4209/4209 4210/4210 4211/4211 4212/4212
f 4213/4213 4214/4214 4215/4215 4216/4216
f 4217/4217 4218/4218 4219/4219 4220/4220
f 4221/4221 4222/4222 4223/4223 4224/4224
f 4225/4225 4226/4226 4227/4227 4228/4228
f 4229/4229 4230/4230 4231/4231 4232/4232
f 4233/4233 4234/4234 4235/4235 4236/4236
f 4237/4237 4238/4238 4239/4239 4240/4240
f 4241/4241 4242/4242 4243/4243 4244/4244
f 4245/4245 4246/4246 4247/4247 4248/4248
f 4249/4249 4250/4250 4251/4251 4252/4252
f 4253/4253 4254/4254 4255/4255 4256/4256
f 4257/4257 4258/4258 4259/4259 4260/4260
f 4261/4261 4262/4262 4263/4263 4264/4264
f 4265/4265 4266/4266 4267/4267 4268/4268
f 4269/4269 4270/4270 4271/4271 4272/4272
f 4273/4273 4274/4274 4275/4275 4276/4276
f 4277/4277 4278/4278 4279/4279 4280/4280
f 4281/4281 4282/4282 4283/4283 4284/4284
f 4285/4285 4286/4286 4287/4287 4288/4288
f 4289/4289 4290/4290 4291/4291 4292/4292
f 4293/4293 4294/4294 4295/4295 4296/4296
f 4297/4297 4298/4298 4299/4299 4300/4300
f 4301/4301 4302/4302 4303/4303 4304/4304
f 4305/4305 4306/4306 4307/4307 4308/4308
f 4309/4309 4310/4310 4311/4311 4312/4312
f 4313/4313 4314/4314 4315/4315 4316/4316
f 4317/4317 4318/4318 4319/4319 4320/4320
f 4321/4321 4322/4322 4323/4323 4324/4324
f 4325/4325 4326/4326 4327/4327 4328/4328
f 4329/4329 4330/4330 4331/4331 4332/4332
f 4333/4333 4334/4334 4335/4335 4336/4336
f 4337/4337 4338/4338 4339/4339 4340/4340
f 4341/4341 4342/4342 4343/4343 4344/4344
f 4345/4345 4346/4346 4347/4347 4348/4348
f 4349/4349 4350/4350 4351/4351 4352/4352
f 4353/4353 4354/4354 4355/4355 4356/4356
f 4357/4357 4358/4358 4359/4359 4360/4360
f 4361/4361 4362/4362 4363/4363 4364/4364
f 4365/4365 4366/4366 4367/4367 4368/4368
f 4369/4369 4370/4370 4371/4371 4372/4372
f 4373/4373 4374/4374 4375/4375 4376/4376
f 4377/4377 4378/4378 4379/4379 4380/4380
f 4381/4381 4382/4382 4383/4383 4384/4384
f 4385/4385 4386/4386 4387/4387 4388/4388
f 4389/4389 4390/4390 4391/4391 4392/4392
f 4393/4393 4394/4394 4395/4395 4396/4396
f 4397/4397 4398/4398 4399/4399 4400/4400
f 4401/4401 4402/4402 4403/4403 4404/4404
f 4405/4405 4406/4406 4407/4407 4408/4408
f 4409/4409 4410/4410 4411/4411 4412/4412
f 4413/4413 4414/4414 4415/4415 4416/4416
f 4417/4417 4418/4418 4419/4419 4420/4420
f 4421/4421 4422/4422 4423/4423 4424/4424
f 4425/4425 4426/4426 4427/4427 4428/4428
f 4429/4429 4430/4430 4431/4431 4432/4432
f 4433/4433 4434/4434 4435/4435 4436/4436
f 4437/4437 4438/4438 4439/4439 4440/4440
f 4441/4441 4442/4442 4443/4443 4444/4444
f 4445/4445 4446/4446 4447/4447 4448/4448
f 4449/4449 4450/4450 4451/4451 4452/4452
f 4453/4453 4454/4454 4455/4455 4456/4456
f 4457/4457 4458/4458 4459/4459 4460/4460
f 4461/4461 4462/4462 4463/4463 4464/4464
f 4465/4465 4466/4466 4467/4467 4468/4468
f 4469/4469 4470/4470 4471/4471 4472/4472
f 4473/4473 4474/4474 4475/4475 4476/4476
f 4477/4477 4478/4478 4479/4479 4480/4480
f 4481/4481 4482/4482 4483/4483 4484/4484
f 4485/4485 4486/4486 4487/4487 4488/4488
f 4489/4489 4490/4490 4491/4491 4492/4492
f 4493/4493 4494/4494 4495/4495 4496/4496
f 4497/4497 4498/4498 4499/4499 4500/4500
f 4501/4501 4502/4502 4503/4503 4504/4504
f 4505/4505 4506/4506 4507/4507 4508/4508
f 4509/4509 4510/4510 4511/4511 4512/4512
f 4513/4513 4514/4514 4515/4515 4516/4516
f 4517/4517 4518/4518 4519/4519 4520/4520
f 4521/4521 4522/4522 4523/4523 4524/4524
f 4525/4525 4526/4526 4527/4527 4528/4528
f 4529/4529 4530/4530 4531/4531 4532/4532
f 4533/4533 4534/4534 4535/4535 4536/4536
f 4537/4537 4538/4538 4539/4539 4540/4540
f 4541/4541 4542/4542 4543/4543 4544/4544
f 4545/4545 4546/4546 4547/4547 4548/4548
f 4549/4549 4550/4550 4551/4551 4552/4552
f 4553/4553 4554/4554 4555/4555 4556/4556
f 4557/4557 4558/4558 4559/4559 4560/4560
f 4561/4561 4562/4562 4563/4563 4564/4564
f 4565/4565 4566/4566 4567/4567 4568/4568
f 4569/4569 4570/4570 4571/4571 4572/4572
f 4573/4573 4574/4574 4575/4575 4576/4576
f 4577/4577 4578/4578 4579/4579 4580/4580
f 4581/4581 4582/4582 4583/4583 4584/4584
f 4585/4585 4586/4586 4587/4587 4588/4588
f 4589/4589 4590/4590 4591/4591 4592/4592
f 4593/4593 4594/4594 4595/4595 4596/4596
f 4597/4597 4598/4598 4599/4599 4600/4600
f 4601/4601 4602/4602 4603/4603 4604/4604
f 4605/4605 4606/4606 4607/4607 4608/4608
f 4609/4609 4610/4610 4611/4611 4612/4612
f 4613/4613 4614/4614 4615/4615 4616/4616
f 4617/4617 4618/4618 4619/4619 4620/4620
f 4621/4621 4622/4622 4623/4623 4624/4624
f 4625/4625 4626/4626 4627/4627 4628/4628
f 4629/4629 4630/4630 4631/4631 4632/4632
f 4633/4633 4634/4634 4635/4635 4636/4636
f 4637/4637 4638/4638 4639/4639 4640/4640
f 4641/4641 4642/4642 4643/4643 4644/4644
f 4645/4645 4646/4646 4647/4647 4648/4648
f 4649/4649 4650/4650 4651/4651 4652/4652
f 4653/4653 4654/4654 4655/4655 4656/4656
f 4657/4657 4658/4658 4659/4659 4660/4660
f 4661/4661 4662/4662 4663/4663 4664/4664
f 4665/4665 4666/4666 4667/4667 4668/4668
f 4669/4669 4670/4670 4671/4671 4672/4672
f 4673/4673 4674/4674 4675/4675 4676/4676
f 4677/4677 4678/4678 4679/4679 4680/4680
f 4681/4681 4682/4682 4683/4683 4684/4684
f 4685/4685 4686/4686 4687/4687 4688/4688
f 4689/4689 4690/4690 4691/4691 4692/4692
f 4693/4693 4694/4694 4695/4695 4696/4696
f 4697/4697 4698/4698 4699/4699 4700/4700
f 4701/4701 4702/4702 4703/4703 4704/4704
f 4705/4705 4706/4706 4707/4707 4708/4708
f 4709/4709 4710/4710 4711/4711 4712/4712
f 4713/4713 4714/4714 4715/4715 4716/4716
f 4717/4717 4718/4718 4719/4719 4720/4720
f 4721/4721 4722/4722 4723/4723 4724/4724
f 4725/4725 4726/4726 4727/4727 4728/4728
f 4729/4729 4730/4730 4731/4731 4732/4732
f 4733/4733 4734/4734 4735/4735 4736/4736
f 4737/4737 4738/4738 4739/4739 4740/4740
f 4741/4741 4742/4742 4743/4743 4744/4744
f 4745/4745 4746/4746 4747/4747 4748/4748
f 4749/4749 4750/4750 4751/4751 4752/4752
f 4753/4753 4754/4754 4755/4755 4756/4756
f 4757/4757 4758/4758 4759/4759 4760/4760
f 4761/4761 4762/4762 4763/4763 4764/4764
f 4765/4765 4766/4766 4767/4767 4768/4768
f 4769/4769 4770/4770 4771/4771 4772/4772
f 4773/4773 4774/4774 4775/4775 4776/4776
f 4777/4777 4778/4778 4779/4779 4780/4780
f 4781/4781 4782/4782 4783/4783 4784/4784
f 4785/4785 4786/4786 4787/4787 4788/4788
f 4789/4789 4790/4790 4791/4791 4792/4792
f 4793/4793 4794/4794 4795/4795 4796/4796
f 4797/4797 4798/4798 4799/4799 4800/4800
f 4801/4801 4802/4802 4803/4803 4804/4804
f 4805/4805 4806/4806 4807/4807 4808/4808
f 4809/4809 4810/4810 4811/4811 4812/4812
f 4813/4813 4814/4814 4815/4815 4816/4816
f 4817/4817 4818/4818 4819/4819 4820/4820
f 4821/4821 4822/4822 4823/4823 4824/4824
f 4825/4825 4826/4826 4827/4827 4828/4828
f 4829/4829 4830/4830 4831/4831 4832/4832
f 4833/4833 4834/4834 4835/4835 4836/4836
f 4837/4837 4838/4838 4839/4839 4840/4840
f 4841/4841 4842/4842 4843/4843 4844/4844
f 4845/4845 4846/4846 4847/4847 4848/4848
f 4849/4849 4850/4850 4851/4851 4852/4852
f 4853/4853 4854/4854 4855/4855 4856/4856
f 4857/4857 4858/4858 4859/4859 4860/4860
f 4861/4861 4862/4862 4863/4863 4864/4864
f 4865/4865 4866/4866 4867/4867 4868/4868
f 4869/4869 4870/4870 4871/4871 4872/4872
f 4873/4873 4874/4874 4875/4875 4876/4876
f 4877/4877 4878/4878 4879/4879 4880/4880
f 4881/4881 4882/4882 4883/4883 4884/4884
f 4885/4885 4886/4886 4887/4887 4888/4888
f 4889/4889 4890/4890 4891/4891 4892/4892
f 4893/4893 4894/4894 4895/4895 4896/4896
f 4897/4897 4898/4898 4899/4899 4900/4900
f 4901/4901 4902/4902 4903/4903 4904/4904
f 4905/4905 4906/4906 4907/4907 4908/4908
f 4909/4909 4910/4910 4911/4911 4912/4912
f 4913/4913 4914/4914 4915/4915 4916/4916
f 4917/4917 4918/4918 4919/4919 4920/4920
f 4921/4921 4922/4922 4923/4923 4924/4924
f 4925/4925 4926/4926 4927/4927 4928/4928
f 4929/4929 4930/4930 4931/4931 4932/4932
f 4933/4933 4934/4934 4935/4935 4936/4936
f 4937/4937 4938/4938 4939/4939 4940/4940
f 4941/4941 4942/4942 4943/4943 4944/4944
f 4945/4945 4946/4946 4947/4947 4948/4948
f 4949/4949 4950/4950 4951/4951 4952/4952
f 4953/4953 4954/4954 4955/4955 4956/4956
f 4957/4957 4958/4958 4959/4959 4960/4960
f 4961/4961 4962/4962 4963/4963 4964/4964
f 4965/4965 4966/4966 4967/4967 4968/4968
f 4969/4969 4970/4970 4971/4971 4972/4972
f 4973/4973 4974/4974 4975/4975 4976/4976
f 4977/4977 4978/4978 4979/4979 4980/4980
f 4981/4981 4982/4982 4983/4983 4984/4984
f 4985/4985 4986/4986 4987/4987 4988/4988
f 4989/4989 4990/4990 4991/4991 4992/4992
f 4993/4993 4994/4994 4995/4995 4996/4996
f 4997/4997 4998/4998 4999/4999 5000/5000
f 5001/5001 5002/5002 5003/5003 5004/5004
f 5005/5005 5006/5006 5007/5007 5008/5008
f 5009/5009 5010/5010 5011/5011 5012/5012
f 5013/5013 5014/5014 5015/5015 5016/5016
f 5017/5017 5018/5018 5019/5019 5020/5020
f 5021/5021 5022/5022 5023/5023 5024/5024
f 5025/5025 5026/5026 5027/5027 5028/5028
f 5029/5029 5030/5030 5031/5031 5032/5032
f 5033/5033 5034/5034 5035/5035 5036/5036
f 5037/5037 5038/5038 5039/5039 5040/5040
f 5041/5041 5042/5042 5043/5043 5044/5044
f 5045/5045 5046/5046 5047/5047 5048/5048
f 5049/5049 5050/5050 5051/5051 5052/5052
f 5053/5053 5054/5054 5055/5055 5056/5056
f 5057/5057 5058/5058 5059/5059 5060/5060
f 5061/5061 5062/5062 5063/5063 5064/5064
f 5065/5065 5066/5066 5067/5067 5068/5068
f 5069/5069 5070/5070 5071/5071 5072/5072
f 5073/5073 5074/5074 5075/5075 5076/5076
f 5077/5077 5078/5078 5079/5079 5080/5080
f 5081/5081 5082/5082 5083/5083 5084/5084
f 5085/5085 5086/5086 5087/5087 5088/5088
f 5089/5089 5090/5090 5091/5091 5092/5092
f 5093/5093 5094/5094 5095/5095 5096/5096
f 5097/5097 5098/5098 5099/5099 5100/5100
f 5101/5101 5102/5102 5103/5103 5104/5104
f 5105/5105 5106/5106 5107/5107 5108/5108
f 5109/5109 5110/5110 5111/5111 5112/5112
f 5113/5113 5114/5114 5115/5115 5116/5116
f 5117/5117 5118/5118 5119/5119 5120/5120
f 5121/5121 5122/5122 5123/5123 5124/5124
f 5125/5125 5126/5126 5127/5127 5128/5128
f 5129/5129 5130/5130 5131/5131 5132/5132
f 5133/5133 5134/5134 5135/5135 5136/5136
f 5137/5137 5138/5138 5139/5139 5140/5140
f 5141/5141 5142/5142 5143/5143 5144/5144
f 5145/5145 5146/5146 5147/5147 5148/5148
f 5149/5149 5150/5150 5151/5151 5152/5152
f 5153/5153 5154/5154 5155/5155 5156/5156
f 5157/5157 5158/5158 5159/5159 5160/5160
f 5161/5161 5162/5162 5163/5163 5164/5164
f 5165/5165 5166/5166 5167/5167 5168/5168
f 5169/5169 5170/5170 5171/5171 5172/5172
f 5173/5173 5174/5174 5175/5175 5176/5176
f 5177/5177 5178/5178 5179/5179 5180/5180
f 5181/5181 5182/5182 5183/5183 5184/5184
f 5185/5185 5186/5186 5187/5187 5188/5188
f 5189/5189 5190/5190 5191/5191 5192/5192
f 5193/5193 5194/5194 5195/5195 5196/5196
f 5197/5197 5198/5198 5199/5199 5200/5200
f 5201/5201 5202/5202 5203/5203 5204/5204
f 5205/5205 5206/5206 5207/5207 5208/5208
f 5209/5209 5210/5210 5211/5211 5212/5212
f 5213/5213 5214/5214 5215/5215 5216/5216
f 5217/5217 5218/5218 5219/5219 5220/5220
f 5221/5221 5222/5222 5223/5223 5224/5224
f 5225/5225 5226/5226 5227/5227 5228/5228
f 5229/5229 5230/5230 5231/5231 5232/5232
f 5233/5233 5234/5234 5235/5235 5236/5236
f 5237/5237 5238/5238 5239/5239 5240/5240
f 5241/5241 5242/5242 5243/5243 5244/5244
f 5245/5245 5246/5246 5247/5247 5248/5248
f 5249/5249 5250/5250 5251/5251 5252/5252
f 5253/5253 5254/5254 5255/5255 5256/5256
f 5257/5257 5258/5258 5259/5259 5260/5260
f 5261/5261 5262/5262 5263/5263 5264/5264
f 5265/5265 5266/5266 5267/5267 5268/5268
f 5269/5269 5270/5270 5271/5271 5272/5272
f 5273/5273 5274/5274 5275/5275 5276/5276
f 5277/5277 5278/5278 5279/5279 5280/5280
f 5281/5281 5282/5282 5283/5283 5284/5284
f 5285/5285 5286/5286 5287/5287 5288/5288
f 5289/5289 5290/5290 5291/5291 5292/5292
f 5293/5293 5294/5294 5295/5295 5296/5296
f 5297/5297 5298/5298 5299/5299 5300/5300
f 5301/5301 5302/5302 5303/5303 5304/5304
f 5305/5305 5306/5306 5307/5307 5308/5308
f 5309/5309 5310/5310 5311/5311 5312/5312
f 5313/5313 5314/5314 5315/5315 5316/5316
f 5317/5317 5318/5318 5319/5319 5320/5320
f 5321/5321 5322/5322 5323/5323 5324/5324
f 5325/5325 5326/5326 5327/5327 5328/5328
f 5329/5329 5330/5330 5331/5331 5332/5332
f 5333/5333 5334/5334 5335/5335 5336/5336
f 5337/5337 5338/5338 5339/5339 5340/5340
f 5341/5341 5342/5342 5343/5343 5344/5344
f 5345/5345 5346/5346 5347/5347 5348/5348
f 5349/5349 5350/5350 5351/5351 5352/5352
f 5353/5353 5354/5354 5355/5355 5356/5356
f 5357/5357 5358/5358 5359/5359 5360/5360
f 5361/5361 5362/5362 5363/5363 5364/5364
f 5365/5365 5366/5366 5367/5367 5368/5368
f 5369/5369 5370/5370 5371/5371 5372/5372
f 5373/5373 5374/5374 5375/5375 5376/5376
f 5377/5377 5378/5378 5379/5379 5380/5380
f 5381/5381 5382/5382 5383/5383 5384/5384
f 5385/5385 5386/5386 5387/5387 5388/5388
f 5389/5389 5390/5390 5391/5391 5392/5392
f 5393/5393 5394/5394 5395/5395 5396/5396
f 5397/5397 5398/5398 5399/5399 5400/5400
f 5401/5401 5402/5402 5403/5403 5404/5404
f 5405/5405 5406/5406 5407/5407 5408/5408
f 5409/5409 5410/5410 5411/5411 5412/5412
f 5413/5413 5414/5414 5415/5415 5416/5416
f 5417/5417 5418/5418 5419/5419 5420/5420
f 5421/5421 5422/5422 5423/5423 5424/5424
f 5425/5425 5426/5426 5427/5427 5428/5428
f 5429/5429 5430/5430 5431/5431 5432/5432
f 5433/5433 5434/5434 5435/5435 5436/5436
f 5437/5437 5438/5438 5439/5439 5440/5440
f 5441/5441 5442/5442 5443/5443 5444/5444
f 5445/5445 5446/5446 5447/5447 5448/5448
f 5449/5449 5450/5450 5451/5451 5452/5452
f 5453/5453 5454/5454 5455/5455 5456/5456
f 5457/5457 5458/5458 5459/5459 5460/5460
f 5461/5461 5462/5462 5463/5463 5464/5464
f 5465/5465 5466/5466 5467/5467 5468/5468
f 5469/5469 5470/5470 5471/5471 5472/5472
f 5473/5473 5474/5474 5475/5475 5476/5476
f 5477/5477 5478/5478 5479/5479 5480/5480
f 5481/5481 5482/5482 5483/5483 5484/5484
f 5485/5485 5486/5486 5487/5487 5488/5488
f 5489/5489 5490/5490 5491/5491 5492/5492
f 5493/5493 5494/5494 5495/5495 5496/5496
f 5497/5497 5498/5498 5499/5499 5500/5500
f 5501/5501 5502/5502 5503/5503 5504/5504
f 5505/5505 5506/5506 5507/5507 5508/5508
f 5509/5509 5510/5510 5511/5511 5512/5512
f 5513/5513 5514/5514 5515/5515 5516/5516
f 5517/5517 5518/5518 5519/5519 5520/5520
f 5521/5521 5522/5522 5523/5523 5524/5524
f 5525/5525 5526/5526 5527/5527 5528/5528
f 5529/5529 5530/5530 5531/5531 5532/5532
f 5533/5533 5534/5534 5535/5535 5536/5536
f 5537/5537 5538/5538 5539/5539 5540/5540
f 5541/5541 5542/5542 5543/5543 5544/5544
f 5545/5545 5546/5546 5547/5547 5548/5548
f 5549/5549 5550/5550 5551/5551 5552/5552
f 5553/5553 5554/5554 5555/5555 5556/5556
f 5557/5557 5558/5558 5559/5559 5560/5560
f 5561/5561 5562/5562 5563/5563 5564/5564
f 5565/5565 5566/5566 5567/5567 5568/5568
f 5569/5569 5570/5570 5571/5571 5572/5572
f 5573/5573 5574/5574 5575/5575 5576/5576
f 5577/5577 5578/5578 5579/5579 5580/5580
f 5581/5581 5582/5582 5583/5583 5584/5584
f 5585/5585 5586/5586 5587/5587 5588/5588
f 5589/5589 5590/5590 5591/5591 5592/5592
f 5593/5593 5594/5594 5595/5595 5596/5596
f 5597/5597 5598/5598 5599/5599 5600/5600
f 5601/5601 5602/5602 5603/5603 5604/5604
f 5605/5605 5606/5606 5607/5607 5608/5608
f 5609/5609 5610/5610 5611/5611 5612/5612
f 5613/5613 5614/5614 5615/5615 5616/5616
f 5617/5617 5618/5618 5619/5619 5620/5620
f 5621/5621 5622/5622 5623/5623 5624/5624
f 5625/5625 5626/5626 5627/5627 5628/5628
f 5629/5629 5630/5630 5631/5631 5632/5632
f 5633/5633 5634/5634 5635/5635 5636/5636
f 5637/5637 5638/5638 5639/5639 5640/5640
f 5641/5641 5642/5642 5643/5643 5644/5644
f 5645/5645 5646/5646 5647/5647 5648/5648
f 5649/5649 5650/5650 5651/5651 5652/5652
f 5653/5653 5654/5654 5655/5655 5656/5656
f 5657/5657 5658/5658 5659/5659 5660/5660
f 5661/5661 5662/5662 5663/5663 5664/5664
f 5665/5665 5666/5666 5667/5667 5668/5668
f 5669/5669 5670/5670 5671/5671 5672/5672
f 5673/5673 5674/5674 5675/5675 5676/5676
f 5677/5677 5678/5678 5679/5679 5680/5680
f 5681/5681 5682/5682 5683/5683 5684/5684
f 5685/5685 5686/5686 5687/5687 5688/5688
f 5689/5689 5690/5690 5691/5691 5692/5692
f 5693/5693 5694/5694 5695/5695 5696/5696
f 5697/5697 5698/5698 5699/5699 5700/5700
f 5701/5701 5702/5702 5703/5703 5704/5704
f 5705/5705 5706/5706 5707/5707 5708/5708
f 5709/5709 5710/5710 5711/5711 5712/5712
f 5713/5713 5714/5714 5715/5715 5716/5716
f 5717/5717 5718/5718 5719/5719 5720/5720
f 5721/5721 5722/5722 5723/5723 5724/5724
f 5725/5725 5726/5726 5727/5727 5728/5728
f 5729/5729 5730/5730 5731/5731 5732/5732
f 5733/5733 5734/5734 5735/5735 5736/5736
f 5737/5737 5738/5738 5739/5739 5740/5740
f 5741/5741 5742/5742 5743/5743 5744/5744
f 5745/5745 5746/5746 5747/5747 5748/5748
f 5749/5749 5750/5750 5751/5751 5752/5752
f 5753/5753 5754/5754 5755/5755 5756/5756
f 5757/5757 5758/5758 5759/5759 5760/5760
f 5761/5761 5762/5762 5763/5763 5764/5764
f 5765/5765 5766/5766 5767/5767 5768/5768
f 5769/5769 5770/5770 5771/5771 5772/5772
f 5773/5773 5774/5774 5775/5775 5776/5776
f 5777/5777 5778/5778 5779/5779 5780/5780
f 5781/5781 5782/5782 5783/5783 5784/5784
f 5785/5785 5786/5786 5787/5787 5788/5788
f 5789/5789 5790/5790 5791/5791 5792/5792
f 5793/5793 5794/5794 5795/5795 5796/5796
f 5797/5797 5798/5798 5799/5799 5800/5800
f 5801/5801 5802/5802 5803/5803 5804/5804
f 5805/5805 5806/5806 5807/5807 5808/5808
f 5809/5809 5810/5810 5811/5811 5812/5812
f 5813/5813 5814/5814 5815/5815 5816/5816
f 5817/5817 5818/5818 5819/5819 5820/5820
f 5821/5821 5822/5822 5823/5823 5824/5824
f 5825/5825 5826/5826 5827/5827 5828/5828
f 5829/5829 5830/5830 5831/5831 5832/5832
f 5833/5833 5834/5834 5835/5835 5836/5836
f 5837/5837 5838/5838 5839/5839 5840/5840
f 5841/5841 5842/5842 5843/5843 5844/5844
f 5845/5845 5846/5846 5847/5847 5848/5848
f 5849/5849 5850/5850 5851/5851 5852/5852
f 5853/5853 5854/5854 5855/5855 5856/5856
f 5857/5857 5858/5858 5859/5859 5860/5860
f 5861/5861 5862/5862 5863/5863 5864/5864
f 5865/5865 5866/5866 5867/5867 5868/5868
f 5869/5869 5870/5870 5871/5871 5872/5872
f 5873/5873 5874/5874 5875/5875 5876/5876
f 5877/5877 5878/5878 5879/5879 5880/5880
f 5881/5881 5882/5882 5883/5883 5884/5884
f 5885/5885 5886/5886 5887/5887 5888/5888
f 5889/5889 5890/5890 5891/5891 5892/5892
f 5893/5893 5894/5894 5895/5895 5896/5896
f 5897/5897 5898/5898 5899/5899 5900/5900
f 5901/5901 5902/5902 5903/5903 5904/5904
f 5905/5905 5906/5906 5907/5907 5908/5908
f 5909/5909 5910/5910 5911/5911 5912/5912
f 5913/5913 5914/5914 5915/5915 5916/5916
f 5917/5917 5918/5918 5919/5919 5920/5920
f 5921/5921 5922/5922 5923/5923 5924/5924
f 5925/5925 5926/5926 5927/5927 5928/5928
f 5929/5929 5930/5930 5931/5931 5932/5932
f 5933/5933 5934/5934 5935/5935 5936/5936
f 5937/5937 5938/5938 5939/5939 5940/5940
f 5941/5941 5942/5942 5943/5943 5944/5944
f 5945/5945 5946/5946 5947/5947 5948/5948
f 5949/5949 5950/5950 5951/5951 5952/5952
f 5953/5953 5954/5954 5955/5955 5956/5956
f 5957/5957 5958/5958 5959/5959 5960/5960
f 5961/5961 5962/5962 5963/5963 5964/5964
f 5965/5965 5966/5966 5967/5967 5968/5968
f 5969/5969 5970/5970 5971/5971 5972/5972
f 5973/5973 5974/5974 5975/5975 5976/5976
f 5977/5977 5978/5978 5979/5979 5980/5980
f 5981/5981 5982/5982 5983/5983 5984/5984
f 5985/5985 5986/5986 5987/5987 5988/5988
f 5989/5989 5990/5990 5991/5991 5992/5992
f 5993/5993 5994/5994 5995/5995 5996/5996
f 5997/5997 5998/5998 5999/5999 6000/6000
f 6001/6001 6002/6002 6003/6003 6004/6004
f 6005/6005 6006/6006 6007/6007 6008/6008
f 6009/6009 6010/6010 6011/6011 6012/6012
f 6013/6013 6014/6014 6015/6015 6016/6016
f 6017/6017 6018/6018 6019/6019 6020/6020
f 6021/6021 6022/6022 6023/6023 6024/6024
f 6025/6025 6026/6026 6027/6027 6028/6028
f 6029/6029 6030/6030 6031/6031 6032/6032
f 6033/6033 6034/6034 6035/6035 6036/6036
f 6037/6037 6038/6038 6039/6039 6040/6040
f 6041/6041 6042/6042 6043/6043 6044/6044
f 6045/6045 6046/6046 6047/6047 6048/6048
f 6049/6049 6050/6050 6051/6051 6052/6052
f 6053/6053 6054/6054 6055/6055 6056/6056
f 6057/6057 6058/6058 6059/6059 6060/6060
f 6061/6061 6062/6062 6063/6063 6064/6064
f 6065/6065 6066/6066 6067/6067 6068/6068
f 6069/6069 6070/6070 6071/6071 6072/6072
f 6073/6073 6074/6074 6075/6075 6076/6076
f 6077/6077 6078/6078 6079/6079 6080/6080
f 6081/6081 6082/6082 6083/6083 6084/6084
f 6085/6085 6086/6086 6087/6087 6088/6088
f 6089/6089 6090/6090 6091/6091 6092/6092
f 6093/6093 6094/6094 6095/6095 6096/6096
f 6097/6097 6098/6098 6099/6099 6100/6100
f 6101/6101 6102/6102 6103/6103 6104/6104
f 6105/6105 6106/6106 6107/6107 6108/6108
f 6109/6109 6110/6110 6111/6111 6112/6112
f 6113/6113 6114/6114 6115/6115 6116/6116
f 6117/6117 6118/6118 6119/6119 6120/6120
f 6121/6121 6122/6122 6123/6123 6124/6124
f 6125/6125 6126/6126 6127/6127 6128/6128
f 6129/6129 6130/6130 6131/6131 6132/6132
f 6133/6133 6134/6134 6135/6135 6136/6136
f 6137/6137 6138/6138 6139/6139 6140/6140
f 6141/6141 6142/6142 6143/6143 6144/6144
f 6145/6145 6146/6146 6147/6147 6148/6148
f 6149/6149 6150/6150 6151/6151 6152/6152
f 6153/6153 6154/6154 6155/6155 6156/6156
f 6157/6157 6158/6158 6159/6159 6160/6160
f 6161/6161 6162/6162 6163/6163 6164/6164
f 6165/6165 6166/6166 6167/6167 6168/6168
f 6169/6169 6170/6170 6171/6171 6172/6172
f 6173/6173 6174/6174 6175/6175 6176/6176
f 6177/6177 6178/6178 6179/6179 6180/6180
f 6181/6181 6182/6182 6183/6183 6184/6184
f 6185/6185 6186/6186 6187/6187 6188/6188
f 6189/6189 6190/6190 6191/6191 6192/6192
f 6193/6193 6194/6194 6195/6195 6196/6196
f 6197/6197 6198/6198 6199/6199 6200/6200
f 6201/6201 6202/6202 6203/6203 6204/6204
f 6205/6205 6206/6206 6207/6207 6208/6208
f 6209/6209 6210/6210 6211/6211 6212/6212
f 6213/6213 6214/6214 6215/6215 6216/6216
f 6217/6217 6218/6218 6219/6219 6220/6220
f 6221/6221 6222/6222 6223/6223 6224/6224
f 6225/6225 6226/6226 6227/6227 6228/6228
f 6229/6229 6230/6230 6231/6231 6232/6232
f 6233/6233 6234/6234 6235/6235 6236/6236
f 6237/6237 6238/6238 6239/6239 6240/6240
f 6241/6241 6242/6242 6243/6243 6244/6244
f 6245/6245 6246/6246 6247/6247 6248/6248
f 6249/6249 6250/6250 6251/6251 6252/6252
f 6253/6253 6254/6254 6255/6255 6256/6256
f 6257/6257 6258/6258 6259/6259 6260/6260
f 6261/6261 6262/6262 6263/6263 6264/6264
f 6265/6265 6266/6266 6267/6267 6268/6268
f 6269/6269 6270/6270 6271/6271 6272/6272
f 6273/6273 6274/6274 6275/6275 6276/6276
f 6277/6277 6278/6278 6279/6279 6280/6280
f 6281/6281 6282/6282 6283/6283 6284/6284
f 6285/6285 6286/6286 6287/6287 6288/6288
f 6289/6289 6290/6290 6291/6291 6292/6292
f 6293/6293 6294/6294 6295/6295 6296/6296
f 6297/6297 6298/6298 6299/6299 6300/6300
f 6301/6301 6302/6302 6303/6303 6304/6304
f 6305/6305 6306/6306 6307/6307 6308/6308
f 6309/6309 6310/6310 6311/6311 6312/6312
f 6313/6313 6314/6314 6315/6315 6316/6316
f 6317/6317 6318/6318 6319/6319 6320/6320
f 6321/6321 6322/6322 6323/6323 6324/6324
f 6325/6325 6326/6326 6327/6327 6328/6328
f 6329/6329 6330/6330 6331/6331 6332/6332
f 6333/6333 6334/6334 6335/6335 6336/6336
f 6337/6337 6338/6338 6339/6339 6340/6340
f 6341/6341 6342/6342 6343/6343 6344/6344
f 6345/6345 6346/6346 6347/6347 6348/6348
f 6349/6349 6350/6350 6351/6351 6352/6352
f 6353/6353 6354/6354 6355/6355 6356/6356
f 6357/6357 6358/6358 6359/6359 6360/6360
f 6361/6361 6362/6362 6363/6363 6364/6364
f 6365/6365 6366/6366 6367/6367 6368/6368
f 6369/6369 6370/6370 6371/6371 6372/6372
f 6373/6373 6374/6374 6375/6375 6376/6376
f 6377/6377 6378/6378 6379/6379 6380/6380
f 6381/6381 6382/6382 6383/6383 6384/6384
f 6385/6385 6386/6386 6387/6387 6388/6388
f 6389/6389 6390/6390 6391/6391 6392/6392
f 6393/6393 6394/6394 6395/6395 6396/6396
f 6397/6397 6398/6398 6399/6399 6400/6400
f 6401/6401 6402/6402 6403/6403 6404/6404
f 6405/6405 6406/6406 6407/6407 6408/6408
f 6409/6409 6410/6410 6411/6411 6412/6412
f 6413/6413 6414/6414 6415/6415 6416/6416
f 6417/6417 6418/6418 6419/6419 6420/6420
f 6421/6421 6422/6422 6423/6423 6424/6424
f 6425/6425 6426/6426 6427/6427 6428/6428
f 6429/6429 6430/6430 6431/6431 6432/6432
f 6433/6433 6434/6434 6435/6435 6436/6436
f 6437/6437 6438/6438 6439/6439 6440/6440
f 6441/6441 6442/6442 6443/6443 6444/6444
f 6445/6445 6446/6446 6447/6447 6448/6448
f 6449/6449 6450/6450 6451/6451 6452/6452
f 6453/6453 6454/6454 6455/6455 6456/6456
f 6457/6457 6458/6458 6459/6459 6460/6460
f 6461/6461 6462/6462 6463/6463 6464/6464
f 6465/6465 6466/6466 6467/6467 6468/6468
f 6469/6469 6470/6470 6471/6471 6472/6472
f 6473/6473 6474/6474 6475/6475 6476/6476
f 6477/6477 6478/6478 6479/6479 6480/6480
f 6481/6481 6482/6482 6483/6483 6484/6484
f 6485/6485 6486/6486 6487/6487 6488/6488
f 6489/6489 6490/6490 6491/6491 6492/6492
f 6493/6493 6494/6494 6495/6495 6496/6496
f 6497/6497 6498/6498 6499/6499 6500/6500
f 6501/6501 6502/6502 6503/6503 6504/6504
f 6505/6505 6506/6506 6507/6507 6508/6508
f 6509/6509 6510/6510 6511/6511 6512/6512
f 6513/6513 6514/6514 6515/6515 6516/6516
f 6517/6517 6518/6518 6519/6519 6520/6520
f 6521/6521 6522/6522 6523/6523 6524/6524
f 6525/6525 6526/6526 6527/6527 6528/6528
f 6529/6529 6530/6530 6531/6531 6532/6532
f 6533/6533 6534/6534 6535/6535 6536/6536
f 6537/6537 6538/6538 6539/6539 6540/6540
f 6541/6541 6542/6542 6543/6543 6544/6544
f 6545/6545 6546/6546 6547/6547 6548/6548
f 6549/6549 6550/6550 6551/6551 6552/6552
f 6553/6553 6554/6554 6555/6555 6556/6556
f 6557/6557 6558/6558 6559/6559 6560/6560
f 6561/6561 6562/6562 6563/6563 6564/6564
f 6565/6565 6566/6566 6567/6567 6568/6568
f 6569/6569 6570/6570 6571/6571 6572/6572
f 6573/6573 6574/6574 6575/6575 6576/6576
f 6577/6577 6578/6578 6579/6579 6580/6580
f 6581/6581 6582/6582 6583/6583 6584/6584
f 6585/6585 6586/6586 6587/6587 6588/6588
f 6589/6589 6590/6590 6591/6591 6592/6592
f 6593/6593 6594/6594 6595/6595 6596/6596
f 6597/6597 6598/6598 6599/6599 6600/6600
f 6601/6601 6602/6602 6603/6603 6604/6604
f 6605/6605 6606/6606 6607/6607 6608/6608
f 6609/6609 6610/6610 6611/6611 6612/6612
f 6613/6613 6614/6614 6615/6615 6616/6616
f 6617/6617 6618/6618 6619/6619 6620/6620
f 6621/6621 6622/6622 6623/6623 6624/6624
f 6625/6625 6626/6626 6627/6627 6628/6628
f 6629/6629 6630/6630 6631/6631 6632/6632
f 6633/6633 6634/6634 6635/6635 6636/6636
f 6637/6637 6638/6638 6639/6639 6640/6640
f 6641/6641 6642/6642 6643/6643 6644/6644
f 6645/6645 6646/6646 6647/6647 6648/6648
f 6649/6649 6650/6650 6651/6651 6652/6652
f 6653/6653 6654/6654 6655/6655 6656/6656
f 6657/6657 6658/6658 6659/6659 6660/6660
f 6661/6661 6662/6662 6663/6663 6664/6664
f 6665/6665 6666/6666 6667/6667 6668/6668
f 6669/6669 6670/6670 6671/6671 6672/6672
f 6673/6673 6674/6674 6675/6675 6676/6676
f 6677/6677 6678/6678 6679/6679 6680/6680
f 6681/6681 6682/6682 6683/6683 6684/6684
f 6685/6685 6686/6686 6687/6687 6688/6688
f 6689/6689 6690/6690 6691/6691 6692/6692
f 6693/6693 6694/6694 6695/6695 6696/6696
f 6697/6697 6698/6698 6699/6699 6700/6700
f 6701/6701 6702/6702 6703/6703 6704/6704
f 6705/6705 6706/6706 6707/6707 6708/6708
f 6709/6709 6710/6710 6711/6711 6712/6712
f 6713/6713 6714/6714 6715/6715 6716/6716
f 6717/6717 6718/6718 6719/6719 6720/6720
f 6721/6721 6722/6722 6723/6723 6724/6724
f 6725/6725 6726/6726 6727/6727 6728/6728
f 6729/6729 6730/6730 6731/6731 6732/6732
f 6733/6733 6734/6734 6735/6735 6736/6736
f 6737/6737 6738/6738 6739/6739 6740/6740
f 6741/6741 6742/6742 6743/6743 6744/6744
f 6745/6745 6746/6746 6747/6747 6748/6748
f 6749/6749 6750/6750 6751/6751 6752/6752
f 6753/6753 6754/6754 6755/6755 6756/6756
f 6757/6757 6758/6758 6759/6759 6760/6760
f 6761/6761 6762/6762 6763/6763 6764/6764
f 6765/6765 6766/6766 6767/6767 6768/6768
f 6769/6769 6770/6770 6771/6771 6772/6772
f 6773/6773 6774/6774 6775/6775 6776/6776
f 6777/6777 6778/6778 6779/6779 6780/6780
f 6781/6781 6782/6782 6783/6783 6784/6784
f 6785/6785 6786/6786 6787/6787 6788/6788
f 6789/6789 6790/6790 6791/6791 6792/6792
f 6793/6793 6794/6794 6795/6795 6796/6796
f 6797/6797 6798/6798 6799/6799 6800/6800
f 6801/6801 6802/6802 6803/6803 6804/6804
f 6805/6805 6806/6806 6807/6807 6808/6808
f 6809/6809 6810/6810 6811/6811 6812/6812
f 6813/6813 6814/6814 6815/6815 6816/6816
f 6817/6817 6818/6818 6819/6819 6820/6820
f 6821/6821 6822/6822 6823/6823 6824/6824
f 6825/6825 6826/6826 6827/6827 6828/6828
f 6829/6829 6830/6830 6831/6831 6832/6832
f 6833/6833 6834/6834 6835/6835 6836/6836
f 6837/6837 6838/6838 6839/6839 6840/6840
f 6841/6841 6842/6842 6843/6843 6844/6844
f 6845/6845 6846/6846 6847/6847 6848/6848
f 6849/6849 6850/6850 6851/6851 6852/6852
f 6853/6853 6854/6854 6855/6855 6856/6856
f 6857/6857 6858/6858 6859/6859 6860/6860
f 6861/6861 6862/6862 6863/6863 6864/6864
f 6865/6865 6866/6866 6867/6867 6868/6868
f 6869/6869 6870/6870 6871/6871 6872/6872
f 6873/6873 6874/6874 6875/6875 6876/6876
f 6877/6877 6878/6878 6879/6879 6880/6880
f 6881/6881 6882/6882 6883/6883 6884/6884
f 6885/6885 6886/6886 6887/6887 6888/6888
f 6889/6889 6890/6890 6891/6891 6892/6892
f 6893/6893 6894/6894 6895/6895 6896/6896
f 6897/6897 6898/6898 6899/6899 6900/6900
f 6901/6901 6902/6902 6903/6903 6904/6904
f 6905/6905 6906/6906 6907/6907 6908/6908
f 6909/6909 6910/6910 6911/6911 6912/6912
f 6913/6913 6914/6914 6915/6915 6916/6916
f 6917/6917 6918/6918 6919/6919 6920/6920
f 6921/6921 6922/6922 6923/6923 6924/6924
f 6925/6925 6926/6926 6927/6927 6928/6928
f 6929/6929 6930/6930 6931/6931 6932/6932
f 6933/6933 6934/6934 6935/6935 6936/6936
f 6937/6937 6938/6938 6939/6939 6940/6940
f 6941/6941 6942/6942 6943/6943 6944/6944
f 6945/6945 6946/6946 6947/6947 6948/6948
f 6949/6949 6950/6950 6951/6951 6952/6952
f 6953/6953 6954/6954 6955/6955 6956/6956
f 6957/6957 6958/6958 6959/6959 6960/6960
f 6961/6961 6962/6962 6963/6963 6964/6964
f 6965/6965 6966/6966 6967/6967 6968/6968
f 6969/6969 6970/6970 6971/6971 6972/6972
f 6973/6973 6974/6974 6975/6975 6976/6976
f 6977/6977 6978/6978 6979/6979 6980/6980
f 6981/6981 6982/6982 6983/6983 6984/6984
f 6985/6985 6986/6986 6987/6987 6988/6988
f 6989/6989 6990/6990 6991/6991 6992/6992
f 6993/6993 6994/6994 6995/6995 6996/6996
f 6997/6997 6998/6998 6999/6999 7000/7000
f 7001/7001 7002/7002 7003/7003 7004/7004
f 7005/7005 7006/7006 7007/7007 7008/7008
f 7009/7009 7010/7010 7011/7011 7012/7012
f 7013/7013 7014/7014 7015/7015 7016/7016
f 7017/7017 7018/7018 7019/7019 7020/7020
f 7021/7021 7022/7022 7023/7023 7024/7024
f 7025/7025 7026/7026 7027/7027 7028/7028
f 7029/7029 7030/7030 7031/7031 7032/7032
f 7033/7033 7034/7034 7035/7035 7036/7036
f 7037/7037 7038/7038 7039/7039 7040/7040
f 7041/7041 7042/7042 7043/7043 7044/7044
f 7045/7045 7046/7046 7047/7047 7048/7048
f 7049/7049 7050/7050 7051/7051 7052/7052
f 7053/7053 7054/7054 7055/7055 7056/7056
f 7057/7057 7058/7058 7059/7059 7060/7060
f 7061/7061 7062/7062 7063/7063 7064/7064
f 7065/7065 7066/7066 7067/7067 7068/7068
f 7069/7069 7070/7070 7071/7071 7072/7072
f 7073/7073 7074/7074 7075/7075 7076/7076
f 7077/7077 7078/7078 7079/7079 7080/7080
f 7081/7081 7082/7082 7083/7083 7084/7084
f 7085/7085 7086/7086 7087/7087 7088/7088
f 7089/7089 7090/7090 7091/7091 7092/7092
f 7093/7093 7094/7094 7095/7095 7096/7096
f 7097/7097 7098/7098 7099/7099 7100/7100
f 7101/7101 7102/7102 7103/7103 7104/7104
f 7105/7105 7106/7106 7107/7107 7108/7108
f 7109/7109 7110/7110 7111/7111 7112/7112
f 7113/7113 7114/7114 7115/7115 7116/7116
f 7117/7117 7118/7118 7119/7119 7120/7120
f 7121/7121 7122/7122 7123/7123 7124/7124
f 7125/7125 7126/7126 7127/7127 7128/7128
f 7129/7129 7130/7130 7131/7131 7132/7132
f 7133/7133 7134/7134 7135/7135 7136/7136
f 7137/7137 7138/7138 7139/7139 7140/7140
f 7141/7141 7142/7142 7143/7143 7144/7144
f 7145/7145 7146/7146 7147/7147 7148/7148
f 7149/7149 7150/7150 7151/7151 7152/7152
f 7153/7153 7154/7154 7155/7155 7156/7156
f 7157/7157 7158/7158 7159/7159 7160/7160
f 7161/7161 7162/7162 7163/7163 7164/7164
f 7165/7165 7166/7166 7167/7167 7168/7168
f 7169/7169 7170/7170 7171/7171 7172/7172
f 7173/7173 7174/7174 7175/7175 7176/7176
f 7177/7177 7178/7178 7179/7179 7180/7180
f 7181/7181 7182/7182 7183/7183 7184/7184
f 7185/7185 7186/7186 7187/7187 7188/7188
f 7189/7189 7190/7190 7191/7191 7192/7192
f 7193/7193 7194/7194 7195/7195 7196/7196
f 7197/7197 7198/7198 7199/7199 7200/7200
